season_end_year,season,team_abbr,team_id,team_name,gp,target_wins,target_losses,min,off_rating,def_rating,net_rating,ast_pct,ast_to,ast_ratio,oreb_pct,dreb_pct,reb_pct,tm_tov_pct,efg_pct,ts_pct,pace,pace_per40,poss,target_playoff_flag,prior_season_end_year,prior_wins,prior_off_rating,prior_def_rating,prior_net_rating,prior_pace,prior_roster_player_count,prior_roster_minutes,prior_player_points,prior_player_plus_minus,prior_avg_age,prior_avg_ts_pct,prior_avg_usg_pct,prior_avg_player_net_rating,prior_avg_player_off_rating,prior_avg_player_def_rating,prior_top3_minutes,prior_top3_points,prior_top3_plus_minus,prior_top3_net_rating,prior_games_observed,prior_game_net_rating_mean,prior_game_off_rating_mean,prior_game_def_rating_mean,prior_game_pace_mean,prior_last20_net_rating,prior_last20_win_rate,current_roster_player_count,current_roster_minutes,current_player_points,current_player_plus_minus,current_avg_age,current_avg_ts_pct,current_avg_usg_pct,current_avg_player_net_rating,current_avg_player_off_rating,current_avg_player_def_rating,current_top3_minutes,current_top3_points,current_top3_plus_minus,current_top3_net_rating,current_games_observed,current_game_net_rating_mean,current_game_off_rating_mean,current_game_def_rating_mean,current_game_pace_mean,current_last20_net_rating,current_last20_win_rate,prior_roster_transition_player_count,prior_roster_returning_player_count,prior_roster_incoming_player_count,prior_roster_new_player_count,prior_roster_player_match_rate,prior_roster_continuity_minutes_share,prior_roster_incoming_minutes_share,prior_roster_minutes_covered,roster_feature_source,prior_roster_expected_net_rating,prior_roster_expected_off_rating,prior_roster_expected_def_rating,prior_roster_top8_expected_net_rating,prior_roster_top8_expected_off_rating,prior_roster_top8_expected_def_rating,prior_roster_top8_projection_wins,prior_net_rating_proxy_wins
2010,2009-10,ATL,1610612737,Atlanta Hawks,82,53,29,3971.0,111.0,106.0,4.9,0.562,1.83,17.1,0.32,0.685,0.502,0.13,0.506,0.545,90.77,75.64,7515,,2009,,,,,,,,,,,,,,,,,,,,,,,,,,,,,,,,,,,,,,,,,82.0,4.695121951219512,110.84756097560975,106.15243902439025,90.79926829268292,5.1049999999999995,0.65,,,,,,,,,,,,,,,,,
2010,2009-10,BOS,1610612738,Boston Celtics,82,50,32,3956.0,106.9,103.2,3.7,0.635,1.58,18.5,0.274,0.697,0.493,0.16,0.522,0.564,92.22,76.85,7609,,2009,,,,,,,,,,,,,,,,,,,,,,,,,,,,,,,,,,,,,,,,,82.0,3.7146341463414636,106.95365853658538,103.22804878048781,92.22317073170731,0.6149999999999999,0.5,,,,,,,,,,,,,,,,,
2010,2009-10,BRK,1610612751,New Jersey Nets,82,12,70,3956.0,99.3,108.9,-9.6,0.547,1.3,15.1,0.285,0.686,0.478,0.155,0.458,0.509,92.65,77.2,7628,,2009,,,,,,,,,,,,,,,,,,,,,,,,,,,,,,,,,,,,,,,,,,,,,,,,,,,,,,,,,,,,,,,,
2010,2009-10,CHI,1610612741,Chicago Bulls,82,41,41,3981.0,102.6,104.2,-1.6,0.553,1.45,16.0,0.303,0.709,0.509,0.151,0.477,0.52,94.02,78.35,7794,,2009,,,,,,,,,,,,,,,,,,,,,,,,,,,,,,,,,,,,,,,,,82.0,-1.6463414634146338,102.58902439024389,104.24268292682926,94.0398780487805,-1.6350000000000002,0.5,,,,,,,,,,,,,,,,,
2010,2009-10,CHO,1610612766,Charlotte Bobcats,82,44,38,3976.0,103.9,102.0,1.9,0.58,1.29,16.1,0.315,0.698,0.51,0.172,0.49,0.538,90.91,75.75,7519,,2009,,,,,,,,,,,,,,,,,,,,,,,,,,,,,,,,,,,,,,,,,82.0,1.7000000000000002,103.88780487804877,102.18414634146342,90.93451219512195,3.7049999999999996,0.65,,,,,,,,,,,,,,,,,
2010,2009-10,CLE,1610612739,Cleveland Cavaliers,82,61,21,3956.0,110.6,103.8,6.8,0.592,1.61,17.7,0.293,0.725,0.519,0.15,0.532,0.57,91.77,76.48,7573,,2009,,,,,,,,,,,,,,,,,,,,,,,,,,,,,,,,,,,,,,,,,82.0,6.842682926829268,110.64268292682928,103.80609756097562,91.78390243902439,3.8600000000000003,0.65,,,,,,,,,,,,,,,,,
2010,2009-10,DAL,1610612742,Dallas Mavericks,82,55,27,3976.0,107.8,105.0,2.8,0.611,1.81,18.0,0.279,0.697,0.493,0.137,0.506,0.552,93.6,78.0,7757,,2009,,,,,,,,,,,,,,,,,,,,,,,,,,,,,,,,,,,,,,,,,82.0,2.6756097560975607,107.80853658536584,105.13048780487806,93.63439024390244,3.925,0.7,,,,,,,,,,,,,,,,,
2010,2009-10,DEN,1610612743,Denver Nuggets,82,53,29,3956.0,110.8,106.5,4.4,0.55,1.51,16.1,0.304,0.687,0.498,0.144,0.509,0.561,95.61,79.68,7876,,2009,,,,,,,,,,,,,,,,,,,,,,,,,,,,,,,,,,,,,,,,,82.0,4.159756097560976,110.73780487804878,106.57560975609756,95.62231707317073,1.6649999999999998,0.6,,,,,,,,,,,,,,,,,
2010,2009-10,DET,1610612765,Detroit Pistons,82,27,55,3956.0,104.5,110.3,-5.9,0.541,1.45,15.5,0.346,0.697,0.51,0.149,0.474,0.515,89.46,74.55,7379,,2009,,,,,,,,,,,,,,,,,,,,,,,,,,,,,,,,,,,,,,,,,82.0,-5.882926829268293,104.52073170731708,110.41341463414633,89.46243902439025,-6.765000000000001,0.3,,,,,,,,,,,,,,,,,
2010,2009-10,GSW,1610612744,Golden State Warriors,82,26,56,3946.0,107.0,110.3,-3.3,0.552,1.53,16.5,0.254,0.659,0.453,0.144,0.514,0.557,101.52,84.6,8338,,2009,,,,,,,,,,,,,,,,,,,,,,,,,,,,,,,,,,,,,,,,,82.0,-3.3731707317073174,107.04268292682927,110.41829268292682,101.5298780487805,-2.31,0.45,,,,,,,,,,,,,,,,,
2010,2009-10,HOU,1610612745,Houston Rockets,82,42,40,3981.0,106.8,106.8,0.0,0.579,1.51,16.5,0.309,0.699,0.498,0.151,0.494,0.537,94.91,79.1,7857,,2009,,,,,,,,,,,,,,,,,,,,,,,,,,,,,,,,,,,,,,,,,82.0,-0.00487804878048795,106.85487804878049,106.8609756097561,94.94792682926828,-1.0000000000000004,0.55,,,,,,,,,,,,,,,,,
2010,2009-10,IND,1610612754,Indiana Pacers,82,32,50,3941.0,103.0,106.0,-3.0,0.573,1.4,16.1,0.255,0.69,0.473,0.154,0.491,0.536,97.77,81.48,8024,,2009,,,,,,,,,,,,,,,,,,,,,,,,,,,,,,,,,,,,,,,,,82.0,-2.923170731707317,102.98536585365852,105.9060975609756,97.78536585365853,3.6450000000000005,0.6,,,,,,,,,,,,,,,,,
2010,2009-10,LAC,1610612746,Los Angeles Clippers,82,29,53,3941.0,102.3,109.1,-6.8,0.603,1.41,17.1,0.305,0.697,0.5,0.168,0.491,0.529,93.44,77.86,7670,,2009,,,,,,,,,,,,,,,,,,,,,,,,,,,,,,,,,,,,,,,,,82.0,-6.829268292682927,102.39390243902439,109.22317073170731,93.44268292682926,-12.03,0.2,,,,,,,,,,,,,,,,,
2010,2009-10,LAL,1610612747,Los Angeles Lakers,82,57,25,3966.0,107.6,102.7,4.9,0.55,1.58,16.2,0.314,0.708,0.512,0.141,0.496,0.538,93.73,78.11,7749,,2009,,,,,,,,,,,,,,,,,,,,,,,,,,,,,,,,,,,,,,,,,82.0,4.728048780487804,107.61463414634146,102.88170731707316,93.755,-1.56,0.55,,,,,,,,,,,,,,,,,
2010,2009-10,MEM,1610612763,Memphis Grizzlies,82,40,42,3981.0,107.5,109.0,-1.5,0.479,1.24,14.4,0.355,0.698,0.523,0.16,0.494,0.536,94.29,78.58,7816,,2009,,,,,,,,,,,,,,,,,,,,,,,,,,,,,,,,,,,,,,,,,82.0,-1.4792682926829268,107.55365853658536,109.02560975609757,94.32121951219513,-4.005000000000001,0.4,,,,,,,,,,,,,,,,,
2010,2009-10,MIA,1610612748,Miami Heat,82,47,35,3976.0,105.7,103.4,2.4,0.519,1.43,15.4,0.294,0.701,0.5,0.144,0.496,0.537,90.3,75.25,7485,,2009,,,,,,,,,,,,,,,,,,,,,,,,,,,,,,,,,,,,,,,,,82.0,2.3560975609756096,105.79878048780488,103.44024390243902,90.33402439024391,7.255,0.8,,,,,,,,,,,,,,,,,
2010,2009-10,MIL,1610612749,Milwaukee Bucks,82,46,36,3996.0,104.0,101.9,2.1,0.57,1.6,16.4,0.298,0.726,0.501,0.141,0.482,0.518,92.6,77.17,7698,,2009,,,,,,,,,,,,,,,,,,,,,,,,,,,,,,,,,,,,,,,,,82.0,2.196341463414634,104.14146341463415,101.94146341463416,92.62268292682927,2.63,0.65,,,,,,,,,,,,,,,,,
2010,2009-10,MIN,1610612750,Minnesota Timberwolves,82,15,67,3956.0,100.6,110.4,-9.8,0.524,1.22,15.0,0.308,0.705,0.501,0.167,0.478,0.518,97.12,80.94,8002,,2009,,,,,,,,,,,,,,,,,,,,,,,,,,,,,,,,,,,,,,,,,82.0,-9.72439024390244,100.60853658536585,110.32317073170732,97.1459756097561,-12.825,0.05,,,,,,,,,,,,,,,,,
2010,2009-10,NOP,1610612740,New Orleans Hornets,82,37,45,3966.0,106.5,108.9,-2.4,0.575,1.66,17.3,0.282,0.696,0.486,0.143,0.506,0.543,93.53,77.94,7721,,2009,,,,,,,,,,,,,,,,,,,,,,,,,,,,,,,,,,,,,,,,,,,,,,,,,,,,,,,,,,,,,,,,
2010,2009-10,NYK,1610612752,New York Knicks,82,29,53,3976.0,106.4,110.3,-4.0,0.567,1.54,16.6,0.268,0.691,0.476,0.146,0.509,0.547,95.03,79.2,7872,,2009,,,,,,,,,,,,,,,,,,,,,,,,,,,,,,,,,,,,,,,,,82.0,-3.924390243902439,106.41829268292682,110.35000000000001,95.03682926829269,-4.53,0.4,,,,,,,,,,,,,,,,,
2010,2009-10,OKC,1610612760,Oklahoma City Thunder,82,50,32,3961.0,107.0,103.5,3.5,0.535,1.34,15.5,0.32,0.694,0.511,0.158,0.494,0.547,94.13,78.44,7774,,2009,,,,,,,,,,,,,,,,,,,,,,,,,,,,,,,,,,,,,,,,,82.0,3.5146341463414634,107.02439024390245,103.51341463414634,94.12426829268293,3.97,0.6,,,,,,,,,,,,,,,,,
2010,2009-10,ORL,1610612753,Orlando Magic,82,59,23,3946.0,110.7,102.8,7.9,0.537,1.4,15.8,0.28,0.726,0.512,0.152,0.536,0.573,92.54,77.12,7614,,2009,,,,,,,,,,,,,,,,,,,,,,,,,,,,,,,,,,,,,,,,,82.0,7.873170731707317,110.70853658536586,102.82682926829267,92.5510975609756,12.41,0.85,,,,,,,,,,,,,,,,,
2010,2009-10,PHI,1610612755,Philadelphia 76ers,82,27,55,3961.0,104.8,108.9,-4.1,0.558,1.45,16.4,0.31,0.693,0.498,0.156,0.496,0.534,92.72,77.26,7648,,2009,,,,,,,,,,,,,,,,,,,,,,,,,,,,,,,,,,,,,,,,,82.0,-4.239024390243903,104.6951219512195,108.93170731707316,92.71817073170732,-6.084999999999999,0.2,,,,,,,,,,,,,,,,,
2010,2009-10,PHO,1610612756,Phoenix Suns,82,54,28,3946.0,113.9,109.1,4.8,0.573,1.58,17.5,0.311,0.673,0.503,0.152,0.546,0.585,96.43,80.36,7937,,2009,,,,,,,,,,,,,,,,,,,,,,,,,,,,,,,,,,,,,,,,,82.0,4.826829268292683,113.95243902439024,109.13048780487806,96.44219512195122,10.3,0.8,,,,,,,,,,,,,,,,,
2010,2009-10,POR,1610612757,Portland Trail Blazers,82,50,32,3971.0,109.6,106.1,3.5,0.563,1.65,16.6,0.32,0.702,0.51,0.138,0.499,0.547,88.64,73.87,7339,,2009,,,,,,,,,,,,,,,,,,,,,,,,,,,,,,,,,,,,,,,,,82.0,3.642682926829268,109.77317073170731,106.13536585365854,88.64158536585366,6.425,0.75,,,,,,,,,,,,,,,,,
2010,2009-10,SAC,1610612758,Sacramento Kings,82,25,57,3976.0,104.4,109.1,-4.7,0.534,1.37,15.7,0.315,0.7,0.504,0.156,0.491,0.528,94.78,78.98,7855,,2009,,,,,,,,,,,,,,,,,,,,,,,,,,,,,,,,,,,,,,,,,82.0,-4.824390243902439,104.39878048780488,109.22439024390243,94.80914634146342,-5.18,0.2,,,,,,,,,,,,,,,,,
2010,2009-10,SAS,1610612759,San Antonio Spurs,82,50,32,3956.0,109.3,103.9,5.4,0.581,1.64,17.4,0.303,0.72,0.515,0.147,0.515,0.552,92.26,76.88,7605,,2009,,,,,,,,,,,,,,,,,,,,,,,,,,,,,,,,,,,,,,,,,82.0,5.382926829268293,109.25365853658536,103.87317073170732,92.27402439024391,7.995,0.65,,,,,,,,,,,,,,,,,
2010,2009-10,TOR,1610612761,Toronto Raptors,82,40,42,3956.0,110.2,112.2,-2.0,0.564,1.64,17.1,0.288,0.692,0.495,0.142,0.521,0.564,93.94,78.29,7746,,2009,,,,,,,,,,,,,,,,,,,,,,,,,,,,,,,,,,,,,,,,,82.0,-1.773170731707317,110.32073170731707,112.10000000000001,93.96280487804877,-3.8900000000000006,0.4,,,,,,,,,,,,,,,,,
2010,2009-10,UTA,1610612762,Utah Jazz,82,53,29,3951.0,109.7,104.0,5.7,0.678,1.76,19.8,0.313,0.718,0.52,0.16,0.524,0.565,94.68,78.9,7791,,2009,,,,,,,,,,,,,,,,,,,,,,,,,,,,,,,,,,,,,,,,,82.0,5.725609756097561,109.74634146341464,104.0170731707317,94.69524390243903,6.654999999999999,0.65,,,,,,,,,,,,,,,,,
2010,2009-10,WAS,1610612764,Washington Wizards,82,26,56,3966.0,103.1,108.3,-5.3,0.518,1.28,15.0,0.317,0.691,0.501,0.159,0.481,0.524,92.6,77.17,7656,,2009,,,,,,,,,,,,,,,,,,,,,,,,,,,,,,,,,,,,,,,,,82.0,-5.35,103.03658536585365,108.38658536585366,92.60658536585366,-7.7,0.25,,,,,,,,,,,,,,,,,
2011,2010-11,ATL,1610612737,Atlanta Hawks,82,44,38,3946.0,105.1,105.8,-0.7,0.607,1.61,17.7,0.274,0.71,0.494,0.151,0.501,0.542,90.22,75.18,7410,,2010,53.0,111.0,106.0,4.9,90.77,,,,,,,,,,,,,,,82.0,4.695121951219512,110.84756097560975,106.15243902439025,90.79926829268292,5.1049999999999995,0.65,,,,,,,,,,,,,,,82.0,-0.7402439024390243,105.08292682926829,105.81951219512196,90.23024390243903,-6.5,0.35,,,,,,,,,,,,,,,,,54.230000000000004
2011,2010-11,BOS,1610612738,Boston Celtics,82,56,26,3956.0,105.5,99.8,5.7,0.635,1.61,18.8,0.257,0.709,0.497,0.159,0.519,0.561,90.92,75.77,7500,,2010,50.0,106.9,103.2,3.7,92.22,,,,,,,,,,,,,,,82.0,3.7146341463414636,106.95365853658538,103.22804878048781,92.22317073170731,0.6149999999999999,0.5,,,,,,,,,,,,,,,82.0,5.63780487804878,105.50121951219512,99.85853658536585,90.91365853658537,1.8399999999999999,0.5,,,,,,,,,,,,,,,,,50.99
2011,2010-11,BRK,1610612751,New Jersey Nets,82,24,58,4001.0,102.1,108.9,-6.8,0.59,1.5,16.6,0.304,0.7,0.497,0.152,0.474,0.517,90.7,75.59,7563,,2010,12.0,99.3,108.9,-9.6,92.65,,,,,,,,,,,,,,,,,,,,,,,,,,,,,,,,,,,,,,,,,,,,,,,,,,,,,,,,,,,15.079999999999998
2011,2010-11,CHI,1610612741,Chicago Bulls,82,62,20,3966.0,107.2,99.5,7.8,0.601,1.57,17.3,0.332,0.717,0.528,0.154,0.501,0.541,91.2,76.0,7542,,2010,41.0,102.6,104.2,-1.6,94.02,,,,,,,,,,,,,,,82.0,-1.6463414634146338,102.58902439024389,104.24268292682926,94.0398780487805,-1.6350000000000002,0.5,,,,,,,,,,,,,,,82.0,7.86829268292683,107.27317073170731,99.40365853658537,91.19,12.595,0.9,,,,,,,,,,,,,,,,,36.68
2011,2010-11,CHO,1610612766,Charlotte Bobcats,82,34,48,3961.0,102.8,107.0,-4.2,0.601,1.45,16.9,0.298,0.705,0.502,0.16,0.482,0.528,90.3,75.25,7444,,2010,44.0,103.9,102.0,1.9,90.91,,,,,,,,,,,,,,,82.0,1.7000000000000002,103.88780487804877,102.18414634146342,90.93451219512195,3.7049999999999996,0.65,,,,,,,,,,,,,,,82.0,-4.310975609756097,102.7780487804878,107.08658536585367,90.29439024390244,-6.0600000000000005,0.4,,,,,,,,,,,,,,,,,46.13
2011,2010-11,CLE,1610612739,Cleveland Cavaliers,82,19,63,3951.0,101.5,110.9,-9.5,0.596,1.48,16.4,0.283,0.699,0.485,0.151,0.472,0.518,93.76,78.14,7715,,2010,61.0,110.6,103.8,6.8,91.77,,,,,,,,,,,,,,,82.0,6.842682926829268,110.64268292682928,103.80609756097562,91.78390243902439,3.8600000000000003,0.65,,,,,,,,,,,,,,,82.0,-9.585365853658537,101.46829268292683,111.04512195121953,93.7560975609756,-5.865,0.35,,,,,,,,,,,,,,,,,59.36
2011,2010-11,DAL,1610612742,Dallas Mavericks,82,57,25,3941.0,108.4,104.1,4.4,0.637,1.71,18.7,0.278,0.713,0.504,0.151,0.525,0.565,92.24,76.86,7581,,2010,55.0,107.8,105.0,2.8,93.6,,,,,,,,,,,,,,,82.0,2.6756097560975607,107.80853658536584,105.13048780487806,93.63439024390244,3.925,0.7,,,,,,,,,,,,,,,82.0,4.18780487804878,108.4048780487805,104.22560975609755,92.2340243902439,4.945,0.6,,,,,,,,,,,,,,,,,48.56
2011,2010-11,DEN,1610612743,Denver Nuggets,82,50,32,3941.0,111.7,106.8,4.9,0.576,1.57,17.0,0.283,0.716,0.506,0.147,0.526,0.574,96.06,80.05,7888,,2010,53.0,110.8,106.5,4.4,95.61,,,,,,,,,,,,,,,82.0,4.159756097560976,110.73780487804878,106.57560975609756,95.62231707317073,1.6649999999999998,0.6,,,,,,,,,,,,,,,82.0,4.781707317073171,111.6548780487805,106.87682926829268,96.06268292682927,8.295,0.7,,,,,,,,,,,,,,,,,52.88
2011,2010-11,DET,1610612765,Detroit Pistons,82,30,52,3976.0,107.0,110.7,-3.7,0.566,1.62,16.8,0.317,0.681,0.491,0.144,0.495,0.533,89.79,74.83,7428,,2010,27.0,104.5,110.3,-5.9,89.46,,,,,,,,,,,,,,,82.0,-5.882926829268293,104.52073170731708,110.41341463414633,89.46243902439025,-6.765000000000001,0.3,,,,,,,,,,,,,,,82.0,-3.7634146341463417,106.9390243902439,110.70975609756098,89.80353658536586,-1.8599999999999999,0.4,,,,,,,,,,,,,,,,,25.07
2011,2010-11,GSW,1610612744,Golden State Warriors,82,36,46,3966.0,107.1,109.4,-2.3,0.568,1.54,17.0,0.3,0.659,0.476,0.151,0.51,0.544,95.85,79.88,7916,,2010,26.0,107.0,110.3,-3.3,101.52,,,,,,,,,,,,,,,82.0,-3.3731707317073174,107.04268292682927,110.41829268292682,101.5298780487805,-2.31,0.45,,,,,,,,,,,,,,,82.0,-2.2804878048780486,107.0439024390244,109.32926829268293,95.83768292682926,0.6799999999999998,0.45,,,,,,,,,,,,,,,,,32.09
2011,2010-11,HOU,1610612745,Houston Rockets,82,43,39,3976.0,110.2,107.9,2.3,0.617,1.76,17.8,0.315,0.69,0.501,0.141,0.503,0.55,95.14,79.28,7880,,2010,42.0,106.8,106.8,0.0,94.91,,,,,,,,,,,,,,,82.0,-0.00487804878048795,106.85487804878049,106.8609756097561,94.94792682926828,-1.0000000000000004,0.55,,,,,,,,,,,,,,,82.0,2.3365853658536584,110.20853658536586,107.88048780487806,95.15231707317074,6.275,0.6,,,,,,,,,,,,,,,,,41.0
2011,2010-11,IND,1610612754,Indiana Pacers,82,37,45,3956.0,104.1,105.0,-0.9,0.536,1.28,15.2,0.297,0.703,0.501,0.16,0.486,0.533,95.5,79.59,7864,,2010,32.0,103.0,106.0,-3.0,97.77,,,,,,,,,,,,,,,82.0,-2.923170731707317,102.98536585365852,105.9060975609756,97.78536585365853,3.6450000000000005,0.6,,,,,,,,,,,,,,,82.0,-0.9914634146341463,104.0609756097561,105.05975609756098,95.52121951219512,-1.5150000000000001,0.5,,,,,,,,,,,,,,,,,32.9
2011,2010-11,LAC,1610612746,Los Angeles Clippers,82,32,50,3971.0,104.8,108.0,-3.2,0.601,1.35,16.9,0.33,0.692,0.511,0.174,0.496,0.535,93.35,77.79,7718,,2010,29.0,102.3,109.1,-6.8,93.44,,,,,,,,,,,,,,,82.0,-6.829268292682927,102.39390243902439,109.22317073170731,93.44268292682926,-12.03,0.2,,,,,,,,,,,,,,,82.0,-3.3353658536585367,104.7670731707317,108.10609756097561,93.36646341463415,-2.0949999999999998,0.5,,,,,,,,,,,,,,,,,22.64
2011,2010-11,LAL,1610612747,Los Angeles Lakers,82,57,25,3966.0,109.6,103.3,6.3,0.576,1.68,17.0,0.325,0.692,0.513,0.141,0.502,0.545,91.78,76.48,7594,,2010,57.0,107.6,102.7,4.9,93.73,,,,,,,,,,,,,,,82.0,4.728048780487804,107.61463414634146,102.88170731707316,93.755,-1.56,0.55,,,,,,,,,,,,,,,82.0,6.197560975609756,109.5329268292683,103.33536585365853,91.78865853658537,6.015,0.7,,,,,,,,,,,,,,,,,54.230000000000004
2011,2010-11,MEM,1610612763,Memphis Grizzlies,82,46,36,3976.0,107.0,104.5,2.5,0.528,1.48,16.0,0.333,0.682,0.505,0.15,0.493,0.534,92.42,77.02,7656,,2010,40.0,107.5,109.0,-1.5,94.29,,,,,,,,,,,,,,,82.0,-1.4792682926829268,107.55365853658536,109.02560975609757,94.32121951219513,-4.005000000000001,0.4,,,,,,,,,,,,,,,82.0,2.489024390243902,107.07073170731707,104.57682926829267,92.4329268292683,3.505,0.6,,,,,,,,,,,,,,,,,36.95
2011,2010-11,MIA,1610612748,Miami Heat,82,58,24,3956.0,110.6,102.9,7.8,0.541,1.44,16.1,0.287,0.715,0.514,0.151,0.524,0.573,91.63,76.36,7564,,2010,47.0,105.7,103.4,2.4,90.3,,,,,,,,,,,,,,,82.0,2.3560975609756096,105.79878048780488,103.44024390243902,90.33402439024391,7.255,0.8,,,,,,,,,,,,,,,82.0,7.774390243902439,110.6219512195122,102.84878048780489,91.6379268292683,9.709999999999999,0.75,,,,,,,,,,,,,,,,,47.480000000000004
2011,2010-11,MIL,1610612749,Milwaukee Bucks,82,35,47,3966.0,100.8,101.5,-0.8,0.549,1.4,15.3,0.287,0.71,0.492,0.148,0.467,0.511,90.57,75.47,7477,,2010,46.0,104.0,101.9,2.1,92.6,,,,,,,,,,,,,,,82.0,2.196341463414634,104.14146341463415,101.94146341463416,92.62268292682927,2.63,0.65,,,,,,,,,,,,,,,82.0,-0.8524390243902438,100.7829268292683,101.63536585365854,90.56756097560975,0.8750000000000002,0.55,,,,,,,,,,,,,,,,,46.67
2011,2010-11,MIN,1610612750,Minnesota Timberwolves,82,17,65,3956.0,103.2,109.9,-6.7,0.534,1.18,15.0,0.336,0.698,0.512,0.174,0.483,0.526,97.49,81.24,8034,,2010,15.0,100.6,110.4,-9.8,97.12,,,,,,,,,,,,,,,82.0,-9.72439024390244,100.60853658536585,110.32317073170732,97.1459756097561,-12.825,0.05,,,,,,,,,,,,,,,82.0,-6.697560975609757,103.13414634146342,109.8280487804878,97.49987804878049,-9.095,0.1,,,,,,,,,,,,,,,,,14.539999999999996
2011,2010-11,NOP,1610612740,New Orleans Hornets,82,46,36,3966.0,105.4,104.4,1.0,0.574,1.58,16.8,0.289,0.721,0.503,0.145,0.493,0.537,89.4,74.5,7387,,2010,37.0,106.5,108.9,-2.4,93.53,,,,,,,,,,,,,,,,,,,,,,,,,,,,,,,,,,,,,,,,,,,,,,,,,,,,,,,,,,,34.519999999999996
2011,2010-11,NYK,1610612752,New York Knicks,82,42,40,3956.0,109.9,109.0,1.0,0.56,1.56,16.4,0.273,0.676,0.473,0.141,0.513,0.561,96.47,80.39,7945,,2010,29.0,106.4,110.3,-4.0,95.03,,,,,,,,,,,,,,,82.0,-3.924390243902439,106.41829268292682,110.35000000000001,95.03682926829269,-4.53,0.4,,,,,,,,,,,,,,,82.0,0.9707317073170731,109.97804878048781,109.00731707317074,96.48987804878048,-0.5450000000000002,0.45,,,,,,,,,,,,,,,,,30.2
2011,2010-11,OKC,1610612760,Oklahoma City Thunder,82,55,27,4001.0,109.9,105.9,3.9,0.545,1.45,15.8,0.306,0.697,0.507,0.148,0.501,0.561,93.84,78.2,7824,,2010,50.0,107.0,103.5,3.5,94.13,,,,,,,,,,,,,,,82.0,3.5146341463414634,107.02439024390245,103.51341463414634,94.12426829268293,3.97,0.6,,,,,,,,,,,,,,,82.0,3.9658536585365853,109.98536585365852,106.01341463414634,93.8579268292683,8.754999999999999,0.8,,,,,,,,,,,,,,,,,50.45
2011,2010-11,ORL,1610612753,Orlando Magic,82,52,30,3966.0,107.4,101.8,5.6,0.553,1.34,15.9,0.304,0.723,0.518,0.162,0.521,0.554,91.55,76.29,7575,,2010,59.0,110.7,102.8,7.9,92.54,,,,,,,,,,,,,,,82.0,7.873170731707317,110.70853658536586,102.82682926829267,92.5510975609756,12.41,0.85,,,,,,,,,,,,,,,82.0,5.508536585365854,107.36585365853658,101.85609756097561,91.56829268292684,3.3549999999999995,0.6,,,,,,,,,,,,,,,,,62.33
2011,2010-11,PHI,1610612755,Philadelphia 76ers,82,41,41,3986.0,105.3,103.8,1.5,0.596,1.75,17.6,0.278,0.714,0.497,0.138,0.494,0.535,92.78,77.32,7709,,2010,27.0,104.8,108.9,-4.1,92.72,,,,,,,,,,,,,,,82.0,-4.239024390243903,104.6951219512195,108.93170731707316,92.71817073170732,-6.084999999999999,0.2,,,,,,,,,,,,,,,82.0,1.4585365853658538,105.36829268292684,103.90731707317073,92.75451219512195,-0.005000000000000293,0.45,,,,,,,,,,,,,,,,,29.93
2011,2010-11,PHO,1610612756,Phoenix Suns,82,40,42,4001.0,108.6,109.4,-0.8,0.604,1.66,17.9,0.275,0.681,0.48,0.147,0.522,0.559,95.18,79.32,7930,,2010,54.0,113.9,109.1,4.8,96.43,,,,,,,,,,,,,,,82.0,4.826829268292683,113.95243902439024,109.13048780487806,96.44219512195122,10.3,0.8,,,,,,,,,,,,,,,82.0,-0.7914634146341464,108.56341463414635,109.34878048780489,95.2101219512195,-4.1899999999999995,0.35,,,,,,,,,,,,,,,,,53.96
2011,2010-11,POR,1610612757,Portland Trail Blazers,82,48,34,3961.0,107.3,105.7,1.6,0.588,1.62,16.9,0.331,0.682,0.499,0.145,0.486,0.533,89.13,74.27,7359,,2010,50.0,109.6,106.1,3.5,88.64,,,,,,,,,,,,,,,82.0,3.642682926829268,109.77317073170731,106.13536585365854,88.64158536585366,6.425,0.75,,,,,,,,,,,,,,,82.0,1.7182926829268292,107.4451219512195,105.72560975609755,89.13024390243903,4.53,0.65,,,,,,,,,,,,,,,,,50.45
2011,2010-11,SAC,1610612758,Sacramento Kings,82,24,58,3971.0,102.9,108.4,-5.5,0.534,1.27,15.4,0.334,0.702,0.512,0.167,0.48,0.519,95.76,79.8,7923,,2010,25.0,104.4,109.1,-4.7,94.78,,,,,,,,,,,,,,,82.0,-4.824390243902439,104.39878048780488,109.22439024390243,94.80914634146342,-5.18,0.2,,,,,,,,,,,,,,,82.0,-5.602439024390244,102.86707317073171,108.4670731707317,95.74207317073171,-3.874999999999999,0.45,,,,,,,,,,,,,,,,,28.31
2011,2010-11,SAS,1610612759,San Antonio Spurs,82,61,21,3956.0,110.5,104.4,6.1,0.583,1.67,17.5,0.276,0.711,0.5,0.143,0.527,0.567,93.34,77.78,7691,,2010,50.0,109.3,103.9,5.4,92.26,,,,,,,,,,,,,,,82.0,5.382926829268293,109.25365853658536,103.87317073170732,92.27402439024391,7.995,0.65,,,,,,,,,,,,,,,82.0,6.007317073170731,110.47317073170731,104.46585365853659,93.32719512195122,1.5050000000000001,0.5,,,,,,,,,,,,,,,,,55.58
2011,2010-11,TOR,1610612761,Toronto Raptors,82,22,60,3956.0,105.2,111.7,-6.5,0.571,1.49,16.8,0.314,0.685,0.495,0.156,0.491,0.533,93.78,78.15,7723,,2010,40.0,110.2,112.2,-2.0,93.94,,,,,,,,,,,,,,,82.0,-1.773170731707317,110.32073170731707,112.10000000000001,93.96280487804877,-3.8900000000000006,0.4,,,,,,,,,,,,,,,82.0,-6.420731707317073,105.2060975609756,111.63170731707316,93.79646341463415,-6.685,0.25,,,,,,,,,,,,,,,,,35.6
2011,2010-11,UTA,1610612762,Utah Jazz,82,39,43,3976.0,107.0,108.8,-1.8,0.627,1.63,18.0,0.314,0.679,0.496,0.154,0.498,0.544,92.03,76.7,7619,,2010,53.0,109.7,104.0,5.7,94.68,,,,,,,,,,,,,,,82.0,5.725609756097561,109.74634146341464,104.0170731707317,94.69524390243903,6.654999999999999,0.65,,,,,,,,,,,,,,,82.0,-1.876829268292683,107.00243902439026,108.88292682926829,92.04731707317073,-6.04,0.35,,,,,,,,,,,,,,,,,56.39
2011,2010-11,WAS,1610612764,Washington Wizards,82,23,59,3986.0,101.3,109.1,-7.8,0.522,1.27,14.9,0.317,0.671,0.488,0.16,0.471,0.513,94.76,78.97,7871,,2010,26.0,103.1,108.3,-5.3,92.6,,,,,,,,,,,,,,,82.0,-5.35,103.03658536585365,108.38658536585366,92.60658536585366,-7.7,0.25,,,,,,,,,,,,,,,82.0,-7.769512195121951,101.33170731707318,109.10121951219512,94.76341463414634,-9.135,0.35,,,,,,,,,,,,,,,,,26.689999999999998
2012,2011-12,ATL,1610612737,Atlanta Hawks,66,40,26,3233.0,104.2,100.4,3.8,0.61,1.61,17.6,0.279,0.703,0.493,0.151,0.5,0.535,90.88,75.73,6117,,2011,44.0,105.1,105.8,-0.7,90.22,,,,,,,,,,,,,,,82.0,-0.7402439024390243,105.08292682926829,105.81951219512196,90.23024390243903,-6.5,0.35,,,,,,,,,,,,,,,66.0,3.737878787878788,104.19848484848485,100.46363636363637,90.92757575757577,7.475,0.7,,,,,,,,,,,,,,,,,39.11
2012,2011-12,BOS,1610612738,Boston Celtics,66,39,27,3188.0,100.1,97.5,2.6,0.665,1.59,18.8,0.245,0.686,0.478,0.162,0.496,0.535,91.11,75.92,6055,,2011,56.0,105.5,99.8,5.7,90.92,,,,,,,,,,,,,,,82.0,5.63780487804878,105.50121951219512,99.85853658536585,90.91365853658537,1.8399999999999999,0.5,,,,,,,,,,,,,,,66.0,2.6848484848484846,100.2,97.52727272727273,91.09787878787878,6.57,0.7,,,,,,,,,,,,,,,,,56.39
2012,2011-12,BRK,1610612751,New Jersey Nets,66,22,44,3178.0,101.8,108.1,-6.3,0.58,1.32,15.8,0.314,0.677,0.489,0.165,0.473,0.516,91.26,76.05,6036,,2011,24.0,102.1,108.9,-6.8,90.7,,,,,,,,,,,,,,,,,,,,,,,,,,,,,,,,,,,,,,,,,,,,,,,,,,,,,,,,,,,22.64
2012,2011-12,CHI,1610612741,Chicago Bulls,66,50,16,3188.0,106.3,97.5,8.8,0.619,1.65,17.7,0.361,0.703,0.536,0.154,0.49,0.523,89.98,74.98,5982,,2011,62.0,107.2,99.5,7.8,91.2,,,,,,,,,,,,,,,82.0,7.86829268292683,107.27317073170731,99.40365853658537,91.19,12.595,0.9,,,,,,,,,,,,,,,66.0,8.89090909090909,106.26363636363635,97.38181818181818,89.98575757575759,8.309999999999999,0.7,,,,,,,,,,,,,,,,,62.06
2012,2011-12,CHO,1610612766,Charlotte Bobcats,66,7,59,3178.0,94.4,109.4,-15.0,0.605,1.39,16.0,0.285,0.678,0.474,0.157,0.439,0.483,91.86,76.55,6080,,2011,34.0,102.8,107.0,-4.2,90.3,,,,,,,,,,,,,,,82.0,-4.310975609756097,102.7780487804878,107.08658536585367,90.29439024390244,-6.0600000000000005,0.4,,,,,,,,,,,,,,,66.0,-15.08939393939394,94.35151515151514,109.43939393939394,91.87772727272727,-16.735,0.0,,,,,,,,,,,,,,,,,29.659999999999997
2012,2011-12,CLE,1610612739,Cleveland Cavaliers,66,21,45,3193.0,100.0,107.6,-7.6,0.579,1.29,15.4,0.323,0.683,0.496,0.166,0.463,0.505,92.34,76.95,6140,,2011,19.0,101.5,110.9,-9.5,93.76,,,,,,,,,,,,,,,82.0,-9.585365853658537,101.46829268292683,111.04512195121953,93.7560975609756,-5.865,0.35,,,,,,,,,,,,,,,66.0,-7.665151515151515,100.03484848484848,107.7,92.32909090909091,-13.575,0.2,,,,,,,,,,,,,,,,,15.349999999999998
2012,2011-12,DAL,1610612742,Dallas Mavericks,66,36,30,3213.0,102.1,100.9,1.1,0.575,1.49,16.5,0.268,0.714,0.493,0.149,0.489,0.527,92.61,77.17,6195,,2011,57.0,108.4,104.1,4.4,92.24,,,,,,,,,,,,,,,82.0,4.18780487804878,108.4048780487805,104.22560975609755,92.2340243902439,4.945,0.6,,,,,,,,,,,,,,,66.0,1.1636363636363636,102.08181818181818,100.92424242424242,92.6880303030303,-1.5100000000000002,0.5,,,,,,,,,,,,,,,,,52.88
2012,2011-12,DEN,1610612743,Denver Nuggets,66,38,28,3208.0,108.3,105.1,3.2,0.615,1.56,17.9,0.316,0.705,0.515,0.16,0.516,0.556,95.03,79.19,6346,,2011,50.0,111.7,106.8,4.9,96.06,,,,,,,,,,,,,,,82.0,4.781707317073171,111.6548780487805,106.87682926829268,96.06268292682927,8.295,0.7,,,,,,,,,,,,,,,66.0,3.128787878787879,108.4030303030303,105.26363636363635,95.02409090909092,5.27,0.65,,,,,,,,,,,,,,,,,54.230000000000004
2012,2011-12,DET,1610612765,Detroit Pistons,66,25,41,3193.0,100.0,105.0,-5.0,0.538,1.19,15.1,0.322,0.689,0.5,0.172,0.468,0.51,90.31,75.26,6000,,2011,30.0,107.0,110.7,-3.7,89.79,,,,,,,,,,,,,,,82.0,-3.7634146341463417,106.9390243902439,110.70975609756098,89.80353658536586,-1.8599999999999999,0.4,,,,,,,,,,,,,,,66.0,-4.940909090909091,100.01212121212122,104.95606060606062,90.33030303030303,-2.9199999999999995,0.45,,,,,,,,,,,,,,,,,31.009999999999998
2012,2011-12,GSW,1610612744,Golden State Warriors,66,23,43,3183.0,103.9,107.3,-3.4,0.591,1.61,17.4,0.256,0.658,0.46,0.147,0.505,0.539,93.78,78.15,6212,,2011,36.0,107.1,109.4,-2.3,95.85,,,,,,,,,,,,,,,82.0,-2.2804878048780486,107.0439024390244,109.32926829268293,95.83768292682926,0.6799999999999998,0.45,,,,,,,,,,,,,,,66.0,-3.378787878787879,103.90454545454546,107.26818181818182,93.77560606060605,-6.889999999999999,0.15,,,,,,,,,,,,,,,,,34.79
2012,2011-12,HOU,1610612745,Houston Rockets,66,34,32,3213.0,104.2,104.0,0.2,0.564,1.47,16.4,0.309,0.692,0.499,0.154,0.492,0.529,92.82,77.35,6215,,2011,43.0,110.2,107.9,2.3,95.14,,,,,,,,,,,,,,,82.0,2.3365853658536584,110.20853658536586,107.88048780487806,95.15231707317074,6.275,0.6,,,,,,,,,,,,,,,66.0,0.2348484848484848,104.31818181818181,104.08333333333333,92.86196969696971,0.76,0.5,,,,,,,,,,,,,,,,,47.21
2012,2011-12,IND,1610612754,Indiana Pacers,66,42,24,3198.0,105.5,102.1,3.3,0.522,1.33,14.7,0.333,0.689,0.511,0.151,0.474,0.526,91.68,76.4,6115,,2011,37.0,104.1,105.0,-0.9,95.5,,,,,,,,,,,,,,,82.0,-0.9914634146341463,104.0609756097561,105.05975609756098,95.52121951219512,-1.5150000000000001,0.5,,,,,,,,,,,,,,,66.0,3.3863636363636362,105.57575757575758,102.18181818181819,91.70181818181818,4.82,0.75,,,,,,,,,,,,,,,,,38.57
2012,2011-12,LAC,1610612746,Los Angeles Clippers,66,40,26,3193.0,107.5,104.8,2.7,0.568,1.58,16.6,0.331,0.692,0.507,0.147,0.502,0.533,89.98,74.98,5989,,2011,32.0,104.8,108.0,-3.2,93.35,,,,,,,,,,,,,,,82.0,-3.3353658536585367,104.7670731707317,108.10609756097561,93.36646341463415,-2.0949999999999998,0.5,,,,,,,,,,,,,,,66.0,2.6272727272727274,107.50454545454545,104.86363636363636,89.99545454545455,5.705,0.7,,,,,,,,,,,,,,,,,32.36
2012,2011-12,LAL,1610612747,Los Angeles Lakers,66,41,25,3213.0,104.5,103.2,1.3,0.611,1.49,17.3,0.327,0.719,0.532,0.162,0.491,0.534,91.72,76.43,6145,,2011,57.0,109.6,103.3,6.3,91.78,,,,,,,,,,,,,,,82.0,6.197560975609756,109.5329268292683,103.33536585365853,91.78865853658537,6.015,0.7,,,,,,,,,,,,,,,66.0,1.3424242424242423,104.57272727272728,103.22575757575757,91.75878787878787,-0.5899999999999997,0.65,,,,,,,,,,,,,,,,,58.010000000000005
2012,2011-12,MEM,1610612763,Memphis Grizzlies,66,41,25,3188.0,102.8,100.6,2.2,0.532,1.35,15.4,0.335,0.688,0.508,0.157,0.473,0.515,91.82,76.52,6099,,2011,46.0,107.0,104.5,2.5,92.42,,,,,,,,,,,,,,,82.0,2.489024390243902,107.07073170731707,104.57682926829267,92.4329268292683,3.505,0.6,,,,,,,,,,,,,,,66.0,2.1545454545454543,102.8,100.64999999999999,91.81257575757576,4.295,0.8,,,,,,,,,,,,,,,,,47.75
2012,2011-12,MIA,1610612748,Miami Heat,66,46,20,3208.0,105.6,99.2,6.4,0.538,1.31,15.9,0.299,0.693,0.504,0.163,0.505,0.549,92.07,76.73,6154,,2011,58.0,110.6,102.9,7.8,91.63,,,,,,,,,,,,,,,82.0,7.774390243902439,110.6219512195122,102.84878048780489,91.6379268292683,9.709999999999999,0.75,,,,,,,,,,,,,,,66.0,6.425757575757576,105.72272727272727,99.3,92.10196969696969,0.6350000000000001,0.55,,,,,,,,,,,,,,,,,62.06
2012,2011-12,MIL,1610612749,Milwaukee Bucks,66,31,35,3173.0,104.5,104.1,0.4,0.62,1.67,17.6,0.314,0.675,0.49,0.148,0.481,0.521,94.68,78.9,6256,,2011,35.0,100.8,101.5,-0.8,90.57,,,,,,,,,,,,,,,82.0,-0.8524390243902438,100.7829268292683,101.63536585365854,90.56756097560975,0.8750000000000002,0.55,,,,,,,,,,,,,,,66.0,0.40606060606060607,104.51969696969697,104.11212121212121,94.68181818181819,2.91,0.5,,,,,,,,,,,,,,,,,38.84
2012,2011-12,MIN,1610612750,Minnesota Timberwolves,66,26,40,3188.0,103.1,105.3,-2.2,0.548,1.29,15.1,0.311,0.693,0.502,0.16,0.477,0.524,94.44,78.7,6268,,2011,17.0,103.2,109.9,-6.7,97.49,,,,,,,,,,,,,,,82.0,-6.697560975609757,103.13414634146342,109.8280487804878,97.49987804878049,-9.095,0.1,,,,,,,,,,,,,,,66.0,-1.9742424242424244,103.20606060606062,105.17575757575759,94.42242424242424,-8.605,0.2,,,,,,,,,,,,,,,,,22.909999999999997
2012,2011-12,NOP,1610612740,New Orleans Hornets,66,21,45,3188.0,99.9,103.9,-4.0,0.595,1.34,16.8,0.31,0.696,0.506,0.173,0.476,0.517,89.27,74.39,5924,,2011,46.0,105.4,104.4,1.0,89.4,,,,,,,,,,,,,,,,,,,,,,,,,,,,,,,,,,,,,,,,,,,,,,,,,,,,,,,,,,,43.7
2012,2011-12,NYK,1610612752,New York Knicks,66,36,30,3188.0,103.5,100.2,3.2,0.562,1.26,15.6,0.309,0.702,0.503,0.169,0.492,0.533,93.91,78.26,6242,,2011,42.0,109.9,109.0,1.0,96.47,,,,,,,,,,,,,,,82.0,0.9707317073170731,109.97804878048781,109.00731707317074,96.48987804878048,-0.5450000000000002,0.45,,,,,,,,,,,,,,,66.0,3.3909090909090907,103.64999999999999,100.26060606060605,93.89818181818181,5.925,0.7,,,,,,,,,,,,,,,,,43.7
2012,2011-12,OKC,1610612760,Oklahoma City Thunder,66,47,19,3198.0,108.4,102.1,6.3,0.497,1.13,14.6,0.304,0.687,0.509,0.172,0.516,0.567,94.11,78.42,6273,,2011,55.0,109.9,105.9,3.9,93.84,,,,,,,,,,,,,,,82.0,3.9658536585365853,109.98536585365852,106.01341463414634,93.8579268292683,8.754999999999999,0.8,,,,,,,,,,,,,,,66.0,6.374242424242424,108.38636363636364,102.01666666666667,94.09318181818182,6.779999999999999,0.65,,,,,,,,,,,,,,,,,51.53
2012,2011-12,ORL,1610612753,Orlando Magic,66,37,29,3193.0,104.0,103.4,0.6,0.581,1.34,16.1,0.306,0.72,0.51,0.165,0.506,0.533,89.75,74.79,5978,,2011,52.0,107.4,101.8,5.6,91.55,,,,,,,,,,,,,,,82.0,5.508536585365854,107.36585365853658,101.85609756097561,91.56829268292684,3.3549999999999995,0.6,,,,,,,,,,,,,,,66.0,0.5015151515151516,103.9060606060606,103.4151515151515,89.77196969696969,-3.25,0.4,,,,,,,,,,,,,,,,,56.12
2012,2011-12,PHI,1610612755,Philadelphia 76ers,66,35,31,3183.0,102.7,98.2,4.6,0.588,1.97,17.5,0.277,0.712,0.495,0.123,0.48,0.511,90.68,75.56,6016,,2011,41.0,105.3,103.8,1.5,92.78,,,,,,,,,,,,,,,82.0,1.4585365853658538,105.36829268292684,103.90731707317073,92.75451219512195,-0.005000000000000293,0.45,,,,,,,,,,,,,,,66.0,4.559090909090909,102.78333333333333,98.22575757575757,90.68727272727273,-1.1599999999999997,0.45,,,,,,,,,,,,,,,,,45.05
2012,2011-12,PHO,1610612756,Phoenix Suns,66,33,33,3168.0,105.2,105.2,-0.1,0.596,1.6,17.4,0.294,0.687,0.493,0.15,0.499,0.536,93.61,78.01,6173,,2011,40.0,108.6,109.4,-0.8,95.18,,,,,,,,,,,,,,,82.0,-0.7914634146341464,108.56341463414635,109.34878048780489,95.2101219512195,-4.1899999999999995,0.35,,,,,,,,,,,,,,,66.0,0.07575757575757568,105.3060606060606,105.22727272727273,93.61363636363636,1.1349999999999996,0.5,,,,,,,,,,,,,,,,,38.84
2012,2011-12,POR,1610612757,Portland Trail Blazers,66,28,38,3193.0,104.4,105.3,-0.9,0.562,1.44,16.1,0.303,0.691,0.493,0.152,0.488,0.531,92.24,76.87,6143,,2011,48.0,107.3,105.7,1.6,89.13,,,,,,,,,,,,,,,82.0,1.7182926829268292,107.4451219512195,105.72560975609755,89.13024390243903,4.53,0.65,,,,,,,,,,,,,,,66.0,-0.9045454545454545,104.56969696969698,105.48181818181818,92.26075757575758,-4.539999999999999,0.35,,,,,,,,,,,,,,,,,45.32
2012,2011-12,SAC,1610612758,Sacramento Kings,66,22,44,3183.0,102.9,108.7,-5.8,0.51,1.34,14.7,0.321,0.67,0.487,0.15,0.472,0.51,95.56,79.64,6333,,2011,24.0,102.9,108.4,-5.5,95.76,,,,,,,,,,,,,,,82.0,-5.602439024390244,102.86707317073171,108.4670731707317,95.74207317073171,-3.874999999999999,0.45,,,,,,,,,,,,,,,66.0,-5.763636363636364,102.92272727272727,108.68333333333334,95.56772727272728,-5.46,0.25,,,,,,,,,,,,,,,,,26.15
2012,2011-12,SAS,1610612759,San Antonio Spurs,66,50,16,3188.0,110.0,102.3,7.7,0.585,1.71,17.8,0.282,0.72,0.507,0.144,0.528,0.562,93.67,78.06,6220,,2011,61.0,110.5,104.4,6.1,93.34,,,,,,,,,,,,,,,82.0,6.007317073170731,110.47317073170731,104.46585365853659,93.32719512195122,1.5050000000000001,0.5,,,,,,,,,,,,,,,66.0,7.586363636363636,109.9469696969697,102.36969696969696,93.71257575757575,13.755,0.9,,,,,,,,,,,,,,,,,57.47
2012,2011-12,TOR,1610612761,Toronto Raptors,66,23,43,3193.0,99.6,103.6,-3.9,0.609,1.38,16.8,0.294,0.708,0.503,0.167,0.475,0.518,90.19,75.16,6008,,2011,22.0,105.2,111.7,-6.5,93.78,,,,,,,,,,,,,,,82.0,-6.420731707317073,105.2060975609756,111.63170731707316,93.79646341463415,-6.685,0.25,,,,,,,,,,,,,,,66.0,-4.001515151515152,99.62727272727273,103.63636363636364,90.17833333333334,-2.2499999999999996,0.4,,,,,,,,,,,,,,,,,23.45
2012,2011-12,UTA,1610612762,Utah Jazz,66,36,30,3233.0,105.5,104.9,0.5,0.57,1.54,16.6,0.34,0.703,0.519,0.15,0.481,0.525,92.53,77.1,6236,,2011,39.0,107.0,108.8,-1.8,92.03,,,,,,,,,,,,,,,82.0,-1.876829268292683,107.00243902439026,108.88292682926829,92.04731707317073,-6.04,0.35,,,,,,,,,,,,,,,66.0,0.4848484848484851,105.51363636363635,105.03636363636363,92.59621212121213,2.9650000000000003,0.6,,,,,,,,,,,,,,,,,36.14
2012,2011-12,WAS,1610612764,Washington Wizards,66,20,46,3173.0,100.0,104.9,-5.0,0.523,1.25,15.1,0.308,0.678,0.489,0.163,0.472,0.508,93.59,77.99,6182,,2011,23.0,101.3,109.1,-7.8,94.76,,,,,,,,,,,,,,,82.0,-7.769512195121951,101.33170731707318,109.10121951219512,94.76341463414634,-9.135,0.35,,,,,,,,,,,,,,,66.0,-5.092424242424243,99.89393939393939,104.98181818181818,93.59257575757576,1.3399999999999996,0.45,,,,,,,,,,,,,,,,,19.939999999999998
2013,2012-13,ATL,1610612737,Atlanta Hawks,82,44,38,3971.0,103.7,103.4,0.3,0.651,1.65,18.8,0.254,0.701,0.482,0.157,0.517,0.546,93.56,77.97,7744,,2012,40.0,104.2,100.4,3.8,90.88,,,,,,,,,,,,,,,66.0,3.737878787878788,104.19848484848485,100.46363636363637,90.92757575757577,7.475,0.7,,,,,,,,,,,,,,,82.0,0.2292682926829269,103.66829268292682,103.44024390243902,93.56524390243902,-0.5250000000000001,0.5,,,,,,,,,,,,,,,,,51.26
2013,2012-13,BOS,1610612738,Boston Celtics,81,41,40,3968.0,102.2,102.6,-0.5,0.614,1.56,17.9,0.246,0.69,0.477,0.154,0.503,0.542,92.46,77.05,7652,,2012,39.0,100.1,97.5,2.6,91.11,,,,,,,,,,,,,,,66.0,2.6848484848484846,100.2,97.52727272727273,91.09787878787878,6.57,0.7,,,,,,,,,,,,,,,81.0,-0.4629629629629631,102.27654320987654,102.74074074074075,92.46283950617284,-2.575,0.35,,,,,,,,,,,,,,,,,48.02
2013,2012-13,BRK,1610612751,Brooklyn Nets,82,49,33,3971.0,106.9,104.8,2.0,0.567,1.38,16.1,0.343,0.701,0.52,0.162,0.498,0.536,89.88,74.9,7433,,2012,22.0,101.8,108.1,-6.3,91.26,,,,,,,,,,,,,,,,,,,,,,,,,,,,,,,,,,,,82.0,2.0231707317073173,106.95121951219512,104.92926829268293,89.89939024390245,6.025,0.65,,,,,,,,,,,,,,,,,23.99
2013,2012-13,CHI,1610612741,Chicago Bulls,82,45,37,3966.0,102.4,101.9,0.5,0.645,1.61,17.8,0.332,0.699,0.514,0.157,0.47,0.512,90.35,75.29,7460,,2012,50.0,106.3,97.5,8.8,89.98,,,,,,,,,,,,,,,66.0,8.89090909090909,106.26363636363635,97.38181818181818,89.98575757575759,8.309999999999999,0.7,,,,,,,,,,,,,,,82.0,0.5280487804878047,102.43170731707316,101.90853658536585,90.34951219512195,-2.315,0.5,,,,,,,,,,,,,,,,,64.76
2013,2012-13,CHO,1610612766,Charlotte Bobcats,82,21,61,3961.0,100.4,110.3,-9.9,0.562,1.38,15.3,0.305,0.679,0.486,0.151,0.46,0.507,92.49,77.07,7632,,2012,7.0,94.4,109.4,-15.0,91.86,,,,,,,,,,,,,,,66.0,-15.08939393939394,94.35151515151514,109.43939393939394,91.87772727272727,-16.735,0.0,,,,,,,,,,,,,,,82.0,-9.980487804878049,100.3890243902439,110.36463414634146,92.4990243902439,-5.955,0.4,,,,,,,,,,,,,,,,,0.5
2013,2012-13,CLE,1610612739,Cleveland Cavaliers,82,24,58,3946.0,103.2,108.2,-5.0,0.566,1.47,15.9,0.326,0.695,0.5,0.15,0.473,0.514,93.25,77.71,7666,,2012,21.0,100.0,107.6,-7.6,92.34,,,,,,,,,,,,,,,66.0,-7.665151515151515,100.03484848484848,107.7,92.32909090909091,-13.575,0.2,,,,,,,,,,,,,,,82.0,-4.991463414634146,103.30365853658536,108.28414634146341,93.2659756097561,-8.864999999999998,0.15,,,,,,,,,,,,,,,,,20.48
2013,2012-13,DAL,1610612742,Dallas Mavericks,82,41,41,3996.0,104.7,105.4,-0.6,0.599,1.67,17.7,0.259,0.698,0.484,0.144,0.506,0.544,95.09,79.24,7917,,2012,36.0,102.1,100.9,1.1,92.61,,,,,,,,,,,,,,,66.0,1.1636363636363636,102.08181818181818,100.92424242424242,92.6880303030303,-1.5100000000000002,0.5,,,,,,,,,,,,,,,82.0,-0.5170731707317073,104.87317073170732,105.3890243902439,95.09914634146341,0.5300000000000001,0.6,,,,,,,,,,,,,,,,,43.97
2013,2012-13,DEN,1610612743,Denver Nuggets,82,57,25,3981.0,109.3,104.2,5.1,0.6,1.6,17.8,0.345,0.675,0.513,0.157,0.515,0.549,95.92,79.93,7960,,2012,38.0,108.3,105.1,3.2,95.03,,,,,,,,,,,,,,,66.0,3.128787878787879,108.4030303030303,105.26363636363635,95.02409090909092,5.27,0.65,,,,,,,,,,,,,,,82.0,5.080487804878049,109.42073170731707,104.33536585365853,95.9451219512195,8.39,0.85,,,,,,,,,,,,,,,,,49.64
2013,2012-13,DET,1610612765,Detroit Pistons,82,29,53,3961.0,102.7,107.2,-4.5,0.585,1.4,16.6,0.324,0.695,0.506,0.164,0.487,0.521,91.68,76.4,7571,,2012,25.0,100.0,105.0,-5.0,90.31,,,,,,,,,,,,,,,66.0,-4.940909090909091,100.01212121212122,104.95606060606062,90.33030303030303,-2.9199999999999995,0.45,,,,,,,,,,,,,,,82.0,-4.5390243902439025,102.78658536585365,107.33170731707318,91.70341463414634,-7.1049999999999995,0.3,,,,,,,,,,,,,,,,,27.5
2013,2012-13,GSW,1610612744,Golden State Warriors,82,47,35,3961.0,105.1,104.2,0.9,0.589,1.49,17.1,0.285,0.712,0.506,0.157,0.506,0.545,95.64,79.7,7893,,2012,23.0,103.9,107.3,-3.4,93.78,,,,,,,,,,,,,,,66.0,-3.378787878787879,103.90454545454546,107.26818181818182,93.77560606060605,-6.889999999999999,0.15,,,,,,,,,,,,,,,82.0,1.0304878048780488,105.22073170731707,104.1951219512195,95.63707317073171,5.32,0.6,,,,,,,,,,,,,,,,,31.82
2013,2012-13,HOU,1610612745,Houston Rockets,82,45,37,3956.0,108.8,105.3,3.5,0.609,1.41,17.3,0.305,0.71,0.509,0.169,0.525,0.564,96.89,80.74,7988,,2012,34.0,104.2,104.0,0.2,92.82,,,,,,,,,,,,,,,66.0,0.2348484848484848,104.31818181818181,104.08333333333333,92.86196969696971,0.76,0.5,,,,,,,,,,,,,,,82.0,3.5585365853658537,108.8109756097561,105.2439024390244,96.8959756097561,4.265,0.6,,,,,,,,,,,,,,,,,41.54
2013,2012-13,IND,1610612754,Indiana Pacers,81,49,32,3918.0,103.4,99.0,4.4,0.578,1.34,16.0,0.336,0.701,0.522,0.165,0.479,0.521,90.9,75.75,7420,,2012,42.0,105.5,102.1,3.3,91.68,,,,,,,,,,,,,,,66.0,3.3863636363636362,105.57575757575758,102.18181818181819,91.70181818181818,4.82,0.75,,,,,,,,,,,,,,,81.0,4.241975308641976,103.34814814814816,99.10246913580247,90.91962962962963,3.6849999999999996,0.55,,,,,,,,,,,,,,,,,49.91
2013,2012-13,LAC,1610612746,Los Angeles Clippers,82,56,26,3946.0,109.8,102.8,6.9,0.62,1.64,18.4,0.323,0.697,0.512,0.159,0.526,0.557,91.83,76.53,7552,,2012,40.0,107.5,104.8,2.7,89.98,,,,,,,,,,,,,,,66.0,2.6272727272727274,107.50454545454545,104.86363636363636,89.99545454545455,5.705,0.7,,,,,,,,,,,,,,,82.0,6.985365853658536,109.83048780487805,102.85487804878049,91.83292682926829,6.529999999999999,0.65,,,,,,,,,,,,,,,,,48.29
2013,2012-13,LAL,1610612747,Los Angeles Lakers,82,45,37,3951.0,107.0,105.9,1.1,0.598,1.48,16.8,0.309,0.702,0.51,0.157,0.512,0.548,95.08,79.24,7830,,2012,41.0,104.5,103.2,1.3,91.72,,,,,,,,,,,,,,,66.0,1.3424242424242423,104.57272727272728,103.22575757575757,91.75878787878787,-0.5899999999999997,0.65,,,,,,,,,,,,,,,82.0,1.1768292682926829,107.12073170731706,105.95121951219512,95.0769512195122,1.6200000000000003,0.7,,,,,,,,,,,,,,,,,44.51
2013,2012-13,MEM,1610612763,Memphis Grizzlies,82,56,26,3961.0,103.6,99.1,4.5,0.579,1.5,16.5,0.344,0.702,0.52,0.155,0.472,0.514,89.56,74.63,7394,,2012,41.0,102.8,100.6,2.2,91.82,,,,,,,,,,,,,,,66.0,2.1545454545454543,102.8,100.64999999999999,91.81257575757576,4.295,0.8,,,,,,,,,,,,,,,82.0,4.595121951219513,103.65365853658537,99.05243902439025,89.56414634146341,4.0200000000000005,0.65,,,,,,,,,,,,,,,,,46.94
2013,2012-13,MIA,1610612748,Miami Heat,82,66,16,3976.0,111.4,103.2,8.2,0.6,1.65,18.4,0.264,0.678,0.485,0.151,0.552,0.588,91.26,76.05,7572,,2012,46.0,105.6,99.2,6.4,92.07,,,,,,,,,,,,,,,66.0,6.425757575757576,105.72272727272727,99.3,92.10196969696969,0.6350000000000001,0.55,,,,,,,,,,,,,,,82.0,8.19390243902439,111.48902439024391,103.28902439024391,91.27329268292682,9.675,0.9,,,,,,,,,,,,,,,,,58.28
2013,2012-13,MIL,1610612749,Milwaukee Bucks,82,38,44,3966.0,102.5,104.2,-1.7,0.6,1.62,17.0,0.315,0.678,0.491,0.146,0.476,0.51,95.65,79.71,7909,,2012,31.0,104.5,104.1,0.4,94.68,,,,,,,,,,,,,,,66.0,0.40606060606060607,104.51969696969697,104.11212121212121,94.68181818181819,2.91,0.5,,,,,,,,,,,,,,,82.0,-1.8573170731707318,102.47439024390243,104.33414634146341,95.65036585365854,-3.6799999999999997,0.3,,,,,,,,,,,,,,,,,42.08
2013,2012-13,MIN,1610612750,Minnesota Timberwolves,82,31,51,3946.0,101.8,104.0,-2.2,0.624,1.51,17.1,0.312,0.702,0.5,0.157,0.473,0.516,93.94,78.29,7712,,2012,26.0,103.1,105.3,-2.2,94.44,,,,,,,,,,,,,,,66.0,-1.9742424242424244,103.20606060606062,105.17575757575759,94.42242424242424,-8.605,0.2,,,,,,,,,,,,,,,82.0,-2.2634146341463413,101.84268292682927,104.10853658536585,93.94585365853659,0.5449999999999999,0.45,,,,,,,,,,,,,,,,,35.06
2013,2012-13,NOP,1610612740,New Orleans Hornets,82,27,55,3956.0,104.5,108.9,-4.4,0.582,1.44,16.7,0.332,0.705,0.514,0.162,0.489,0.528,89.5,74.59,7379,,2012,21.0,99.9,103.9,-4.0,89.27,,,,,,,,,,,,,,,,,,,,,,,,,,,,,,,,,,,,,,,,,,,,,,,,,,,,,,,,,,,30.2
2013,2012-13,NYK,1610612752,New York Knicks,82,54,28,3946.0,109.8,105.4,4.5,0.527,1.6,15.6,0.291,0.708,0.494,0.132,0.515,0.55,90.68,75.57,7462,,2012,36.0,103.5,100.2,3.2,93.91,,,,,,,,,,,,,,,66.0,3.3909090909090907,103.64999999999999,100.26060606060605,93.89818181818181,5.925,0.7,,,,,,,,,,,,,,,82.0,4.615853658536586,109.94024390243902,105.32926829268293,90.69024390243902,8.365,0.8,,,,,,,,,,,,,,,,,49.64
2013,2012-13,OKC,1610612760,Oklahoma City Thunder,82,60,22,3966.0,111.0,101.2,9.9,0.561,1.4,16.6,0.291,0.702,0.513,0.16,0.527,0.58,94.58,78.82,7808,,2012,47.0,108.4,102.1,6.3,94.11,,,,,,,,,,,,,,,66.0,6.374242424242424,108.38636363636364,102.01666666666667,94.09318181818182,6.779999999999999,0.65,,,,,,,,,,,,,,,82.0,9.948780487804878,111.13780487804877,101.1951219512195,94.59268292682927,8.925,0.7,,,,,,,,,,,,,,,,,58.010000000000005
2013,2012-13,ORL,1610612753,Orlando Magic,82,20,62,3956.0,100.9,108.4,-7.4,0.605,1.57,17.6,0.293,0.707,0.498,0.156,0.485,0.514,92.81,77.34,7646,,2012,37.0,104.0,103.4,0.6,89.75,,,,,,,,,,,,,,,66.0,0.5015151515151516,103.9060606060606,103.4151515151515,89.77196969696969,-3.25,0.4,,,,,,,,,,,,,,,82.0,-7.508536585365854,100.93780487804878,108.4451219512195,92.80817073170732,-10.035,0.15,,,,,,,,,,,,,,,,,42.62
2013,2012-13,PHI,1610612755,Philadelphia 76ers,82,34,48,3951.0,101.0,104.7,-3.7,0.61,1.74,17.7,0.291,0.695,0.489,0.141,0.481,0.509,91.88,76.56,7566,,2012,35.0,102.7,98.2,4.6,90.68,,,,,,,,,,,,,,,66.0,4.559090909090909,102.78333333333333,98.22575757575757,90.68727272727273,-1.1599999999999997,0.45,,,,,,,,,,,,,,,82.0,-3.7304878048780483,101.00731707317074,104.73902439024391,91.88158536585365,-1.025,0.55,,,,,,,,,,,,,,,,,53.42
2013,2012-13,PHO,1610612756,Phoenix Suns,82,25,57,3961.0,100.2,106.9,-6.7,0.606,1.45,17.1,0.308,0.687,0.491,0.164,0.477,0.512,94.48,78.73,7793,,2012,33.0,105.2,105.2,-0.1,93.61,,,,,,,,,,,,,,,66.0,0.07575757575757568,105.3060606060606,105.22727272727273,93.61363636363636,1.1349999999999996,0.5,,,,,,,,,,,,,,,82.0,-6.63170731707317,100.20365853658538,106.83658536585367,94.50170731707317,-9.225,0.2,,,,,,,,,,,,,,,,,40.73
2013,2012-13,POR,1610612757,Portland Trail Blazers,82,33,49,3971.0,104.5,107.9,-3.4,0.593,1.48,17.0,0.294,0.702,0.495,0.157,0.498,0.536,92.46,77.05,7649,,2012,28.0,104.4,105.3,-0.9,92.24,,,,,,,,,,,,,,,66.0,-0.9045454545454545,104.56969696969698,105.48181818181818,92.26075757575758,-4.539999999999999,0.35,,,,,,,,,,,,,,,82.0,-3.521951219512195,104.44024390243902,107.96463414634147,92.46829268292683,-8.275,0.2,,,,,,,,,,,,,,,,,38.57
2013,2012-13,SAC,1610612758,Sacramento Kings,82,28,54,3966.0,105.3,110.0,-4.7,0.553,1.42,16.0,0.306,0.673,0.485,0.154,0.491,0.532,94.65,78.88,7804,,2012,22.0,102.9,108.7,-5.8,95.56,,,,,,,,,,,,,,,66.0,-5.763636363636364,102.92272727272727,108.68333333333334,95.56772727272728,-5.46,0.25,,,,,,,,,,,,,,,82.0,-4.773170731707316,105.27317073170731,110.04756097560976,94.67731707317073,0.2600000000000004,0.35,,,,,,,,,,,,,,,,,25.34
2013,2012-13,SAS,1610612759,San Antonio Spurs,82,58,24,3976.0,107.0,100.3,6.7,0.641,1.71,19.1,0.243,0.715,0.493,0.153,0.531,0.568,95.31,79.43,7892,,2012,50.0,110.0,102.3,7.7,93.67,,,,,,,,,,,,,,,66.0,7.586363636363636,109.9469696969697,102.36969696969696,93.71257575757575,13.755,0.9,,,,,,,,,,,,,,,82.0,6.771951219512195,107.10487804878049,100.33048780487805,95.31682926829268,-2.2800000000000002,0.5,,,,,,,,,,,,,,,,,61.790000000000006
2013,2012-13,TOR,1610612761,Toronto Raptors,82,34,48,3996.0,105.0,106.4,-1.4,0.592,1.57,16.9,0.296,0.688,0.49,0.148,0.488,0.532,91.26,76.05,7591,,2012,23.0,99.6,103.6,-3.9,90.19,,,,,,,,,,,,,,,66.0,-4.001515151515152,99.62727272727273,103.63636363636364,90.17833333333334,-2.2499999999999996,0.4,,,,,,,,,,,,,,,82.0,-1.2085365853658536,105.08170731707318,106.2939024390244,91.26621951219512,-1.9800000000000004,0.5,,,,,,,,,,,,,,,,,30.47
2013,2012-13,UTA,1610612762,Utah Jazz,82,43,39,3976.0,105.4,105.6,-0.2,0.61,1.54,17.4,0.329,0.697,0.51,0.159,0.492,0.533,92.05,76.71,7629,,2012,36.0,105.5,104.9,0.5,92.53,,,,,,,,,,,,,,,66.0,0.4848484848484851,105.51363636363635,105.03636363636363,92.59621212121213,2.9650000000000003,0.6,,,,,,,,,,,,,,,82.0,-0.15731707317073168,105.39024390243902,105.54756097560976,92.06975609756098,-0.14000000000000012,0.55,,,,,,,,,,,,,,,,,42.35
2013,2012-13,WAS,1610612764,Washington Wizards,82,29,53,3971.0,99.3,101.6,-2.3,0.61,1.43,16.9,0.279,0.706,0.491,0.161,0.475,0.512,93.23,77.69,7699,,2012,20.0,100.0,104.9,-5.0,93.59,,,,,,,,,,,,,,,66.0,-5.092424242424243,99.89393939393939,104.98181818181818,93.59257575757576,1.3399999999999996,0.45,,,,,,,,,,,,,,,82.0,-2.426829268292683,99.25365853658536,101.67682926829268,93.23682926829268,0.27499999999999974,0.45,,,,,,,,,,,,,,,,,27.5
2014,2013-14,ATL,1610612737,Atlanta Hawks,82,38,44,3966.0,104.9,105.7,-0.7,0.667,1.63,18.8,0.256,0.711,0.485,0.159,0.515,0.554,95.41,79.51,7892,,2013,44.0,103.7,103.4,0.3,93.56,,,,,,,,,,,,,,,82.0,0.2292682926829269,103.66829268292682,103.44024390243902,93.56524390243902,-0.5250000000000001,0.5,16.0,19801.573333333334,8277.0,-188.0,27.125,0.504375,0.1910625,-4.65625,98.1875,102.84375,7432.043333333333,3482.0,453.0,2.1333333333333333,82.0,-0.7670731707317073,104.91585365853659,105.6890243902439,95.40475609756098,1.0849999999999997,0.55,16.0,0.0,0.0,16.0,0.0,,,0.0,season-level roster proxy,,,,,,,,41.81
2014,2013-14,BOS,1610612738,Boston Celtics,82,25,57,3946.0,101.9,106.5,-4.6,0.576,1.37,16.2,0.314,0.708,0.505,0.163,0.477,0.517,94.28,78.57,7745,,2013,41.0,102.2,102.6,-0.5,92.46,,,,,,,,,,,,,,,81.0,-0.4629629629629631,102.27654320987654,102.74074074074075,92.46283950617284,-2.575,0.35,16.0,18640.768333333333,7360.0,-1692.0,26.25,0.5055625,0.1723125,-2.08125,100.31875,102.39375,7112.93,3275.0,-767.0,-4.8999999999999995,82.0,-4.54390243902439,101.96951219512195,106.51829268292683,94.26756097560975,-7.24,0.2,16.0,0.0,0.0,16.0,0.0,,,0.0,season-level roster proxy,,,,,,,,39.65
2014,2013-14,BRK,1610612751,Brooklyn Nets,82,44,38,3976.0,105.4,106.7,-1.3,0.585,1.44,16.7,0.26,0.686,0.475,0.155,0.514,0.555,92.42,77.02,7663,,2013,49.0,106.9,104.8,2.0,89.88,,,,,,,,,,,,,,,82.0,2.0231707317073173,106.95121951219512,104.92926829268293,89.89939024390245,6.025,0.65,17.0,20706.133333333335,8401.0,-307.0,29.529411764705884,0.5313529411764706,0.1847058823529412,-3.7529411764705882,102.34117647058824,106.10000000000001,6731.99,3170.0,314.0,2.1,82.0,-1.3743902439024391,105.39512195121951,106.77317073170731,92.46548780487805,-0.18500000000000014,0.6,17.0,0.0,0.0,17.0,0.0,,,0.0,season-level roster proxy,,,,,,,,46.4
2014,2013-14,CHI,1610612741,Chicago Bulls,82,48,34,3986.0,101.7,99.9,1.9,0.654,1.52,17.6,0.321,0.713,0.518,0.162,0.471,0.518,90.84,75.7,7549,,2013,45.0,102.4,101.9,0.5,90.35,,,,,,,,,,,,,,,82.0,0.5280487804878047,102.43170731707316,101.90853658536585,90.34951219512195,-2.315,0.5,16.0,19802.898333333334,7514.0,547.0,28.625,0.45275,0.1740625,-4.6875,97.6,102.275,7993.903333333334,2814.0,596.0,3.8000000000000003,82.0,1.876829268292683,101.75731707317074,99.88048780487804,90.86219512195122,5.545,0.7,16.0,0.0,0.0,16.0,0.0,,,0.0,season-level roster proxy,,,,,,,,42.35
2014,2013-14,CHO,1610612766,Charlotte Bobcats,82,43,39,3981.0,103.0,103.3,-0.4,0.597,1.76,16.9,0.269,0.73,0.5,0.131,0.481,0.522,92.93,77.44,7712,,2013,21.0,100.4,110.3,-9.9,92.49,,,,,,,,,,,,,,,82.0,-9.980487804878049,100.3890243902439,110.36463414634146,92.4990243902439,-5.955,0.4,15.0,19706.603333333333,7814.0,-399.0,26.866666666666667,0.4862,0.18006666666666668,-2.7733333333333334,102.59333333333333,105.36666666666666,7627.826666666667,3964.0,90.0,0.6,82.0,-0.3792682926829268,103.01951219512196,103.40121951219511,92.94878048780488,3.7399999999999998,0.7,15.0,0.0,0.0,15.0,0.0,,,0.0,season-level roster proxy,,,,,,,,14.269999999999996
2014,2013-14,CLE,1610612739,Cleveland Cavaliers,82,33,49,3986.0,103.5,107.0,-3.6,0.572,1.49,16.2,0.314,0.711,0.508,0.149,0.479,0.518,93.69,78.08,7784,,2013,24.0,103.2,108.2,-5.0,93.25,,,,,,,,,,,,,,,82.0,-4.991463414634146,103.30365853658536,108.28414634146341,93.2659756097561,-8.864999999999998,0.15,18.0,21138.408333333333,8703.0,-1416.0,24.88888888888889,0.4737777777777778,0.1826111111111111,-6.555555555555555,98.13888888888889,104.69444444444444,7558.865,3492.0,-928.0,-6.5,82.0,-3.6268292682926826,103.42073170731707,107.05731707317074,93.68865853658536,0.3449999999999999,0.45,18.0,0.0,0.0,18.0,0.0,,,0.0,season-level roster proxy,,,,,,,,27.5
2014,2013-14,DAL,1610612742,Dallas Mavericks,82,49,33,3966.0,109.5,107.2,2.3,0.596,1.74,18.0,0.276,0.694,0.487,0.141,0.526,0.564,94.94,79.12,7852,,2013,41.0,104.7,105.4,-0.6,95.09,,,,,,,,,,,,,,,82.0,-0.5170731707317073,104.87317073170732,105.3890243902439,95.09914634146341,0.5300000000000001,0.6,15.0,19830.0,8597.0,985.0,28.733333333333334,0.5427333333333333,0.18393333333333334,3.2266666666666666,106.63333333333334,103.40666666666667,8118.903333333334,4220.0,368.0,1.8666666666666665,82.0,2.4121951219512194,109.56219512195122,107.14756097560976,94.96121951219511,3.3899999999999997,0.65,15.0,0.0,0.0,15.0,0.0,,,0.0,season-level roster proxy,,,,,,,,39.38
2014,2013-14,DEN,1610612743,Denver Nuggets,82,36,46,3951.0,105.1,107.3,-2.2,0.584,1.41,16.4,0.31,0.703,0.505,0.16,0.497,0.536,98.95,82.46,8146,,2013,57.0,109.3,104.2,5.1,95.92,,,,,,,,,,,,,,,82.0,5.080487804878049,109.42073170731707,104.33536585365853,95.9451219512195,8.39,0.85,14.0,19700.661666666667,8520.0,-892.0,25.714285714285715,0.5200714285714286,0.19592857142857142,-2.2,103.32857142857142,105.52857142857144,6884.548333333334,3254.0,-332.0,-2.3333333333333335,82.0,-2.1999999999999997,105.04024390243902,107.2329268292683,98.94243902439024,-1.7099999999999997,0.45,14.0,0.0,0.0,14.0,0.0,,,0.0,season-level roster proxy,,,,,,,,54.769999999999996
2014,2013-14,DET,1610612765,Detroit Pistons,82,29,53,3956.0,105.2,109.0,-3.7,0.539,1.44,15.6,0.347,0.693,0.511,0.152,0.482,0.514,95.57,79.64,7874,,2013,29.0,102.7,107.2,-4.5,91.68,,,,,,,,,,,,,,,82.0,-4.5390243902439025,102.78658536585365,107.33170731707318,91.70341463414634,-7.1049999999999995,0.3,15.0,19780.0,8286.0,-1500.0,26.066666666666666,0.5032,0.18413333333333334,-3.6133333333333337,102.36,105.97333333333333,8147.838333333333,3754.0,-530.0,-3.1333333333333333,82.0,-3.8134146341463415,105.24146341463414,109.05365853658536,95.58426829268292,-6.435,0.25,15.0,0.0,0.0,15.0,0.0,,,0.0,season-level roster proxy,,,,,,,,28.85
2014,2013-14,GSW,1610612744,Golden State Warriors,82,51,31,3966.0,106.3,101.4,4.9,0.591,1.53,17.4,0.284,0.724,0.508,0.155,0.517,0.55,97.37,81.14,8045,,2013,47.0,105.1,104.2,0.9,95.64,,,,,,,,,,,,,,,82.0,1.0304878048780488,105.22073170731707,104.1951219512195,95.63707317073171,5.32,0.6,14.0,21366.26,9138.0,1980.0,27.285714285714285,0.5144285714285715,0.17971428571428572,-0.18571428571428575,101.29285714285713,101.45714285714287,8001.95,4618.0,1575.0,9.566666666666666,82.0,4.909756097560976,106.22926829268292,101.33170731707318,97.41134146341463,5.43,0.65,14.0,0.0,0.0,14.0,0.0,,,0.0,season-level roster proxy,,,,,,,,43.43
2014,2013-14,HOU,1610612745,Houston Rockets,82,54,28,3966.0,109.8,105.2,4.6,0.563,1.33,16.1,0.306,0.7,0.513,0.165,0.531,0.571,97.27,81.06,8040,,2013,45.0,108.8,105.3,3.5,96.89,,,,,,,,,,,,,,,82.0,3.5585365853658537,108.8109756097561,105.2439024390244,96.8959756097561,4.265,0.6,16.0,19625.798333333332,8789.0,1831.0,25.125,0.5514375,0.183125,3.6437500000000007,107.29375,103.65,7956.450000000001,4374.0,1071.0,6.533333333333334,82.0,4.507317073170732,109.76951219512196,105.26097560975609,97.27158536585367,3.1350000000000007,0.55,16.0,0.0,0.0,16.0,0.0,,,0.0,season-level roster proxy,,,,,,,,50.45
2014,2013-14,IND,1610612754,Indiana Pacers,82,56,26,3956.0,103.6,98.9,4.7,0.56,1.33,15.9,0.296,0.721,0.517,0.162,0.49,0.535,92.89,77.41,7656,,2013,49.0,103.4,99.0,4.4,90.9,,,,,,,,,,,,,,,81.0,4.241975308641976,103.34814814814816,99.10246913580247,90.91962962962963,3.6849999999999996,0.55,15.0,22109.89,9004.0,1048.0,27.733333333333334,0.5282666666666667,0.18633333333333332,-0.37333333333333335,100.40666666666667,100.78,8122.493333333334,3935.0,1060.0,6.6000000000000005,82.0,4.6,103.59878048780489,98.99268292682926,92.8759756097561,-2.905,0.5,15.0,0.0,0.0,15.0,0.0,,,0.0,season-level roster proxy,,,,,,,,52.88
2014,2013-14,LAC,1610612746,Los Angeles Clippers,82,57,25,3951.0,111.3,104.0,7.3,0.628,1.77,18.3,0.288,0.69,0.496,0.143,0.526,0.567,96.66,80.55,7954,,2013,56.0,109.8,102.8,6.9,91.83,,,,,,,,,,,,,,,82.0,6.985365853658536,109.83048780487805,102.85487804878049,91.83292682926829,6.529999999999999,0.65,18.0,21541.90166666667,9561.0,2936.0,29.77777777777778,0.5247222222222222,0.18322222222222223,1.822222222222222,103.80000000000001,101.97777777777777,7904.719999999999,3971.0,1595.0,9.933333333333334,82.0,7.1499999999999995,111.29268292682927,104.14268292682928,96.67719512195121,8.190000000000001,0.75,18.0,0.0,0.0,18.0,0.0,,,0.0,season-level roster proxy,,,,,,,,59.63
2014,2013-14,LAL,1610612747,Los Angeles Lakers,82,27,55,3941.0,103.2,109.3,-6.0,0.639,1.62,18.1,0.235,0.676,0.459,0.152,0.505,0.542,99.72,83.1,8177,,2013,45.0,107.0,105.9,1.1,95.08,,,,,,,,,,,,,,,82.0,1.1768292682926829,107.12073170731706,105.95121951219512,95.0769512195122,1.6200000000000003,0.7,18.0,19169.981666666667,8331.0,-2580.0,27.333333333333332,0.4983888888888889,0.19516666666666665,-6.4,102.19999999999999,108.60555555555555,6680.235,2965.0,-1237.0,-8.166666666666666,82.0,-5.754878048780488,103.36951219512194,109.10853658536585,99.725,-6.825,0.3,18.0,0.0,0.0,18.0,0.0,,,0.0,season-level roster proxy,,,,,,,,43.97
2014,2013-14,MEM,1610612763,Memphis Grizzlies,82,50,32,3961.0,105.5,103.8,1.7,0.574,1.59,17.1,0.326,0.718,0.521,0.15,0.494,0.529,90.58,75.48,7476,,2013,56.0,103.6,99.1,4.5,89.56,,,,,,,,,,,,,,,82.0,4.595121951219513,103.65365853658537,99.05243902439025,89.56414634146341,4.0200000000000005,0.65,16.0,20490.698333333334,8120.0,420.0,27.75,0.5283125,0.1841875,-0.7062500000000003,102.30625,103.00625,7123.846666666667,3389.0,388.0,2.433333333333333,82.0,1.6134146341463416,105.4329268292683,103.82195121951219,90.59951219512195,3.315,0.7,16.0,0.0,0.0,16.0,0.0,,,0.0,season-level roster proxy,,,,,,,,53.15
2014,2013-14,MIA,1610612748,Miami Heat,82,54,28,3976.0,110.0,105.0,5.1,0.588,1.52,18.1,0.244,0.686,0.476,0.159,0.554,0.59,91.9,76.58,7615,,2013,66.0,111.4,103.2,8.2,91.26,,,,,,,,,,,,,,,82.0,8.19390243902439,111.48902439024391,103.28902439024391,91.27329268292682,9.675,0.9,17.0,20111.118333333332,8462.0,1865.0,30.294117647058822,0.5971176470588235,0.17552941176470588,0.6,110.81176470588235,110.21764705882353,7611.358333333334,4086.0,1160.0,7.5,82.0,5.213414634146342,110.15365853658537,104.94268292682926,91.93829268292683,2.875,0.5,17.0,0.0,0.0,17.0,0.0,,,0.0,season-level roster proxy,,,,,,,,63.14
2014,2013-14,MIL,1610612749,Milwaukee Bucks,82,15,67,3976.0,101.9,110.2,-8.3,0.596,1.42,16.5,0.31,0.678,0.49,0.161,0.479,0.519,92.96,77.47,7685,,2013,38.0,102.5,104.2,-1.7,95.65,,,,,,,,,,,,,,,82.0,-1.8573170731707318,102.47439024390243,104.33414634146341,95.65036585365854,-3.6799999999999997,0.3,16.0,19250.815000000002,7583.0,-2849.0,24.875,0.5234375,0.1869375,-5.5125,101.0875,106.59375,7074.506666666667,3302.0,-989.0,-6.566666666666666,82.0,-8.360975609756098,101.78902439024391,110.15121951219511,92.95804878048781,-8.27,0.15,16.0,0.0,0.0,16.0,0.0,,,0.0,season-level roster proxy,,,,,,,,36.41
2014,2013-14,MIN,1610612750,Minnesota Timberwolves,82,40,42,3971.0,107.7,105.2,2.6,0.616,1.72,17.3,0.317,0.715,0.508,0.14,0.486,0.535,98.33,81.94,8139,,2013,31.0,101.8,104.0,-2.2,93.94,,,,,,,,,,,,,,,82.0,-2.2634146341463413,101.84268292682927,104.10853658536585,93.94585365853659,0.5449999999999999,0.45,16.0,19922.766666666666,8761.0,1126.0,26.625,0.520625,0.1791875,1.9500000000000002,104.41875,102.46875,8043.746666666667,3789.0,1068.0,6.133333333333333,82.0,2.542682926829268,107.6890243902439,105.14390243902439,98.33475609756097,-0.6750000000000002,0.45,16.0,0.0,0.0,16.0,0.0,,,0.0,season-level roster proxy,,,,,,,,35.06
2014,2013-14,NOP,1610612740,New Orleans Pelicans,82,34,48,3971.0,106.2,109.1,-3.0,0.563,1.55,16.5,0.305,0.694,0.497,0.147,0.495,0.537,93.07,77.56,7703,,2013,27.0,104.5,108.9,-4.4,89.5,,,,,,,,,,,,,,,,,,,,,,18.0,19624.895,8136.0,-1092.0,25.61111111111111,0.5196111111111111,0.18044444444444446,-2.0777777777777775,105.89444444444445,107.98333333333333,6460.475,2954.0,-637.0,-4.633333333333334,82.0,-2.9670731707317075,106.14512195121951,109.1109756097561,93.09573170731707,-3.35,0.45,18.0,0.0,0.0,18.0,0.0,,,0.0,season-level roster proxy,,,,,,,,29.119999999999997
2014,2013-14,NYK,1610612752,New York Knicks,82,37,45,3971.0,107.0,108.1,-1.1,0.542,1.54,16.0,0.291,0.705,0.492,0.141,0.505,0.541,91.24,76.04,7556,,2013,54.0,109.8,105.4,4.5,90.68,,,,,,,,,,,,,,,82.0,4.615853658536586,109.94024390243902,105.32926829268293,90.69024390243902,8.365,0.8,16.0,20066.595,8168.0,-399.0,28.5625,0.5291875,0.1795,-2.29375,103.45,105.7375,7420.254999999999,3813.0,130.0,0.3333333333333333,82.0,-0.925609756097561,107.16097560975611,108.08414634146341,91.25219512195122,6.234999999999999,0.75,16.0,0.0,0.0,16.0,0.0,,,0.0,season-level roster proxy,,,,,,,,53.15
2014,2013-14,OKC,1610612760,Oklahoma City Thunder,82,59,23,3961.0,109.4,103.0,6.4,0.562,1.43,16.6,0.294,0.722,0.518,0.158,0.52,0.566,96.33,80.27,7954,,2013,60.0,111.0,101.2,9.9,94.58,,,,,,,,,,,,,,,82.0,9.948780487804878,111.13780487804877,101.1951219512195,94.59268292682927,8.925,0.7,18.0,20626.081666666665,9079.0,2407.0,27.5,0.4833333333333333,0.17594444444444443,-1.3388888888888888,99.9,101.24444444444445,8065.11,4867.0,1263.0,7.6000000000000005,82.0,6.467073170731707,109.50243902439026,103.0329268292683,96.32243902439023,5.2299999999999995,0.65,18.0,0.0,0.0,18.0,0.0,,,0.0,season-level roster proxy,,,,,,,,67.73
2014,2013-14,ORL,1610612753,Orlando Magic,82,23,59,3991.0,101.0,106.6,-5.7,0.571,1.41,16.4,0.267,0.714,0.49,0.156,0.487,0.525,94.27,78.56,7837,,2013,20.0,100.9,108.4,-7.4,92.81,,,,,,,,,,,,,,,82.0,-7.508536585365854,100.93780487804878,108.4451219512195,92.80817073170732,-10.035,0.15,14.0,18732.38333333333,7400.0,-2146.0,25.5,0.5003571428571428,0.17207142857142857,-6.135714285714286,98.57857142857142,104.68571428571428,7217.818333333333,3256.0,-907.0,-6.6000000000000005,82.0,-5.815853658536585,100.85243902439024,106.66341463414633,94.28036585365854,-7.07,0.2,14.0,0.0,0.0,14.0,0.0,,,0.0,season-level roster proxy,,,,,,,,21.019999999999996
2014,2013-14,PHI,1610612755,Philadelphia 76ers,82,19,63,3971.0,99.0,109.0,-10.0,0.576,1.29,16.0,0.29,0.684,0.479,0.168,0.475,0.51,99.74,83.11,8236,,2013,34.0,101.0,104.7,-3.7,91.88,,,,,,,,,,,,,,,82.0,-3.7304878048780483,101.00731707317074,104.73902439024391,91.88158536585365,-1.025,0.55,18.0,15630.538333333334,6333.0,-3505.0,23.72222222222222,0.46905555555555556,0.178,-8.277777777777779,95.37777777777778,103.66666666666667,7440.77,3394.0,-1645.0,-9.933333333333332,82.0,-9.958536585365854,99.02926829268293,108.98902439024391,99.76195121951218,-7.834999999999999,0.2,18.0,0.0,0.0,18.0,0.0,,,0.0,season-level roster proxy,,,,,,,,31.009999999999998
2014,2013-14,PHO,1610612756,Phoenix Suns,82,48,34,3951.0,108.2,105.6,2.6,0.493,1.24,14.7,0.298,0.699,0.5,0.158,0.519,0.558,96.83,80.69,7973,,2013,25.0,100.2,106.9,-6.7,94.48,,,,,,,,,,,,,,,82.0,-6.63170731707317,100.20365853658538,106.83658536585367,94.50170731707317,-9.225,0.2,15.0,19755.0,8629.0,1080.0,26.133333333333333,0.5324666666666666,0.1816,-0.15333333333333315,103.77333333333333,103.94,7487.998333333333,3597.0,471.0,3.033333333333333,82.0,2.5829268292682928,108.27073170731708,105.6829268292683,96.84536585365854,2.535,0.6,15.0,0.0,0.0,15.0,0.0,,,0.0,season-level roster proxy,,,,,,,,22.909999999999997
2014,2013-14,POR,1610612757,Portland Trail Blazers,82,54,28,3971.0,110.4,106.2,4.2,0.594,1.69,17.2,0.32,0.713,0.517,0.142,0.504,0.548,95.9,79.91,7930,,2013,33.0,104.5,107.9,-3.4,92.46,,,,,,,,,,,,,,,82.0,-3.521951219512195,104.44024390243902,107.96463414634147,92.46829268292683,-8.275,0.2,15.0,19855.0,8753.0,1635.0,25.8,0.5222,0.175,1.4266666666666667,105.56666666666666,104.14,8672.853333333333,4108.0,994.0,5.6000000000000005,82.0,4.246341463414634,110.38170731707316,106.13414634146342,95.89414634146341,1.0750000000000004,0.6,15.0,0.0,0.0,15.0,0.0,,,0.0,season-level roster proxy,,,,,,,,31.82
2014,2013-14,SAC,1610612758,Sacramento Kings,82,28,54,3966.0,105.1,107.8,-2.7,0.511,1.24,14.6,0.316,0.725,0.518,0.159,0.484,0.532,95.04,79.2,7840,,2013,28.0,105.3,110.0,-4.7,94.65,,,,,,,,,,,,,,,82.0,-4.773170731707316,105.27317073170731,110.04756097560976,94.67731707317073,0.2600000000000004,0.35,16.0,18191.171666666665,7747.0,-1090.0,25.75,0.4613125,0.1611875,-6.1,99.90625,106.0,7325.953333333333,4536.0,-55.0,-0.3666666666666667,82.0,-2.8365853658536584,105.08292682926829,107.92560975609756,95.04939024390244,-5.075,0.3,16.0,0.0,0.0,16.0,0.0,,,0.0,season-level roster proxy,,,,,,,,28.31
2014,2013-14,SAS,1610612759,San Antonio Spurs,82,62,20,3951.0,109.5,101.4,8.1,0.621,1.75,19.0,0.261,0.725,0.503,0.15,0.537,0.571,95.87,79.89,7887,,2013,58.0,107.0,100.3,6.7,95.31,,,,,,,,,,,,,,,82.0,6.771951219512195,107.10487804878049,100.33048780487805,95.31682926829268,-2.2800000000000002,0.5,15.0,19335.403333333332,8503.0,3151.0,28.8,0.5451333333333334,0.18306666666666666,7.333333333333333,108.03333333333333,100.71333333333334,6170.911666666667,3164.0,835.0,6.866666666666667,82.0,8.195121951219512,109.57439024390244,101.38536585365854,95.8729268292683,11.959999999999999,0.8,15.0,0.0,0.0,15.0,0.0,,,0.0,season-level roster proxy,,,,,,,,59.09
2014,2013-14,TOR,1610612761,Toronto Raptors,82,48,34,3991.0,107.9,104.6,3.3,0.581,1.5,16.4,0.312,0.701,0.505,0.151,0.498,0.545,92.48,77.07,7696,,2013,34.0,105.0,106.4,-1.4,91.26,,,,,,,,,,,,,,,82.0,-1.2085365853658536,105.08170731707318,106.2939024390244,91.26621951219512,-1.9800000000000004,0.5,15.0,20925.323333333334,8446.0,1235.0,26.866666666666667,0.5238666666666667,0.16453333333333334,0.7133333333333335,104.16666666666667,103.42666666666668,8160.788333333334,4124.0,552.0,3.3666666666666667,82.0,3.3768292682926826,108.04634146341462,104.67317073170733,92.465,3.3299999999999996,0.65,15.0,0.0,0.0,15.0,0.0,,,0.0,season-level roster proxy,,,,,,,,37.22
2014,2013-14,UTA,1610612762,Utah Jazz,82,25,57,3956.0,102.4,110.1,-7.6,0.564,1.39,16.1,0.297,0.708,0.497,0.158,0.484,0.523,92.32,76.94,7605,,2013,43.0,105.4,105.6,-0.2,92.05,,,,,,,,,,,,,,,82.0,-0.15731707317073168,105.39024390243902,105.54756097560976,92.06975609756098,-0.14000000000000012,0.55,17.0,19794.666666666668,7793.0,-2933.0,26.352941176470587,0.48352941176470593,0.1691764705882353,-5.988235294117647,99.19411764705882,105.19411764705882,7274.6483333333335,2974.0,-1064.0,-7.733333333333334,82.0,-7.58780487804878,102.4939024390244,110.08292682926829,92.31512195121951,-10.545,0.2,17.0,0.0,0.0,17.0,0.0,,,0.0,season-level roster proxy,,,,,,,,40.46
2014,2013-14,WAS,1610612764,Washington Wizards,82,44,38,4011.0,104.9,103.6,1.3,0.601,1.59,17.6,0.286,0.719,0.498,0.153,0.506,0.538,94.18,78.48,7872,,2013,29.0,99.3,101.6,-2.3,93.23,,,,,,,,,,,,,,,82.0,-2.426829268292683,99.25365853658536,101.67682926829268,93.23682926829268,0.27499999999999974,0.45,15.0,19940.715,8274.0,734.0,27.333333333333332,0.5168666666666667,0.1868,0.3266666666666667,101.33999999999999,101.00666666666666,8357.38,3758.0,684.0,4.166666666666667,82.0,1.2182926829268292,104.87439024390245,103.64634146341463,94.1829268292683,2.325,0.55,15.0,0.0,0.0,15.0,0.0,,,0.0,season-level roster proxy,,,,,,,,34.79
2015,2014-15,ATL,1610612737,Atlanta Hawks,82,60,22,3946.0,108.2,102.3,5.9,0.676,1.81,19.5,0.264,0.697,0.487,0.15,0.527,0.563,94.66,78.88,7775,,2014,38.0,104.9,105.7,-0.7,95.41,16.0,19801.573333333334,8277.0,-188.0,27.125,0.504375,0.1910625,-4.65625,98.1875,102.84375,7432.043333333333,3482.0,453.0,2.1333333333333333,82.0,-0.7670731707317073,104.91585365853659,105.6890243902439,95.40475609756098,1.0849999999999997,0.55,15.0,19979.06333333333,8507.0,2202.0,27.866666666666667,0.5480666666666667,0.18593333333333334,3.966666666666667,104.3,100.33333333333333,7125.481666666667,3285.0,1319.0,9.1,82.0,6.067073170731708,108.29512195121953,102.21829268292683,94.65658536585366,3.9850000000000003,0.55,15.0,12.0,3.0,0.0,1.0,0.8658025792324575,0.13419742076754249,19698.36666666667,season-level roster proxy,-0.39532808980778444,103.6564053280221,104.07176538325511,0.8124492152939103,104.61962512139364,103.8325374667395,43.19361288129356,39.11
2015,2014-15,BOS,1610612738,Boston Celtics,82,40,42,3976.0,103.8,103.5,0.3,0.629,1.77,18.0,0.289,0.71,0.495,0.142,0.489,0.523,96.71,80.59,8007,,2014,25.0,101.9,106.5,-4.6,94.28,16.0,18640.768333333333,7360.0,-1692.0,26.25,0.5055625,0.1723125,-2.08125,100.31875,102.39375,7112.93,3275.0,-767.0,-4.8999999999999995,82.0,-4.54390243902439,101.96951219512195,106.51829268292683,94.26756097560975,-7.24,0.2,14.0,19175.163333333334,8097.0,269.0,25.214285714285715,0.519,0.18464285714285714,2.5285714285714285,103.60000000000001,101.07142857142857,6615.933333333333,2716.0,-365.0,-1.9333333333333333,82.0,0.25487804878048803,103.8170731707317,103.57317073170732,96.70353658536585,5.275,0.7,14.0,6.0,6.0,2.0,0.8571428571428571,0.551093588182925,0.4489064118170752,18346.333333333332,season-level roster proxy,-2.092117244135977,102.24323227166192,104.3353495157979,-2.3159097553684225,102.41773685391158,104.73364660927999,34.747043660505256,28.58
2015,2014-15,BRK,1610612751,Brooklyn Nets,82,38,44,3986.0,103.4,106.3,-3.0,0.559,1.51,16.3,0.278,0.701,0.491,0.146,0.491,0.529,93.69,78.07,7777,,2014,44.0,105.4,106.7,-1.3,92.42,17.0,20706.133333333335,8401.0,-307.0,29.529411764705884,0.5313529411764706,0.1847058823529412,-3.7529411764705882,102.34117647058824,106.10000000000001,6731.99,3170.0,314.0,2.1,82.0,-1.3743902439024391,105.39512195121951,106.77317073170731,92.46548780487805,-0.18500000000000014,0.6,16.0,20592.736666666668,8406.0,-1317.0,27.6875,0.4930625,0.1796875,-5.99375,99.5,105.49375,7465.733333333334,3182.0,-649.0,-4.833333333333333,82.0,-2.892682926829268,103.4560975609756,106.34634146341463,93.70878048780487,-0.21000000000000024,0.65,16.0,7.0,5.0,4.0,0.75,0.6277632172490305,0.3722367827509694,16674.328333333335,season-level roster proxy,-3.593810835159077,102.92665253782833,106.50728803968813,-3.1230267028467495,103.7431831054745,106.85146932474345,32.56782790231377,37.49
2015,2014-15,CHI,1610612741,Chicago Bulls,82,50,32,3976.0,106.3,103.3,3.0,0.593,1.56,16.6,0.312,0.709,0.516,0.147,0.489,0.536,93.8,78.17,7775,,2014,48.0,101.7,99.9,1.9,90.84,16.0,19802.898333333334,7514.0,547.0,28.625,0.45275,0.1740625,-4.6875,97.6,102.275,7993.903333333334,2814.0,596.0,3.8000000000000003,82.0,1.876829268292683,101.75731707317074,99.88048780487804,90.86219512195122,5.545,0.7,14.0,19880.0,8265.0,1230.0,28.571428571428573,0.5041428571428571,0.1804285714285714,0.4142857142857142,103.45714285714287,103.01428571428572,7242.861666666667,3232.0,506.0,3.266666666666667,82.0,3.228048780487805,106.43170731707316,103.19878048780487,93.78085365853659,4.045,0.55,14.0,8.0,3.0,3.0,0.7857142857142857,0.7464611250550391,0.25353887494496097,19512.675,season-level roster proxy,0.5816944883261779,101.25379455490685,100.6697051702718,1.1054431300163665,101.98377400687495,100.87564652995614,43.98469645104419,46.13
2015,2014-15,CHO,1610612766,Charlotte Hornets,82,33,49,3981.0,99.6,103.0,-3.4,0.568,1.69,15.8,0.27,0.746,0.502,0.126,0.456,0.498,93.45,77.87,7753,,2014,43.0,103.0,103.3,-0.4,92.93,15.0,19706.603333333333,7814.0,-399.0,26.866666666666667,0.4862,0.18006666666666668,-2.7733333333333334,102.59333333333333,105.36666666666666,7627.826666666667,3964.0,90.0,0.6,82.0,-0.3792682926829268,103.01951219512196,103.40121951219511,92.94878048780488,3.7399999999999998,0.7,16.0,20385.305,7906.0,-1380.0,26.125,0.5023124999999999,0.188625,-5.1312500000000005,97.06875,102.21875,6468.35,2621.0,-377.0,-3.2000000000000006,82.0,-3.5341463414634147,99.71707317073171,103.24634146341464,93.42390243902439,-7.404999999999999,0.25,16.0,8.0,6.0,2.0,0.875,0.5953587227307662,0.4046412772692338,20978.923333333332,season-level roster proxy,-0.2799899089196985,102.8944283842339,103.18767233367713,0.537304019207029,103.86627910328762,103.33068371539021,42.450720851858975,39.92
2015,2014-15,CLE,1610612739,Cleveland Cavaliers,82,53,29,3956.0,110.1,105.3,4.8,0.587,1.55,17.1,0.311,0.711,0.513,0.152,0.52,0.557,93.23,77.69,7682,,2014,33.0,103.5,107.0,-3.6,93.69,18.0,21138.408333333333,8703.0,-1416.0,24.88888888888889,0.4737777777777778,0.1826111111111111,-6.555555555555555,98.13888888888889,104.69444444444444,7558.865,3492.0,-928.0,-6.5,82.0,-3.6268292682926826,103.42073170731707,107.05731707317074,93.68865853658536,0.3449999999999999,0.45,17.0,22203.618333333332,9183.0,1764.0,28.58823529411765,0.5225882352941177,0.17376470588235296,-3.0176470588235293,102.62352941176471,105.66470588235293,7755.049999999999,4599.0,1362.0,8.700000000000001,82.0,4.781707317073171,110.09024390243901,105.31341463414635,93.23073170731708,5.93,0.75,17.0,4.0,10.0,3.0,0.8235294117647058,0.3179121176792327,0.6820878823207673,25669.326666666664,season-level roster proxy,0.943481526200272,106.54072253940438,105.58780869203427,0.8348070679544054,107.26240436902825,106.41510397460209,43.25397908347689,31.28
2015,2014-15,DAL,1610612742,Dallas Mavericks,82,50,32,3976.0,108.2,104.9,3.2,0.567,1.74,17.0,0.269,0.681,0.477,0.133,0.515,0.55,96.4,80.34,7976,,2014,49.0,109.5,107.2,2.3,94.94,15.0,19830.0,8597.0,985.0,28.733333333333334,0.5427333333333333,0.18393333333333334,3.2266666666666666,106.63333333333334,103.40666666666667,8118.903333333334,4220.0,368.0,1.8666666666666665,82.0,2.4121951219512194,109.56219512195122,107.14756097560976,94.96121951219511,3.3899999999999997,0.65,16.0,20132.635000000002,8762.0,999.0,29.5,0.527,0.1883125,1.2937500000000002,103.625,102.31875,7266.71,3617.0,683.0,4.333333333333333,82.0,3.3353658536585367,108.2939024390244,104.96097560975609,96.3991463414634,-2.12,0.5,16.0,5.0,10.0,1.0,0.9375,0.3161903578784827,0.6838096421215175,21841.631666666664,season-level roster proxy,-0.9862913553695892,106.33531354762188,107.30864269221647,-0.2895007702905136,106.80061669947983,107.07317656187004,40.218347920215614,47.21
2015,2014-15,DEN,1610612743,Denver Nuggets,82,30,52,3976.0,103.9,107.1,-3.3,0.577,1.53,16.2,0.303,0.7,0.494,0.146,0.479,0.518,96.87,80.72,8011,,2014,36.0,105.1,107.3,-2.2,98.95,14.0,19700.661666666667,8520.0,-892.0,25.714285714285715,0.5200714285714286,0.19592857142857142,-2.2,103.32857142857142,105.52857142857144,6884.548333333334,3254.0,-332.0,-2.3333333333333335,82.0,-2.1999999999999997,105.04024390243902,107.2329268292683,98.94243902439024,-1.7099999999999997,0.45,17.0,18076.166666666668,7454.0,-1277.0,25.823529411764707,0.5088823529411765,0.18923529411764706,-6.723529411764706,99.87647058823529,106.5764705882353,7222.468333333334,3174.0,-287.0,-1.5999999999999999,82.0,-3.1646341463414633,103.8780487804878,107.04634146341462,96.87353658536585,-0.6700000000000002,0.4,17.0,8.0,4.0,5.0,0.7058823529411765,0.81508569931603,0.18491430068396997,15676.126666666665,season-level roster proxy,-2.493872338362495,104.51750229329608,106.99370659801592,-2.706795488480559,104.76366335996975,107.4555262595383,33.69165218110249,35.06
2015,2014-15,DET,1610612765,Detroit Pistons,82,32,50,3966.0,104.3,105.4,-1.1,0.582,1.61,16.4,0.316,0.712,0.505,0.142,0.482,0.515,93.68,78.07,7741,,2014,29.0,105.2,109.0,-3.7,95.57,15.0,19780.0,8286.0,-1500.0,26.066666666666666,0.5032,0.18413333333333334,-3.6133333333333337,102.36,105.97333333333333,8147.838333333333,3754.0,-530.0,-3.1333333333333333,82.0,-3.8134146341463415,105.24146341463414,109.05365853658536,95.58426829268292,-6.435,0.25,15.0,19120.338333333333,7795.0,-149.0,27.466666666666665,0.4952666666666667,0.1796,-0.08666666666666671,102.25333333333333,102.34666666666666,7356.906666666666,3290.0,126.0,0.9333333333333332,82.0,-1.1292682926829272,104.40365853658537,105.52439024390245,93.68865853658536,0.4699999999999996,0.45,15.0,4.0,10.0,1.0,0.9333333333333333,0.4312468374689948,0.5687531625310052,22305.446666666667,season-level roster proxy,-2.3374570246968083,103.87785347345654,106.23233651900269,-2.1804547234970033,104.76213584578281,106.96786762596011,35.112772246558094,31.009999999999998
2015,2014-15,GSW,1610612744,Golden State Warriors,82,67,15,3946.0,110.4,100.4,9.9,0.659,1.9,19.7,0.273,0.703,0.498,0.145,0.54,0.571,99.28,82.74,8170,,2014,51.0,106.3,101.4,4.9,97.37,14.0,21366.26,9138.0,1980.0,27.285714285714285,0.5144285714285715,0.17971428571428572,-0.18571428571428575,101.29285714285713,101.45714285714287,8001.95,4618.0,1575.0,9.566666666666666,82.0,4.909756097560976,106.22926829268292,101.33170731707318,97.41134146341463,5.43,0.65,15.0,19730.0,9016.0,4140.0,27.2,0.5505333333333333,0.18093333333333333,3.5399999999999996,104.7,101.15333333333334,7557.781666666667,4489.0,2534.0,15.766666666666666,82.0,9.930487804878048,110.35243902439024,100.41829268292682,99.27829268292683,9.540000000000001,0.85,15.0,9.0,3.0,3.0,0.8,0.8595276539634448,0.14047234603655523,19645.978333333333,season-level roster proxy,6.164380394392847,106.54943383238658,100.3795831241797,7.2969187526501855,107.55885386440893,100.26193511175875,60.7016806321555,54.230000000000004
2015,2014-15,HOU,1610612745,Houston Rockets,82,56,26,3961.0,106.0,102.6,3.4,0.6,1.33,16.5,0.305,0.686,0.496,0.17,0.512,0.548,97.36,81.14,8037,,2014,54.0,109.8,105.2,4.6,97.27,16.0,19625.798333333332,8789.0,1831.0,25.125,0.5514375,0.183125,3.6437500000000007,107.29375,103.65,7956.450000000001,4374.0,1071.0,6.533333333333334,82.0,4.507317073170732,109.76951219512196,105.26097560975609,97.27158536585367,3.1350000000000007,0.55,17.0,22782.046666666665,9543.0,743.0,27.705882352941178,0.5061176470588234,0.17900000000000002,0.8294117647058824,101.68823529411765,100.87058823529412,8211.506666666666,4292.0,579.0,3.466666666666667,82.0,3.4560975609756093,106.08170731707318,102.63170731707316,97.3759756097561,3.3549999999999995,0.7,17.0,6.0,6.0,5.0,0.7058823529411765,0.5036765505539961,0.49632344944600393,21915.016666666666,season-level roster proxy,3.3080406509691604,108.23204610080911,104.92400544983997,4.032289611700889,109.0673624356684,105.03507282396752,51.887181951592396,53.42
2015,2014-15,IND,1610612754,Indiana Pacers,82,38,44,3971.0,102.9,102.7,0.2,0.586,1.53,16.6,0.286,0.735,0.511,0.148,0.484,0.523,93.67,78.06,7753,,2014,56.0,103.6,98.9,4.7,92.89,15.0,22109.89,9004.0,1048.0,27.733333333333334,0.5282666666666667,0.18633333333333332,-0.37333333333333335,100.40666666666667,100.78,8122.493333333334,3935.0,1060.0,6.6000000000000005,82.0,4.6,103.59878048780489,98.99268292682926,92.8759756097561,-2.905,0.5,15.0,19662.005,7876.0,112.0,28.533333333333335,0.5236,0.2024,1.2266666666666666,102.04666666666667,100.85333333333332,6202.698333333333,2300.0,-263.0,-2.0,82.0,0.3231707317073171,103.09878048780489,102.77439024390245,93.68268292682926,1.2000000000000004,0.5,15.0,11.0,2.0,2.0,0.8666666666666667,0.8450765433819448,0.1549234566180551,18941.655000000002,season-level roster proxy,3.250811399531878,102.7862248749295,99.54154365955175,4.59648735323443,103.46267138488213,98.87343959489358,53.41051585373296,53.69
2015,2014-15,LAC,1610612746,Los Angeles Clippers,82,56,26,3946.0,111.6,104.7,6.9,0.629,2.01,18.7,0.272,0.716,0.497,0.129,0.533,0.565,95.4,79.5,7844,,2014,57.0,111.3,104.0,7.3,96.66,18.0,21541.90166666667,9561.0,2936.0,29.77777777777778,0.5247222222222222,0.18322222222222223,1.822222222222222,103.80000000000001,101.97777777777777,7904.719999999999,3971.0,1595.0,9.933333333333334,82.0,7.1499999999999995,111.29268292682927,104.14268292682928,96.67719512195121,8.190000000000001,0.75,18.0,20113.02,8879.0,2676.0,28.72222222222222,0.5270555555555556,0.1748888888888889,-0.7277777777777777,101.95555555555556,102.69999999999999,8086.363333333333,3787.0,1981.0,12.233333333333334,82.0,6.8621951219512205,111.59634146341463,104.73902439024391,95.40012195121952,8.235,0.8,18.0,8.0,7.0,3.0,0.8333333333333334,0.6591706193152368,0.34082938068476326,22414.998333333333,season-level roster proxy,3.0546915870839166,107.91447817789266,104.85978659080874,4.414606974724692,109.24862275595285,104.83401578122815,52.91943883175667,60.71
2015,2014-15,LAL,1610612747,Los Angeles Lakers,82,21,61,3986.0,102.3,109.4,-7.1,0.562,1.58,15.9,0.29,0.72,0.497,0.138,0.473,0.513,95.03,79.19,7892,,2014,27.0,103.2,109.3,-6.0,99.72,18.0,19169.981666666667,8331.0,-2580.0,27.333333333333332,0.4983888888888889,0.19516666666666665,-6.4,102.19999999999999,108.60555555555555,6680.235,2965.0,-1237.0,-8.166666666666666,82.0,-5.754878048780488,103.36951219512194,109.10853658536585,99.725,-6.825,0.3,18.0,20322.711666666666,8178.0,-2830.0,26.333333333333332,0.4888333333333333,0.19083333333333333,-10.277777777777779,99.1888888888889,109.45555555555556,6025.576666666667,2426.0,-961.0,-8.0,82.0,-7.235365853658536,102.20243902439024,109.43536585365854,95.04682926829268,-8.735,0.25,18.0,7.0,7.0,4.0,0.7777777777777778,0.5976898000142663,0.40231019998573375,15117.161666666667,season-level roster proxy,-2.6268418773938715,102.71392593869858,105.34076781609245,-2.5996469265345388,102.94996447511522,105.54961140164974,33.980953298356745,24.799999999999997
2015,2014-15,MEM,1610612763,Memphis Grizzlies,82,55,27,3981.0,104.8,101.2,3.5,0.574,1.62,16.9,0.288,0.716,0.503,0.142,0.489,0.531,92.82,77.35,7696,,2014,50.0,105.5,103.8,1.7,90.58,16.0,20490.698333333334,8120.0,420.0,27.75,0.5283125,0.1841875,-0.7062500000000003,102.30625,103.00625,7123.846666666667,3389.0,388.0,2.433333333333333,82.0,1.6134146341463416,105.4329268292683,103.82195121951219,90.59951219512195,3.315,0.7,18.0,19912.746666666666,8337.0,1208.0,27.72222222222222,0.5111666666666667,0.18383333333333335,-2.2666666666666666,98.05555555555556,100.32222222222222,7496.2300000000005,3358.0,210.0,1.0,82.0,3.571951219512195,104.84268292682927,101.27317073170731,92.83439024390243,2.41,0.55,18.0,9.0,2.0,7.0,0.6111111111111112,0.7479430699145228,0.25205693008547747,18957.053333333333,season-level roster proxy,0.6185927366348779,103.89680687012539,103.2782285080874,0.9884481355094671,104.155491986166,103.16706036590313,43.66880996587556,45.59
2015,2014-15,MIA,1610612748,Miami Heat,82,37,45,3946.0,103.2,106.1,-3.0,0.564,1.34,16.1,0.284,0.687,0.489,0.161,0.5,0.54,91.49,76.24,7526,,2014,54.0,110.0,105.0,5.1,91.9,17.0,20111.118333333332,8462.0,1865.0,30.294117647058822,0.5971176470588235,0.17552941176470588,0.6,110.81176470588235,110.21764705882353,7611.358333333334,4086.0,1160.0,7.5,82.0,5.213414634146342,110.15365853658537,104.94268292682926,91.93829268292683,2.875,0.5,17.0,18504.403333333332,7772.0,-606.0,28.11764705882353,0.5167647058823529,0.18429411764705883,-2.952941176470588,100.32352941176471,103.28235294117647,7428.9383333333335,3095.0,-134.0,-1.4666666666666668,82.0,-3.1487804878048777,103.14756097560976,106.2939024390244,91.48865853658536,-3.2049999999999996,0.45,17.0,6.0,4.0,7.0,0.5882352941176471,0.5555413506402594,0.44445864935974055,16856.45,season-level roster proxy,3.780763624606604,107.57165386741178,103.77688938062282,4.366026953700282,107.98480415981987,103.60398279202488,52.78827277499076,54.769999999999996
2015,2014-15,MIL,1610612749,Milwaukee Bucks,82,41,41,3986.0,102.0,101.4,0.6,0.627,1.41,17.8,0.29,0.686,0.491,0.175,0.499,0.536,94.82,79.02,7867,,2014,15.0,101.9,110.2,-8.3,92.96,16.0,19250.815000000002,7583.0,-2849.0,24.875,0.5234375,0.1869375,-5.5125,101.0875,106.59375,7074.506666666667,3302.0,-989.0,-6.566666666666666,82.0,-8.360975609756098,101.78902439024391,110.15121951219511,92.95804878048781,-8.27,0.15,18.0,20717.168333333335,7970.0,41.0,25.27777777777778,0.5062222222222222,0.17800000000000002,-1.3611111111111112,99.20555555555556,100.57777777777778,7068.651666666667,3051.0,163.0,1.3666666666666665,82.0,0.5597560975609757,102.00243902439026,101.43536585365854,94.84536585365854,-2.55,0.4,18.0,8.0,7.0,3.0,0.8333333333333334,0.5449841557332826,0.45501584426671726,22489.733333333337,season-level roster proxy,-5.002830921368564,102.32843009106375,107.32170875006666,-4.337922149739606,103.50475557482844,107.83263359736719,29.28761019570306,18.589999999999996
2015,2014-15,MIN,1610612750,Minnesota Timberwolves,82,16,66,3961.0,101.8,110.9,-9.1,0.593,1.44,16.3,0.311,0.682,0.489,0.156,0.468,0.517,95.45,79.54,7873,,2014,40.0,107.7,105.2,2.6,98.33,16.0,19922.766666666666,8761.0,1126.0,26.625,0.520625,0.1791875,1.9500000000000002,104.41875,102.46875,8043.746666666667,3789.0,1068.0,6.133333333333333,82.0,2.542682926829268,107.6890243902439,105.14390243902439,98.33475609756097,-0.6750000000000002,0.45,18.0,17968.44,7208.0,-3303.0,26.0,0.5201666666666667,0.184,-7.466666666666667,101.57222222222222,109.0611111111111,7063.546666666666,2875.0,-1476.0,-10.766666666666666,82.0,-9.086585365853658,101.85853658536585,110.9451219512195,95.46121951219511,-12.125,0.1,18.0,7.0,7.0,4.0,0.7777777777777778,0.709860195654508,0.2901398043454921,12667.226666666667,season-level roster proxy,1.2174951870548882,105.59482342622748,104.38747356695809,1.964474587961828,106.37753713683614,104.42244214328612,46.304081387496936,48.02
2015,2014-15,NOP,1610612740,New Orleans Pelicans,82,45,37,3956.0,107.1,106.3,0.8,0.581,1.66,17.1,0.309,0.712,0.511,0.143,0.501,0.537,92.29,76.91,7608,,2014,34.0,106.2,109.1,-3.0,93.07,18.0,19624.895,8136.0,-1092.0,25.61111111111111,0.5196111111111111,0.18044444444444446,-2.0777777777777775,105.89444444444445,107.98333333333333,6460.475,2954.0,-637.0,-4.633333333333334,82.0,-2.9670731707317075,106.14512195121951,109.1109756097561,93.09573170731707,-3.35,0.45,16.0,20442.15166666667,8290.0,215.0,26.6875,0.502375,0.17325000000000002,-1.3624999999999998,103.4125,104.775,7162.623333333333,3787.0,502.0,3.6999999999999997,82.0,0.7804878048780488,107.17439024390244,106.38658536585366,92.27158536585367,2.7100000000000004,0.6,16.0,9.0,7.0,0.0,1.0,0.5895294976029972,0.41047050239700283,19018.89,season-level roster proxy,-1.2563929861311571,105.25352633618472,106.52482166414548,-1.5572587926536825,105.12419563649956,106.69661305958336,36.79540125983506,32.9
2015,2014-15,NYK,1610612752,New York Knicks,82,17,65,3971.0,98.9,109.0,-10.1,0.606,1.45,16.7,0.289,0.691,0.484,0.158,0.47,0.508,92.06,76.72,7618,,2014,37.0,107.0,108.1,-1.1,91.24,16.0,20066.595,8168.0,-399.0,28.5625,0.5291875,0.1795,-2.29375,103.45,105.7375,7420.254999999999,3813.0,130.0,0.3333333333333333,82.0,-0.925609756097561,107.16097560975611,108.08414634146341,91.25219512195122,6.234999999999999,0.75,16.0,17836.483333333334,6740.0,-3738.0,26.875,0.4905625,0.1964375,-10.825,95.95,106.76875,5330.705,1930.0,-1172.0,-11.533333333333333,82.0,-10.042682926829269,98.98902439024391,109.03658536585365,92.05304878048781,-11.09,0.25,16.0,4.0,9.0,3.0,0.8125,0.4732337577284631,0.526766242271537,13617.681666666665,season-level roster proxy,-1.6687466992974453,105.04218057674771,106.72433562785835,-1.926936480635692,105.31689283648683,107.26136105726431,35.797271502283635,38.03
2015,2014-15,OKC,1610612760,Oklahoma City Thunder,82,45,37,3966.0,106.7,104.6,2.1,0.528,1.4,15.3,0.318,0.73,0.524,0.151,0.492,0.532,96.61,80.51,7988,,2014,59.0,109.4,103.0,6.4,96.33,18.0,20626.081666666665,9079.0,2407.0,27.5,0.4833333333333333,0.17594444444444443,-1.3388888888888888,99.9,101.24444444444445,8065.11,4867.0,1263.0,7.6000000000000005,82.0,6.467073170731707,109.50243902439026,103.0329268292683,96.32243902439023,5.2299999999999995,0.65,16.0,21617.335,9554.0,622.0,25.9375,0.532,0.1890625,-0.525,103.78125,104.30624999999999,6645.513333333333,3989.0,270.0,1.9000000000000001,82.0,2.0231707317073173,106.54268292682927,104.52926829268293,96.60951219512195,0.95,0.55,16.0,8.0,6.0,2.0,0.875,0.543636180126811,0.45636381987318875,22903.605000000003,season-level roster proxy,2.423908041259589,106.40709092156743,103.98318288030784,1.1070431727422139,105.72405774697756,104.61701457423536,43.989016566403976,58.28
2015,2014-15,ORL,1610612753,Orlando Magic,82,25,57,3951.0,101.0,106.8,-5.9,0.55,1.39,16.2,0.269,0.716,0.491,0.157,0.494,0.524,94.51,78.76,7773,,2014,23.0,101.0,106.6,-5.7,94.27,14.0,18732.38333333333,7400.0,-2146.0,25.5,0.5003571428571428,0.17207142857142857,-6.135714285714286,98.57857142857142,104.68571428571428,7217.818333333333,3256.0,-907.0,-6.6000000000000005,82.0,-5.815853658536585,100.85243902439024,106.66341463414633,94.28036585365854,-7.07,0.2,15.0,19755.0,7847.0,-2345.0,25.4,0.5083333333333333,0.17886666666666665,-6.02,98.46000000000001,104.48,7590.118333333334,3451.0,-811.0,-5.2,82.0,-5.817073170731708,101.04024390243902,106.86341463414634,94.52060975609756,-6.245,0.3,15.0,7.0,5.0,3.0,0.8,0.6399537146809515,0.3600462853190487,16954.26,season-level roster proxy,-2.977069637168869,101.5831128086196,104.54984470962856,-3.0298277141104535,101.91854000300286,104.93882491930704,32.819465171901776,25.61
2015,2014-15,PHI,1610612755,Philadelphia 76ers,82,18,64,3961.0,94.9,103.9,-9.0,0.609,1.16,15.5,0.293,0.686,0.48,0.183,0.459,0.494,96.45,80.37,7950,,2014,19.0,99.0,109.0,-10.0,99.74,18.0,15630.538333333334,6333.0,-3505.0,23.72222222222222,0.46905555555555556,0.178,-8.277777777777779,95.37777777777778,103.66666666666667,7440.77,3394.0,-1645.0,-9.933333333333332,82.0,-9.958536585365854,99.02926829268293,108.98902439024391,99.76195121951218,-7.834999999999999,0.2,20.0,17573.451666666668,6566.0,-3016.0,24.4,0.45975,0.1797,-5.51,96.595,102.10499999999999,6183.535,2347.0,-943.0,-7.433333333333334,82.0,-8.967073170731707,94.91951219512195,103.88780487804877,96.44390243902438,-4.525,0.25,20.0,5.0,6.0,9.0,0.55,0.6542212456538196,0.3457787543461801,9344.891666666668,season-level roster proxy,-7.725879789938708,98.66850600194222,106.41611078066715,-7.991464108024688,98.40851030679063,106.42254173340092,19.42304690833334,14.0
2015,2014-15,PHO,1610612756,Phoenix Suns,82,39,43,3976.0,104.2,105.3,-1.1,0.522,1.34,15.4,0.281,0.698,0.489,0.154,0.501,0.537,97.2,81.0,8058,,2014,48.0,108.2,105.6,2.6,96.83,15.0,19755.0,8629.0,1080.0,26.133333333333333,0.5324666666666666,0.1816,-0.15333333333333315,103.77333333333333,103.94,7487.998333333333,3597.0,471.0,3.033333333333333,82.0,2.5829268292682928,108.27073170731708,105.6829268292683,96.84536585365854,2.535,0.6,17.0,19390.058333333334,8301.0,-548.0,26.294117647058822,0.47047058823529414,0.1851764705882353,-5.417647058823529,97.01176470588236,102.4470588235294,7763.711666666666,3348.0,92.0,0.5000000000000001,82.0,-1.1134146341463413,104.17073170731707,105.2829268292683,97.19987804878049,-5.99,0.35,17.0,8.0,6.0,3.0,0.8235294117647058,0.633267093272922,0.3667329067270779,17653.80166666667,season-level roster proxy,0.6719476853002669,105.76044406299265,105.08486158930262,0.8189051919285296,106.76468568923931,105.94099956720497,43.21104401820703,48.02
2015,2014-15,POR,1610612757,Portland Trail Blazers,82,51,31,3971.0,107.1,102.8,4.3,0.567,1.61,16.8,0.282,0.728,0.51,0.142,0.508,0.544,95.06,79.22,7868,,2014,54.0,110.4,106.2,4.2,95.9,15.0,19855.0,8753.0,1635.0,25.8,0.5222,0.175,1.4266666666666667,105.56666666666666,104.14,8672.853333333333,4108.0,994.0,5.6000000000000005,82.0,4.246341463414634,110.38170731707316,106.13414634146342,95.89414634146341,1.0750000000000004,0.6,16.0,21595.97,9219.0,1519.0,27.1875,0.5395,0.1766875,3.1875,103.8875,100.70625,7937.701666666666,4416.0,620.0,3.9,82.0,4.382926829268293,107.26951219512196,102.87926829268294,95.08378048780487,1.95,0.45,16.0,11.0,4.0,1.0,0.9375,0.7408837273544967,0.25911627264550324,22407.778333333335,season-level roster proxy,1.980708968098652,107.41331950430603,105.41877705115341,2.4615568049281866,108.18412349686453,105.70902326130123,47.64620337330611,52.34
2015,2014-15,SAC,1610612758,Sacramento Kings,82,29,53,3971.0,104.5,108.2,-3.7,0.554,1.25,15.5,0.313,0.715,0.519,0.168,0.49,0.542,96.16,80.13,7952,,2014,28.0,105.1,107.8,-2.7,95.04,16.0,18191.171666666665,7747.0,-1090.0,25.75,0.4613125,0.1611875,-6.1,99.90625,106.0,7325.953333333333,4536.0,-55.0,-0.3666666666666667,82.0,-2.8365853658536584,105.08292682926829,107.92560975609756,95.04939024390244,-5.075,0.3,17.0,19782.335,8280.0,-1475.0,26.647058823529413,0.5331176470588236,0.18205882352941177,-1.6176470588235299,105.21764705882353,106.83529411764707,7091.535,3849.0,-84.0,-0.6333333333333333,82.0,-3.8048780487804876,104.56219512195122,108.36341463414634,96.17158536585366,-1.52,0.4,17.0,8.0,4.0,5.0,0.7058823529411765,0.7277189913479303,0.27228100865206956,17686.905000000002,season-level roster proxy,-0.6719167466929156,104.89008505633593,105.54683921051569,-0.0877127033137722,105.37403793989728,105.43815637287396,40.763175701052816,33.71
2015,2014-15,SAS,1610612759,San Antonio Spurs,82,55,27,3991.0,107.6,101.4,6.3,0.623,1.75,18.4,0.272,0.73,0.507,0.146,0.517,0.555,94.45,78.71,7860,,2014,62.0,109.5,101.4,8.1,95.87,15.0,19335.403333333332,8503.0,3151.0,28.8,0.5451333333333334,0.18306666666666666,7.333333333333333,108.03333333333333,100.71333333333334,6170.911666666667,3164.0,835.0,6.866666666666667,82.0,8.195121951219512,109.57439024390244,101.38536585365854,95.8729268292683,11.959999999999999,0.8,15.0,19661.87,8350.0,2590.0,29.466666666666665,0.5440666666666666,0.1844,3.433333333333333,104.54666666666667,101.11999999999999,6571.1900000000005,3073.0,1175.0,9.333333333333334,82.0,6.363414634146341,107.69024390243902,101.33292682926829,94.53024390243903,12.725,0.8,15.0,13.0,1.0,1.0,0.9333333333333333,0.9991289672344622,0.0008710327655377323,19153.50833333333,season-level roster proxy,8.092861107690888,108.12462342625656,100.03683480963672,8.837551926437023,108.83132233093608,99.99389811424808,64.86139020137996,62.870000000000005
2015,2014-15,TOR,1610612761,Toronto Raptors,82,49,33,3971.0,110.2,107.1,3.1,0.547,1.61,16.1,0.301,0.689,0.494,0.137,0.508,0.553,93.46,77.88,7736,,2014,48.0,107.9,104.6,3.3,92.48,15.0,20925.323333333334,8446.0,1235.0,26.866666666666667,0.5238666666666667,0.16453333333333334,0.7133333333333335,104.16666666666667,103.42666666666668,8160.788333333334,4124.0,552.0,3.3666666666666667,82.0,3.3768292682926826,108.04634146341462,104.67317073170733,92.465,3.3299999999999996,0.65,16.0,19924.42166666667,8542.0,1253.0,26.3125,0.5280625,0.179125,-5.6875,102.8625,108.53125,6670.961666666666,3096.0,586.0,4.133333333333333,82.0,3.18780487804878,110.38536585365854,107.19634146341464,93.45512195121951,1.675,0.55,16.0,10.0,3.0,3.0,0.8125,0.8400710372977104,0.15992896270228973,21306.17833333333,season-level roster proxy,2.4080914244983878,106.4032141928785,103.96410692923422,2.9640366687003037,107.34641601617759,104.34415853460924,49.00289900549082,49.91
2015,2014-15,UTA,1610612762,Utah Jazz,82,38,44,3941.0,104.2,104.1,0.1,0.563,1.3,15.8,0.332,0.715,0.524,0.168,0.494,0.531,91.1,75.91,7486,,2014,25.0,102.4,110.1,-7.6,92.32,17.0,19794.666666666668,7793.0,-2933.0,26.352941176470587,0.48352941176470593,0.1691764705882353,-5.988235294117647,99.19411764705882,105.19411764705882,7274.6483333333335,2974.0,-1064.0,-7.733333333333334,82.0,-7.58780487804878,102.4939024390244,110.08292682926829,92.31512195121951,-10.545,0.2,16.0,18392.09,7105.0,163.0,23.875,0.5095,0.1873125,-0.9375,99.35,100.2875,7184.961666666667,3623.0,119.0,0.5666666666666667,82.0,0.10487804878048756,104.31341463414635,104.20731707317073,91.10292682926828,3.7099999999999995,0.6,16.0,6.0,3.0,7.0,0.5625,0.8034661947623546,0.19653380523764563,13814.476666666666,season-level roster proxy,-5.68632926859577,102.69114124965043,108.36622563576422,-5.746906414591738,102.77678823680094,108.51213820427239,25.48335268060231,20.48
2015,2014-15,WAS,1610612764,Washington Wizards,82,46,36,3991.0,103.0,102.4,0.6,0.627,1.6,18.1,0.288,0.726,0.514,0.157,0.499,0.534,94.29,78.58,7844,,2014,44.0,104.9,103.6,1.3,94.18,15.0,19940.715,8274.0,734.0,27.333333333333332,0.5168666666666667,0.1868,0.3266666666666667,101.33999999999999,101.00666666666666,8357.38,3758.0,684.0,4.166666666666667,82.0,1.2182926829268292,104.87439024390245,103.64634146341463,94.1829268292683,2.325,0.55,16.0,19949.175,8087.0,240.0,28.75,0.4938125,0.191375,-6.418749999999999,98.08125,104.49375,7396.6866666666665,3350.0,728.0,4.8,82.0,0.7231707317073172,103.13170731707316,102.41463414634147,94.27829268292683,0.8899999999999999,0.55,16.0,10.0,6.0,0.0,1.0,0.6255283113791147,0.37447168862088553,22255.656666666666,season-level roster proxy,0.38187115575261227,103.31211625299157,102.92165842631469,1.252468995214739,104.04395904331966,102.77676665595096,44.381666287079796,44.51
2016,2015-16,ATL,1610612737,Atlanta Hawks,82,48,34,3966.0,104.6,100.8,3.9,0.663,1.71,19.0,0.234,0.698,0.474,0.152,0.516,0.552,97.63,81.36,8059,,2015,60.0,108.2,102.3,5.9,94.66,15.0,19979.06333333333,8507.0,2202.0,27.866666666666667,0.5480666666666667,0.18593333333333334,3.966666666666667,104.3,100.33333333333333,7125.481666666667,3285.0,1319.0,9.1,82.0,6.067073170731708,108.29512195121953,102.21829268292683,94.65658536585366,3.9850000000000003,0.55,15.0,20482.845,8618.0,1436.0,28.266666666666666,0.5478666666666666,0.17713333333333334,2.786666666666667,103.03333333333333,100.24666666666667,7678.763333333333,3373.0,875.0,5.133333333333334,82.0,3.926829268292683,104.69146341463416,100.76463414634148,97.63292682926829,6.29,0.7,15.0,9.0,4.0,2.0,0.8666666666666667,0.7230658707297347,0.2769341292702655,20459.744999999995,season-level roster proxy,4.284836663409052,105.63479342810318,101.36163595880596,4.135771257499448,106.19548246696459,102.0751219990386,52.16658239524851,56.93
2016,2015-16,BOS,1610612738,Boston Celtics,82,48,34,3956.0,105.8,102.5,3.3,0.616,1.76,17.4,0.29,0.707,0.495,0.138,0.488,0.531,99.43,82.86,8191,,2015,40.0,103.8,103.5,0.3,96.71,14.0,19175.163333333334,8097.0,269.0,25.214285714285715,0.519,0.18464285714285714,2.5285714285714285,103.60000000000001,101.07142857142857,6615.933333333333,2716.0,-365.0,-1.9333333333333333,82.0,0.25487804878048803,103.8170731707317,103.57317073170732,96.70353658536585,5.275,0.7,15.0,19310.025,8455.0,1355.0,24.466666666666665,0.5125333333333334,0.19286666666666666,4.333333333333333,104.82666666666667,100.5,7488.716666666667,4016.0,729.0,4.8,82.0,3.2390243902439027,105.79268292682927,102.55243902439024,99.42256097560976,-0.7650000000000002,0.55,15.0,10.0,1.0,4.0,0.7333333333333333,0.8908560589756953,0.10914394102430475,18129.728333333333,season-level roster proxy,1.4972898288510852,104.17565805591683,102.68155672860331,0.6847410115394079,103.97466280478976,103.30186197480462,42.8488007311564,41.81
2016,2015-16,BRK,1610612751,Brooklyn Nets,82,21,61,3951.0,102.4,109.7,-7.4,0.583,1.51,17.0,0.279,0.716,0.494,0.153,0.492,0.527,96.12,80.1,7903,,2015,38.0,103.4,106.3,-3.0,93.69,16.0,20592.736666666668,8406.0,-1317.0,27.6875,0.4930625,0.1796875,-5.99375,99.5,105.49375,7465.733333333334,3182.0,-649.0,-4.833333333333333,82.0,-2.892682926829268,103.4560975609756,106.34634146341463,93.70878048780487,-0.21000000000000024,0.65,17.0,17938.168333333335,7458.0,-2908.0,25.941176470588236,0.527,0.18435294117647058,-10.941176470588236,99.65294117647058,110.5764705882353,6978.595,3490.0,-744.0,-5.3999999999999995,82.0,-7.530487804878049,102.27073170731708,109.80731707317074,96.12621951219512,-10.23,0.15,17.0,6.0,7.0,4.0,0.7647058823529411,0.5641532855854174,0.4358467144145826,17664.76166666667,season-level roster proxy,-5.951830183198055,99.89688638123901,105.83177041637602,-6.253268708396679,99.78195514948374,106.00949790070234,24.116174487328966,32.9
2016,2015-16,CHI,1610612741,Chicago Bulls,82,42,40,3981.0,104.1,105.5,-1.4,0.591,1.64,17.0,0.29,0.714,0.506,0.142,0.487,0.526,96.6,80.5,8008,,2015,50.0,106.3,103.3,3.0,93.8,14.0,19880.0,8265.0,1230.0,28.571428571428573,0.5041428571428571,0.1804285714285714,0.4142857142857142,103.45714285714287,103.01428571428572,7242.861666666667,3232.0,506.0,3.266666666666667,82.0,3.228048780487805,106.43170731707316,103.19878048780487,93.78085365853659,4.045,0.55,15.0,19669.118333333332,8290.0,-683.0,27.333333333333332,0.5134666666666666,0.18466666666666667,-2.3733333333333335,101.61333333333333,103.98666666666666,6862.406666666666,3666.0,-181.0,-1.4333333333333333,82.0,-1.3585365853658538,104.24878048780488,105.60609756097561,96.61109756097561,-2.9650000000000003,0.5,15.0,11.0,2.0,2.0,0.8666666666666667,0.9420194387975583,0.05798056120244169,19191.173333333332,season-level roster proxy,2.821050154654432,105.07864263814339,102.21890272646176,3.812356603943709,106.06815922889575,102.21510658876703,51.293362830648014,49.1
2016,2015-16,CHO,1610612766,Charlotte Hornets,82,48,34,3971.0,106.4,103.7,2.7,0.586,1.73,16.7,0.244,0.754,0.499,0.129,0.502,0.545,96.24,80.2,7966,,2015,33.0,99.6,103.0,-3.4,93.45,16.0,20385.305,7906.0,-1380.0,26.125,0.5023124999999999,0.188625,-5.1312500000000005,97.06875,102.21875,6468.35,2621.0,-377.0,-3.2000000000000006,82.0,-3.5341463414634147,99.71707317073171,103.24634146341464,93.42390243902439,-7.404999999999999,0.25,16.0,20118.3,8567.0,1299.0,26.25,0.5364375,0.17931249999999999,2.10625,104.04375,101.9375,7670.875,3683.0,698.0,4.266666666666667,82.0,2.591463414634146,106.40731707317073,103.81219512195122,96.25073170731707,5.445,0.7,16.0,6.0,8.0,2.0,0.875,0.49277059496508885,0.5072294050349113,19515.206666666665,season-level roster proxy,-0.9182800267552036,102.27975904943872,103.20889524271844,-1.0009178329210549,102.17098202857858,103.18525770736699,38.29752185111315,31.82
2016,2015-16,CLE,1610612739,Cleveland Cavaliers,82,57,25,3971.0,110.2,103.9,6.3,0.587,1.67,17.4,0.294,0.742,0.519,0.143,0.524,0.558,93.82,78.19,7764,,2015,53.0,110.1,105.3,4.8,93.23,17.0,22203.618333333332,9183.0,1764.0,28.58823529411765,0.5225882352941177,0.17376470588235296,-3.0176470588235293,102.62352941176471,105.66470588235293,7755.049999999999,4599.0,1362.0,8.700000000000001,82.0,4.781707317073171,110.09024390243901,105.31341463414635,93.23073170731708,5.93,0.75,17.0,20436.268333333333,8757.0,2446.0,29.058823529411764,0.5344117647058824,0.17858823529411766,-0.8882352941176472,104.50588235294117,105.38823529411764,7494.961666666666,4109.0,1354.0,8.9,82.0,6.313414634146342,110.36707317073171,104.05243902439024,93.84012195121952,6.115,0.65,17.0,10.0,5.0,2.0,0.8823529411764706,0.7738851474364724,0.2261148525635276,23467.565000000002,season-level roster proxy,3.2661293150780666,107.78602648662807,104.51546256148289,4.590655053343704,109.09793062598595,104.49635439356203,53.394768644028,53.96
2016,2015-16,DAL,1610612742,Dallas Mavericks,82,42,40,4001.0,105.5,105.9,-0.4,0.592,1.73,17.0,0.241,0.723,0.484,0.132,0.502,0.544,95.34,79.45,7950,,2015,50.0,108.2,104.9,3.2,96.4,16.0,20132.635000000002,8762.0,999.0,29.5,0.527,0.1883125,1.2937500000000002,103.625,102.31875,7266.71,3617.0,683.0,4.333333333333333,82.0,3.3353658536585367,108.2939024390244,104.96097560975609,96.3991463414634,-2.12,0.5,15.0,20281.573333333334,8533.0,-173.0,30.066666666666666,0.5535333333333334,0.18713333333333332,-1.2466666666666666,101.93333333333334,103.18666666666667,7199.803333333333,3112.0,291.0,1.5333333333333332,82.0,-0.3121951219512195,105.47073170731707,105.7829268292683,95.36682926829268,-1.5700000000000003,0.45,15.0,7.0,6.0,2.0,0.8666666666666667,0.5442496805077219,0.45575031949227807,16004.56,season-level roster proxy,3.4320977583888594,106.05566922802004,102.64298584278482,4.166127426905565,106.77498829345797,102.63246992287796,52.24854405264502,49.64
2016,2015-16,DEN,1610612743,Denver Nuggets,82,33,49,3966.0,104.9,108.2,-3.3,0.601,1.55,16.9,0.304,0.732,0.513,0.151,0.489,0.531,96.34,80.28,7963,,2015,30.0,103.9,107.1,-3.3,96.87,17.0,18076.166666666668,7454.0,-1277.0,25.823529411764707,0.5088823529411765,0.18923529411764706,-6.723529411764706,99.87647058823529,106.5764705882353,7222.468333333334,3174.0,-287.0,-1.5999999999999999,82.0,-3.1646341463414633,103.8780487804878,107.04634146341462,96.87353658536585,-0.6700000000000002,0.4,16.0,19617.458333333332,8263.0,-1371.0,25.4375,0.5183125,0.18025,-3.83125,103.66875,107.5,6859.895,2982.0,-460.0,-3.4333333333333336,82.0,-3.3036585365853663,104.90853658536585,108.21341463414635,96.3540243902439,-3.37,0.45,16.0,9.0,4.0,3.0,0.8125,0.6715868394745192,0.32841316052548064,13981.103333333334,season-level roster proxy,-2.9295333153248992,101.21677433183025,104.12803530527276,-1.6633959142100148,102.3504241488088,104.00096047901744,36.50883103163296,32.09
2016,2015-16,DET,1610612765,Detroit Pistons,82,44,38,3976.0,105.3,104.9,0.3,0.512,1.44,14.8,0.313,0.753,0.521,0.14,0.491,0.522,95.75,79.79,7942,,2015,32.0,104.3,105.4,-1.1,93.68,15.0,19120.338333333333,7795.0,-149.0,27.466666666666665,0.4952666666666667,0.1796,-0.08666666666666671,102.25333333333333,102.34666666666666,7356.906666666666,3290.0,126.0,0.9333333333333332,82.0,-1.1292682926829272,104.40365853658537,105.52439024390245,93.68865853658536,0.4699999999999996,0.45,15.0,19609.67,8267.0,258.0,26.333333333333332,0.5168666666666667,0.1842,-2.853333333333333,100.48666666666666,103.36,8310.65,3550.0,458.0,2.466666666666667,82.0,0.29999999999999993,105.31951219512196,105.01951219512196,95.7519512195122,-0.18499999999999991,0.65,15.0,6.0,7.0,2.0,0.8666666666666667,0.5707611619066064,0.42923883809339364,18674.191666666666,season-level roster proxy,-0.19864451071733136,104.01095976041802,104.22055523152943,-0.44847616568958776,104.32255887505401,104.78366211526719,39.789114352638116,38.03
2016,2015-16,GSW,1610612744,Golden State Warriors,82,73,9,3976.0,113.5,102.8,10.6,0.68,1.91,20.4,0.267,0.72,0.507,0.15,0.563,0.593,100.24,83.54,8303,,2015,67.0,110.4,100.4,9.9,99.28,15.0,19730.0,9016.0,4140.0,27.2,0.5505333333333333,0.18093333333333333,3.5399999999999996,104.7,101.15333333333334,7557.781666666667,4489.0,2534.0,15.766666666666666,82.0,9.930487804878048,110.35243902439024,100.41829268292682,99.27829268292683,9.540000000000001,0.85,15.0,20010.861666666664,9441.0,4518.0,27.666666666666668,0.571,0.18166666666666667,2.8666666666666667,108.57333333333332,105.70666666666666,8174.388333333333,5277.0,2931.0,16.766666666666666,82.0,10.723170731707317,113.5548780487805,102.82073170731707,100.25939024390244,10.735,0.85,15.0,12.0,2.0,1.0,0.9333333333333333,0.9562574892963501,0.04374251070364995,18924.229999999996,season-level roster proxy,10.543050214812792,109.71328664363098,99.17665177570416,12.652687000595488,111.04186443117092,98.39785666813385,75.16225490160782,67.73
2016,2015-16,HOU,1610612745,Houston Rockets,82,41,41,3966.0,107.3,107.3,0.0,0.589,1.39,16.4,0.297,0.692,0.492,0.161,0.516,0.553,98.42,82.02,8139,,2015,56.0,106.0,102.6,3.4,97.36,17.0,22782.046666666665,9543.0,743.0,27.705882352941178,0.5061176470588234,0.17900000000000002,0.8294117647058824,101.68823529411765,100.87058823529412,8211.506666666666,4292.0,579.0,3.466666666666667,82.0,3.4560975609756093,106.08170731707318,102.63170731707316,97.3759756097561,3.3549999999999995,0.7,14.0,18198.495,8133.0,146.0,27.285714285714285,0.5405714285714286,0.19635714285714287,1.1357142857142857,105.12857142857142,104.00714285714285,8263.42,4377.0,182.0,0.9333333333333332,82.0,-0.05000000000000002,107.42804878048781,107.47560975609755,98.43853658536585,4.725,0.55,14.0,11.0,1.0,2.0,0.8571428571428571,0.9744562670373147,0.025543732962685247,19762.381666666668,season-level roster proxy,2.5475349167176122,104.20294006398856,101.66916365259281,1.9788761445835878,104.16057734777908,102.20481243995164,46.342965590375684,50.18
2016,2015-16,IND,1610612754,Indiana Pacers,82,45,37,3976.0,103.8,102.2,1.6,0.554,1.43,16.1,0.271,0.714,0.494,0.151,0.497,0.536,97.35,81.13,8068,,2015,38.0,102.9,102.7,0.2,93.67,15.0,19662.005,7876.0,112.0,28.533333333333335,0.5236,0.2024,1.2266666666666666,102.04666666666667,100.85333333333332,6202.698333333333,2300.0,-263.0,-2.0,82.0,0.3231707317073171,103.09878048780489,102.77439024390245,93.68268292682926,1.2000000000000004,0.5,15.0,20326.693333333333,8470.0,479.0,26.466666666666665,0.5523333333333333,0.18366666666666667,-5.346666666666668,101.02666666666667,106.36,8077.3150000000005,3889.0,383.0,2.1666666666666665,82.0,1.6439024390243904,103.84756097560975,102.21341463414635,97.38658536585366,1.9200000000000004,0.65,15.0,8.0,4.0,3.0,0.8,0.5659220374416916,0.4340779625583085,17277.353333333333,season-level roster proxy,0.2226142275649472,103.8521840054206,103.64353592158984,-0.24160824717390844,103.80732423112178,104.06425546223183,40.347657732630445,41.54
2016,2015-16,LAC,1610612746,LA Clippers,82,53,29,3966.0,107.2,102.7,4.5,0.596,1.76,17.4,0.234,0.697,0.472,0.133,0.524,0.556,96.81,80.68,7995,,2015,56.0,111.6,104.7,6.9,95.4,18.0,20113.02,8879.0,2676.0,28.72222222222222,0.5270555555555556,0.1748888888888889,-0.7277777777777777,101.95555555555556,102.69999999999999,8086.363333333333,3787.0,1981.0,12.233333333333334,82.0,6.8621951219512205,111.59634146341463,104.73902439024391,95.40012195121952,8.235,0.8,16.0,20246.871666666666,8832.0,1843.0,29.75,0.5486875,0.1745625,-0.1812499999999998,102.0375,102.24375,7271.165,3365.0,949.0,6.3,82.0,4.510975609756097,107.20975609756098,102.69878048780487,96.82,3.6650000000000005,0.6,16.0,7.0,8.0,1.0,0.9375,0.5490735513290265,0.4509264486709734,25149.17166666667,season-level roster proxy,2.9167613671570227,107.09099658882073,104.19821573977617,5.019096245795675,108.93463609243256,103.94049148030409,54.55155986364832,59.63
2016,2015-16,LAL,1610612747,Los Angeles Lakers,82,17,65,3946.0,100.7,110.3,-9.7,0.513,1.31,14.1,0.271,0.712,0.484,0.142,0.46,0.509,96.55,80.46,7930,,2015,21.0,102.3,109.4,-7.1,95.03,18.0,20322.711666666666,8178.0,-2830.0,26.333333333333332,0.4888333333333333,0.19083333333333333,-10.277777777777779,99.1888888888889,109.45555555555556,6025.576666666667,2426.0,-961.0,-8.0,82.0,-7.235365853658536,102.20243902439024,109.43536585365854,95.04682926829268,-8.735,0.25,15.0,19730.0,7982.0,-3920.0,27.533333333333335,0.5008,0.17686666666666667,-6.6466666666666665,99.94666666666667,106.58,7097.711666666666,3198.0,-1855.0,-12.633333333333333,82.0,-9.740243902439024,100.69634146341464,110.43658536585365,96.55829268292683,-10.535,0.25,15.0,7.0,3.0,5.0,0.6666666666666666,0.5528488641484763,0.4471511358515237,13128.916666666666,season-level roster proxy,-3.0975399595041484,102.78387107339395,105.88689173389528,-2.992867949851302,102.87172726424804,105.87053451719345,32.91925653540149,21.83
2016,2015-16,MEM,1610612763,Memphis Grizzlies,82,42,40,3966.0,104.7,107.1,-2.4,0.562,1.56,16.0,0.298,0.709,0.495,0.14,0.477,0.524,93.95,78.29,7763,,2015,55.0,104.8,101.2,3.5,92.82,18.0,19912.746666666666,8337.0,1208.0,27.72222222222222,0.5111666666666667,0.18383333333333335,-2.2666666666666666,98.05555555555556,100.32222222222222,7496.2300000000005,3358.0,210.0,1.0,82.0,3.571951219512195,104.84268292682927,101.27317073170731,92.83439024390243,2.41,0.55,21.0,17422.29,6934.0,-1046.0,28.523809523809526,0.5125714285714286,0.18157142857142858,-4.5095238095238095,100.9904761904762,105.5,5997.6033333333335,2659.0,-210.0,-1.8333333333333333,82.0,-2.3585365853658535,104.7670731707317,107.13048780487806,93.9790243902439,-8.155,0.25,21.0,10.0,8.0,3.0,0.8571428571428571,0.5938837596011266,0.4061162403988734,20294.493333333336,season-level roster proxy,2.8605860489577792,104.12540185777817,101.26820231038042,4.238236552901486,105.74305500579683,101.50481845289534,52.443238692834015,50.45
2016,2015-16,MIA,1610612748,Miami Heat,82,48,34,3966.0,105.5,103.7,1.7,0.543,1.48,16.3,0.28,0.729,0.512,0.148,0.508,0.545,94.14,78.45,7779,,2015,37.0,103.2,106.1,-3.0,91.49,17.0,18504.403333333332,7772.0,-606.0,28.11764705882353,0.5167647058823529,0.18429411764705883,-2.952941176470588,100.32352941176471,103.28235294117647,7428.9383333333335,3095.0,-134.0,-1.4666666666666668,82.0,-3.1487804878048777,103.14756097560976,106.2939024390244,91.48865853658536,-3.2049999999999996,0.45,15.0,22537.923333333332,9321.0,488.0,29.066666666666666,0.5264,0.18106666666666668,-0.6933333333333332,102.98,103.68666666666667,7459.838333333333,2921.0,171.0,1.0666666666666667,82.0,1.6487804878048782,105.51829268292683,103.86463414634146,94.16024390243903,3.915,0.6,15.0,9.0,3.0,3.0,0.8,0.7185129210590461,0.2814870789409538,19473.120000000003,season-level roster proxy,-2.1841136226073,103.6807606502365,105.85853266793747,-1.882696568467056,104.24998404534749,106.12516773171278,35.91671926513895,32.9
2016,2015-16,MIL,1610612749,Milwaukee Bucks,82,33,49,3966.0,103.4,107.8,-4.5,0.603,1.52,17.6,0.286,0.689,0.49,0.159,0.499,0.537,95.05,79.21,7858,,2015,41.0,102.0,101.4,0.6,94.82,18.0,20717.168333333335,7970.0,41.0,25.27777777777778,0.5062222222222222,0.17800000000000002,-1.3611111111111112,99.20555555555556,100.57777777777778,7068.651666666667,3051.0,163.0,1.3666666666666665,82.0,0.5597560975609757,102.00243902439026,101.43536585365854,94.84536585365854,-2.55,0.4,16.0,19799.476666666666,8123.0,-1679.0,25.0625,0.5180625,0.1783125,-6.39375,99.75,106.14375,8083.385,3854.0,-396.0,-2.5666666666666664,82.0,-4.630487804878048,103.36829268292684,107.99268292682926,95.05012195121951,-5.695,0.35,16.0,10.0,4.0,2.0,0.875,0.7367972195961868,0.26320278040381306,19576.053333333337,season-level roster proxy,-0.5151261592394516,101.0150696360996,101.54522285390856,0.45803804596067205,101.20677805274319,100.76578507739148,42.23670272409382,42.62
2016,2015-16,MIN,1610612750,Minnesota Timberwolves,82,29,53,3976.0,105.4,109.0,-3.5,0.619,1.56,17.6,0.279,0.702,0.494,0.155,0.498,0.549,96.2,80.17,7965,,2015,16.0,101.8,110.9,-9.1,95.45,18.0,17968.44,7208.0,-3303.0,26.0,0.5201666666666667,0.184,-7.466666666666667,101.57222222222222,109.0611111111111,7063.546666666666,2875.0,-1476.0,-10.766666666666666,82.0,-9.086585365853658,101.85853658536585,110.9451219512195,95.46121951219511,-12.125,0.1,14.0,18765.121666666666,7895.0,-1356.0,26.428571428571427,0.5255714285714286,0.1695,-6.257142857142858,102.14999999999999,108.39999999999999,7793.695,3944.0,-180.0,-1.0999999999999999,82.0,-3.6865853658536585,105.39268292682928,109.0780487804878,96.19743902439023,-2.1550000000000002,0.5,14.0,8.0,3.0,3.0,0.7857142857142857,0.7985747329343493,0.20142526706565056,13935.4,season-level roster proxy,-7.681298946089335,100.46766458085163,108.18206903521485,-7.599612821638497,100.66515650083231,108.29706743004115,20.481045381576056,16.43
2016,2015-16,NOP,1610612740,New Orleans Pelicans,82,30,52,3956.0,104.8,108.4,-3.7,0.577,1.65,16.8,0.252,0.748,0.493,0.137,0.498,0.537,97.64,81.37,8041,,2015,45.0,107.1,106.3,0.8,92.29,16.0,20442.15166666667,8290.0,215.0,26.6875,0.502375,0.17325000000000002,-1.3624999999999998,103.4125,104.775,7162.623333333333,3787.0,502.0,3.6999999999999997,82.0,0.7804878048780488,107.17439024390244,106.38658536585366,92.27158536585367,2.7100000000000004,0.6,19.0,19516.531666666666,8265.0,-1554.0,27.210526315789473,0.497,0.1774736842105263,-6.7,101.22105263157896,107.91578947368421,6143.338333333333,3089.0,-449.0,-3.4,82.0,-3.6902439024390246,104.8439024390244,108.54756097560976,97.64853658536586,-6.0649999999999995,0.3,19.0,11.0,6.0,2.0,0.8947368421052632,0.8216380568668586,0.17836194313314138,21381.756666666668,season-level roster proxy,0.29862858165535816,105.1340799329397,104.83767045489091,1.4225600067839816,106.95431551260126,105.5305571804098,44.84091201831675,43.16
2016,2015-16,NYK,1610612752,New York Knicks,82,32,50,3961.0,103.9,106.7,-2.8,0.557,1.53,16.0,0.28,0.718,0.502,0.142,0.483,0.527,94.12,78.43,7763,,2015,17.0,98.9,109.0,-10.1,92.06,16.0,17836.483333333334,6740.0,-3738.0,26.875,0.4905625,0.1964375,-10.825,95.95,106.76875,5330.705,1930.0,-1172.0,-11.533333333333333,82.0,-10.042682926829269,98.98902439024391,109.03658536585365,92.05304878048781,-11.09,0.25,16.0,19944.266666666666,8125.0,-1182.0,27.0,0.512,0.2028125,-6.6625,100.00625,106.68125,7119.663333333334,3324.0,-293.0,-2.1666666666666665,82.0,-2.876829268292683,103.89878048780488,106.77682926829269,94.13256097560975,-2.82,0.35,16.0,6.0,6.0,4.0,0.75,0.4580455800922676,0.5419544199077324,15784.888333333334,season-level roster proxy,-6.1513551621577305,100.62930456798712,106.74070044630238,-5.263356850982386,102.17540675865695,107.3957398378934,26.788936502347557,13.73
2016,2015-16,OKC,1610612760,Oklahoma City Thunder,82,55,27,3966.0,112.1,104.8,7.4,0.558,1.44,16.7,0.347,0.72,0.541,0.162,0.524,0.565,97.54,81.28,8061,,2015,45.0,106.7,104.6,2.1,96.61,16.0,21617.335,9554.0,622.0,25.9375,0.532,0.1890625,-0.525,103.78125,104.30624999999999,6645.513333333333,3989.0,270.0,1.9000000000000001,82.0,2.0231707317073173,106.54268292682927,104.52926829268293,96.60951219512195,0.95,0.55,15.0,20356.201666666668,9202.0,2952.0,27.066666666666666,0.5441333333333334,0.178,2.1133333333333337,105.18666666666667,103.09333333333333,7827.381666666666,4890.0,1812.0,11.033333333333333,82.0,7.440243902439025,112.19146341463416,104.75243902439026,97.54024390243903,9.27,0.65,15.0,11.0,2.0,2.0,0.8666666666666667,0.9363458039701565,0.06365419602984343,19080.02,season-level roster proxy,2.4971906388637604,106.556204387277,104.05695923449414,2.4363196732263757,107.03928174789445,104.60041117843097,47.57806311771122,46.67
2016,2015-16,ORL,1610612753,Orlando Magic,82,35,47,3981.0,104.4,106.0,-1.6,0.596,1.67,17.6,0.271,0.726,0.495,0.144,0.5,0.533,96.68,80.57,8018,,2015,25.0,101.0,106.8,-5.9,94.51,15.0,19755.0,7847.0,-2345.0,25.4,0.5083333333333333,0.17886666666666665,-6.02,98.46000000000001,104.48,7590.118333333334,3451.0,-811.0,-5.2,82.0,-5.817073170731708,101.04024390243902,106.86341463414634,94.52060975609756,-6.245,0.3,15.0,19390.698333333334,8217.0,-675.0,25.0,0.5028,0.18893333333333334,0.4933333333333334,102.33333333333333,101.84666666666666,7090.338333333333,3144.0,-285.0,-1.7,82.0,-1.6695121951219514,104.42804878048781,106.08902439024389,96.6789024390244,-2.0300000000000002,0.4,15.0,8.0,5.0,2.0,0.8666666666666667,0.6333965900038071,0.3666034099961929,18303.735,season-level roster proxy,-4.4975134947411926,101.08190647974307,105.57917890346788,-4.567971256460184,101.76203204567787,106.32970814985953,28.666477607557503,25.07
2016,2015-16,PHI,1610612755,Philadelphia 76ers,82,10,72,3961.0,98.4,108.6,-10.2,0.594,1.31,16.3,0.25,0.693,0.466,0.165,0.487,0.519,98.44,82.03,8119,,2015,18.0,94.9,103.9,-9.0,96.45,20.0,17573.451666666668,6566.0,-3016.0,24.4,0.45975,0.1797,-5.51,96.595,102.10499999999999,6183.535,2347.0,-943.0,-7.433333333333334,82.0,-8.967073170731707,94.91951219512195,103.88780487804877,96.44390243902438,-4.525,0.25,14.0,19339.228333333333,7848.0,-3970.0,24.785714285714285,0.5174285714285715,0.19278571428571428,-9.835714285714285,97.26428571428572,107.07857142857142,6458.993333333334,2479.0,-1208.0,-8.933333333333334,82.0,-10.241463414634145,98.4219512195122,108.66951219512195,98.45914634146341,-8.42,0.1,14.0,6.0,4.0,4.0,0.7142857142857143,0.7404318163718813,0.25956818362811857,12410.445000000002,season-level roster proxy,-6.0316785041417385,96.31639516820977,102.34807367235152,-6.798761657976306,95.71434098551458,102.5131026434909,22.643343523463972,16.7
2016,2015-16,PHO,1610612756,Phoenix Suns,82,23,59,3941.0,101.5,107.9,-6.5,0.558,1.21,15.4,0.297,0.733,0.508,0.173,0.487,0.526,99.39,82.82,8152,,2015,39.0,104.2,105.3,-1.1,97.2,17.0,19390.058333333334,8301.0,-548.0,26.294117647058822,0.47047058823529414,0.1851764705882353,-5.417647058823529,97.01176470588236,102.4470588235294,7763.711666666666,3348.0,92.0,0.5000000000000001,82.0,-1.1134146341463413,104.17073170731707,105.2829268292683,97.19987804878049,-5.99,0.35,16.0,19377.665,8015.0,-2464.0,26.1875,0.52,0.1888125,-5.41875,100.75625,106.15625,6517.65,2718.0,-939.0,-6.766666666666667,82.0,-6.531707317073171,101.4451219512195,107.9829268292683,99.38731707317073,-5.2700000000000005,0.35,16.0,6.0,7.0,3.0,0.8125,0.5820413378370156,0.41795866216298444,16983.63333333333,season-level roster proxy,-1.2374008898763322,101.89765343693637,103.13506077419636,-0.7292560861331893,102.9520554852936,103.68509039270099,39.03100856744039,38.03
2016,2015-16,POR,1610612757,Portland Trail Blazers,82,44,38,3961.0,107.6,106.8,0.8,0.552,1.46,16.0,0.294,0.728,0.51,0.15,0.511,0.548,97.06,80.88,8012,,2015,51.0,107.1,102.8,4.3,95.06,16.0,21595.97,9219.0,1519.0,27.1875,0.5395,0.1766875,3.1875,103.8875,100.70625,7937.701666666666,4416.0,620.0,3.9,82.0,4.382926829268293,107.26951219512196,102.87926829268294,95.08378048780487,1.95,0.45,16.0,20150.086666666666,8793.0,304.0,25.0625,0.509875,0.18625,-5.4875,99.4375,104.925,7796.411666666667,4384.0,310.0,1.9333333333333336,82.0,0.8207317073170733,107.74634146341464,106.92439024390244,97.06780487804879,-0.205,0.55,16.0,5.0,8.0,3.0,0.8125,0.4026382149167775,0.5973617850832225,16951.74,season-level roster proxy,-0.4686819268503801,102.07463087368416,102.53301507691835,0.01394323507081807,103.0915515228124,103.06803300533828,41.03764673469121,52.61
2016,2015-16,SAC,1610612758,Sacramento Kings,82,33,49,3961.0,105.3,107.6,-2.3,0.612,1.52,17.6,0.281,0.717,0.5,0.16,0.51,0.546,100.66,83.88,8302,,2015,29.0,104.5,108.2,-3.7,96.16,17.0,19782.335,8280.0,-1475.0,26.647058823529413,0.5331176470588236,0.18205882352941177,-1.6176470588235299,105.21764705882353,106.83529411764707,7091.535,3849.0,-84.0,-0.6333333333333333,82.0,-3.8048780487804876,104.56219512195122,108.36341463414634,96.17158536585366,-1.52,0.4,15.0,19805.0,8740.0,-1015.0,26.866666666666667,0.5283333333333333,0.17426666666666665,-3.3866666666666663,102.25333333333333,105.64,7161.233333333334,3811.0,-197.0,-1.0,82.0,-2.3329268292682928,105.31585365853658,107.64512195121951,100.68134146341464,-2.175,0.4,15.0,6.0,6.0,3.0,0.8,0.5676386941146663,0.43236130588533356,17748.47,season-level roster proxy,-1.0523798858906335,103.23049519197991,104.28148495804615,-0.9930139270122419,104.39777968514089,105.38916002479819,38.318862397066944,31.009999999999998
2016,2015-16,SAS,1610612759,San Antonio Spurs,82,67,15,3941.0,109.3,98.2,11.1,0.611,1.88,18.8,0.266,0.746,0.516,0.138,0.526,0.564,94.54,78.78,7767,,2015,55.0,107.6,101.4,6.3,94.45,15.0,19661.87,8350.0,2590.0,29.466666666666665,0.5440666666666666,0.1844,3.433333333333333,104.54666666666667,101.11999999999999,6571.1900000000005,3073.0,1175.0,9.333333333333334,82.0,6.363414634146341,107.69024390243902,101.33292682926829,94.53024390243903,12.725,0.8,18.0,21055.966666666667,9071.0,4233.0,31.38888888888889,0.5658888888888889,0.18672222222222223,4.783333333333333,103.96111111111111,99.18333333333334,6701.948333333334,3426.0,1667.0,12.766666666666666,82.0,11.223170731707317,109.40121951219511,98.18414634146342,94.54463414634147,5.45,0.7,18.0,9.0,7.0,2.0,0.8888888888888888,0.5767792193046559,0.4232207806953441,24601.871666666666,season-level roster proxy,3.6868364554648045,105.70366732937597,102.04048426396827,6.9497830599619865,107.36517880850485,100.43937160461495,59.764414261897365,58.010000000000005
2016,2015-16,TOR,1610612761,Toronto Raptors,82,56,26,3956.0,109.3,104.8,4.4,0.511,1.43,14.9,0.3,0.736,0.52,0.139,0.504,0.552,93.35,77.8,7707,,2015,49.0,110.2,107.1,3.1,93.46,16.0,19924.42166666667,8542.0,1253.0,26.3125,0.5280625,0.179125,-5.6875,102.8625,108.53125,6670.961666666666,3096.0,586.0,4.133333333333333,82.0,3.18780487804878,110.38536585365854,107.19634146341464,93.45512195121951,1.675,0.55,16.0,19958.98,8482.0,1787.0,25.9375,0.519875,0.176625,1.06875,104.95625,103.9,7701.351666666667,4141.0,825.0,5.133333333333334,82.0,4.5024390243902435,109.46585365853659,104.95853658536586,93.35060975609755,5.29,0.7,16.0,8.0,6.0,2.0,0.875,0.5658201380378903,0.43417986196210967,21694.285,season-level roster proxy,1.4709244546816513,106.36000322204674,104.8692423603728,1.9417310535167962,107.51931396886711,105.55194805531849,46.24267384449535,49.370000000000005
2016,2015-16,UTA,1610612762,Utah Jazz,82,40,42,3991.0,105.0,103.2,1.8,0.526,1.27,15.1,0.303,0.731,0.517,0.161,0.501,0.54,91.66,76.39,7625,,2015,38.0,104.2,104.1,0.1,91.1,16.0,18392.09,7105.0,163.0,23.875,0.5095,0.1873125,-0.9375,99.35,100.2875,7184.961666666667,3623.0,119.0,0.5666666666666667,82.0,0.10487804878048756,104.31341463414635,104.20731707317073,91.10292682926828,3.7099999999999995,0.6,16.0,20099.696666666667,8090.0,709.0,25.0,0.4891875,0.1785,-1.5937500000000002,100.375,101.9625,7417.175,3743.0,323.0,2.3333333333333335,82.0,1.885365853658537,105.09878048780489,103.21585365853659,91.6809756097561,5.005000000000001,0.55,16.0,10.0,2.0,4.0,0.75,0.9361221032689999,0.06387789673100026,17084.991666666665,season-level roster proxy,0.17757098701150476,102.70874017595366,102.52761632407392,0.7628707076714046,102.8012336910591,102.03419621423092,43.05975091071279,41.27
2016,2015-16,WAS,1610612764,Washington Wizards,82,41,41,3951.0,104.5,105.1,-0.5,0.619,1.69,18.1,0.25,0.737,0.49,0.145,0.511,0.544,99.16,82.63,8163,,2015,46.0,103.0,102.4,0.6,94.29,16.0,19949.175,8087.0,240.0,28.75,0.4938125,0.191375,-6.418749999999999,98.08125,104.49375,7396.6866666666665,3350.0,728.0,4.8,82.0,0.7231707317073172,103.13170731707316,102.41463414634147,94.27829268292683,0.8899999999999999,0.55,17.0,21348.37,9385.0,-255.0,28.058823529411764,0.5169411764705882,0.19476470588235295,-2.423529411764706,101.43529411764706,103.84705882352942,7315.805,3414.0,209.0,1.5,82.0,-0.4560975609756097,104.60609756097561,105.0548780487805,99.17280487804878,2.8899999999999997,0.55,17.0,9.0,6.0,2.0,0.8823529411764706,0.5902163849158919,0.40978361508410815,22855.798333333332,season-level roster proxy,0.8844733273008256,101.98333568017277,101.10500956759407,3.0903757083780206,103.44389961012732,100.37441898185949,49.34401441262065,42.62
2017,2016-17,ATL,1610612737,Atlanta Hawks,82,43,39,3976.0,104.5,105.2,-0.7,0.621,1.5,17.4,0.282,0.717,0.502,0.16,0.504,0.541,97.76,81.46,8091,,2016,48.0,104.6,100.8,3.9,97.63,15.0,20482.845,8618.0,1436.0,28.266666666666666,0.5478666666666666,0.17713333333333334,2.786666666666667,103.03333333333333,100.24666666666667,7678.763333333333,3373.0,875.0,5.133333333333334,82.0,3.926829268292683,104.69146341463416,100.76463414634148,97.63292682926829,6.29,0.7,18.0,21149.361666666664,9139.0,-459.0,28.5,0.4861111111111111,0.18333333333333332,-1.4666666666666666,99.9,101.35,7026.373333333333,3662.0,-55.0,-0.2666666666666666,82.0,-0.8134146341463415,104.56585365853658,105.37439024390245,97.7969512195122,-1.11,0.45,18.0,9.0,6.0,3.0,0.8333333333333334,0.5933761801788968,0.4066238198211031,20076.935,season-level roster proxy,0.9073123462321314,103.41760824050085,102.50743942406214,1.7632452376204903,103.77728469905601,102.0201059605623,45.76076214157533,51.53
2017,2016-17,BOS,1610612738,Boston Celtics,82,53,29,3951.0,110.6,108.0,2.6,0.653,1.9,18.8,0.259,0.705,0.485,0.136,0.525,0.567,97.21,81.01,8005,,2016,48.0,105.8,102.5,3.3,99.43,15.0,19310.025,8455.0,1355.0,24.466666666666665,0.5125333333333334,0.19286666666666666,4.333333333333333,104.82666666666667,100.5,7488.716666666667,4016.0,729.0,4.8,82.0,3.2390243902439027,105.79268292682927,102.55243902439024,99.42256097560976,-0.7650000000000002,0.55,15.0,19755.0,8857.0,1080.0,25.733333333333334,0.5604,0.17906666666666665,-0.6133333333333334,106.66,107.25333333333333,7304.118333333334,4033.0,756.0,5.133333333333333,82.0,2.6280487804878048,110.72073170731707,108.09634146341463,97.2240243902439,2.685,0.65,15.0,11.0,2.0,2.0,0.8666666666666667,0.7794735917467398,0.22052640825326034,18992.736666666664,season-level roster proxy,3.5641113418620916,104.90059972926495,101.35861064255968,4.253761123525169,105.80805884068445,101.57970220302884,52.485155033517955,49.91
2017,2016-17,BRK,1610612751,Brooklyn Nets,82,20,62,3951.0,103.6,110.1,-6.5,0.566,1.29,15.9,0.241,0.716,0.483,0.162,0.507,0.551,101.75,84.79,8371,,2016,21.0,102.4,109.7,-7.4,96.12,17.0,17938.168333333335,7458.0,-2908.0,25.941176470588236,0.527,0.18435294117647058,-10.941176470588236,99.65294117647058,110.5764705882353,6978.595,3490.0,-744.0,-5.3999999999999995,82.0,-7.530487804878049,102.27073170731708,109.80731707317074,96.12621951219512,-10.23,0.15,18.0,18570.146666666667,7979.0,-2600.0,26.555555555555557,0.5364444444444445,0.182,-7.944444444444445,101.62222222222222,109.57222222222222,5737.755,2923.0,-756.0,-5.8,82.0,-6.573170731707317,103.60487804878049,110.18780487804878,101.75878048780487,-1.0299999999999998,0.45,18.0,3.0,12.0,3.0,0.8333333333333334,0.2559152060891154,0.7440847939108844,14411.726666666667,season-level roster proxy,-1.7750944485486124,102.58311072140789,104.33842248372737,-0.8278763586852802,102.96056718260448,103.76258667122516,38.76473383154974,21.019999999999996
2017,2016-17,CHI,1610612741,Chicago Bulls,82,41,41,3956.0,106.5,106.2,0.3,0.584,1.66,16.8,0.311,0.733,0.519,0.14,0.487,0.53,96.02,80.02,7919,,2016,42.0,104.1,105.5,-1.4,96.6,15.0,19669.118333333332,8290.0,-683.0,27.333333333333332,0.5134666666666666,0.18466666666666667,-2.3733333333333335,101.61333333333333,103.98666666666666,6862.406666666666,3666.0,-181.0,-1.4333333333333333,82.0,-1.3585365853658538,104.24878048780488,105.60609756097561,96.61109756097561,-2.9650000000000003,0.5,16.0,18886.333333333332,7971.0,20.0,26.0,0.4781875,0.175375,-3.9375,99.43125,103.35625,6922.415,3193.0,219.0,0.8333333333333331,82.0,0.12926829268292675,106.48902439024391,106.35609756097561,96.00621951219513,3.16,0.5,16.0,4.0,10.0,2.0,0.875,0.27148016980863143,0.7285198301913687,20415.923333333332,season-level roster proxy,-3.1591530352860198,102.87586729280102,106.04927823494636,-3.1733565154762142,102.80511672080574,105.99665116564685,32.431937408214225,37.22
2017,2016-17,CHO,1610612766,Charlotte Hornets,82,36,46,3966.0,108.4,108.4,0.0,0.611,2.01,17.6,0.247,0.749,0.496,0.119,0.501,0.547,95.92,79.93,7934,,2016,48.0,106.4,103.7,2.7,96.24,16.0,20118.3,8567.0,1299.0,26.25,0.5364375,0.17931249999999999,2.10625,104.04375,101.9375,7670.875,3683.0,698.0,4.266666666666667,82.0,2.591463414634146,106.40731707317073,103.81219512195122,96.25073170731707,5.445,0.7,17.0,18934.920000000002,8244.0,155.0,25.823529411764707,0.5012352941176471,0.1741764705882353,-5.782352941176471,100.51764705882353,106.31764705882354,7705.965,3737.0,252.0,1.8,82.0,-0.01097560975609763,108.44634146341464,108.46097560975609,95.91219512195123,0.16999999999999957,0.45,17.0,8.0,7.0,2.0,0.8823529411764706,0.6842786543619526,0.31572134563804727,18526.775,season-level roster proxy,0.9995001378635335,104.36913968207274,103.3806326789201,2.2600000678620926,105.27883135326239,103.03370685760231,47.10200018322765,48.29
2017,2016-17,CLE,1610612739,Cleveland Cavaliers,82,51,31,3976.0,112.8,109.7,3.1,0.567,1.66,17.1,0.264,0.722,0.499,0.14,0.547,0.58,96.74,80.61,8019,,2016,57.0,110.2,103.9,6.3,93.82,17.0,20436.268333333333,8757.0,2446.0,29.058823529411764,0.5344117647058824,0.17858823529411766,-0.8882352941176472,104.50588235294117,105.38823529411764,7494.961666666666,4109.0,1354.0,8.9,82.0,6.313414634146342,110.36707317073171,104.05243902439024,93.84012195121952,6.115,0.65,19.0,21789.976666666666,9854.0,1042.0,30.42105263157895,0.5447894736842105,0.19410526315789475,1.4263157894736842,108.11052631578947,106.69473684210527,7655.586666666666,4400.0,950.0,6.0,82.0,3.0719512195121954,112.83170731707318,109.76463414634148,96.74475609756097,-0.2299999999999999,0.45,19.0,11.0,6.0,2.0,0.8947368421052632,0.6700037964135321,0.32999620358646786,23842.678333333333,season-level roster proxy,5.685911754740641,108.44512120317579,102.74147350755545,7.759657242391479,110.46839150221365,102.682101854476,61.951074554456994,58.010000000000005
2017,2016-17,DAL,1610612742,Dallas Mavericks,82,33,49,3956.0,104.7,107.7,-3.0,0.574,1.75,16.8,0.216,0.733,0.465,0.127,0.505,0.541,93.11,77.59,7668,,2016,42.0,105.5,105.9,-0.4,95.34,15.0,20281.573333333334,8533.0,-173.0,30.066666666666666,0.5535333333333334,0.18713333333333332,-1.2466666666666666,101.93333333333334,103.18666666666667,7199.803333333333,3112.0,291.0,1.5333333333333332,82.0,-0.3121951219512195,105.47073170731707,105.7829268292683,95.36682926829268,-1.5700000000000003,0.45,19.0,18659.876666666667,7514.0,-1017.0,27.263157894736842,0.4859473684210527,0.18905263157894736,-7.1421052631578945,101.23157894736842,108.36842105263158,7327.345,3402.0,-365.0,-2.0333333333333337,82.0,-2.926829268292683,104.73902439024391,107.66707317073171,93.09829268292684,-7.025,0.35,19.0,6.0,3.0,10.0,0.47368421052631576,0.6654060967385645,0.3345939032614354,14042.59,season-level roster proxy,0.4603702617062332,104.62078080563012,104.17724153212953,0.3136616280796793,104.55734156763421,104.26100089456538,41.84688639581513,39.92
2017,2016-17,DEN,1610612743,Denver Nuggets,82,40,42,3951.0,112.2,111.7,0.4,0.615,1.69,18.2,0.314,0.753,0.532,0.15,0.53,0.568,99.18,82.65,8167,,2016,33.0,104.9,108.2,-3.3,96.34,16.0,19617.458333333332,8263.0,-1371.0,25.4375,0.5183125,0.18025,-3.83125,103.66875,107.5,6859.895,2982.0,-460.0,-3.4333333333333336,82.0,-3.3036585365853663,104.90853658536585,108.21341463414635,96.3540243902439,-3.37,0.45,17.0,21088.386666666665,9597.0,391.0,26.352941176470587,0.5688823529411764,0.17458823529411766,1.0705882352941176,110.20588235294117,109.12352941176471,6478.27,3104.0,122.0,1.0333333333333332,82.0,0.36951219512195116,112.25731707317074,111.88658536585366,99.1709756097561,4.865,0.6,17.0,9.0,4.0,4.0,0.7647058823529411,0.728394180414006,0.27160581958599406,20662.179999999997,season-level roster proxy,-4.012735353513844,103.68429984154628,107.702030948977,-3.786003761010581,104.44238892653722,108.24124709275914,30.777789845271432,32.09
2017,2016-17,DET,1610612765,Detroit Pistons,82,37,45,3961.0,105.3,106.7,-1.4,0.53,1.78,16.1,0.286,0.775,0.519,0.123,0.492,0.521,95.52,79.6,7890,,2016,44.0,105.3,104.9,0.3,95.75,15.0,19609.67,8267.0,258.0,26.333333333333332,0.5168666666666667,0.1842,-2.853333333333333,100.48666666666666,103.36,8310.65,3550.0,458.0,2.466666666666667,82.0,0.29999999999999993,105.31951219512196,105.01951219512196,95.7519512195122,-0.18499999999999991,0.65,15.0,19805.0,8309.0,-460.0,25.933333333333334,0.4948666666666667,0.19173333333333334,-0.08666666666666666,103.52,103.61333333333333,7660.026666666667,3473.0,-253.0,-1.9333333333333333,82.0,-1.5378048780487805,105.25,106.79268292682927,95.53256097560975,-4.640000000000001,0.35,15.0,9.0,4.0,2.0,0.8666666666666667,0.7828655260240754,0.2171344739759244,21689.723333333335,season-level roster proxy,-0.19592421418622671,104.36117986444272,104.57224077854383,0.14336080083388253,104.80545675338232,104.67991041334733,41.38707416225148,41.81
2017,2016-17,GSW,1610612744,Golden State Warriors,82,67,15,3956.0,114.8,103.4,11.4,0.705,2.06,21.2,0.272,0.709,0.504,0.146,0.563,0.597,100.37,83.65,8279,,2016,73.0,113.5,102.8,10.6,100.24,15.0,20010.861666666664,9441.0,4518.0,27.666666666666668,0.571,0.18166666666666667,2.8666666666666667,108.57333333333332,105.70666666666666,8174.388333333333,5277.0,2931.0,16.766666666666666,82.0,10.723170731707317,113.5548780487805,102.82073170731707,100.25939024390244,10.735,0.85,16.0,21100.461666666666,9904.0,4687.0,28.625,0.5656875,0.17300000000000001,5.25,108.86875,103.63125,7758.481666666667,4517.0,2635.0,15.6,82.0,11.423170731707318,114.82682926829267,103.40121951219511,100.38195121951219,10.345,0.8,16.0,9.0,5.0,2.0,0.875,0.5992992258224742,0.4007007741775257,21327.365,season-level roster proxy,9.241421807147763,111.09353794995303,101.85377453645428,10.479427925131608,112.39272000297478,101.91523571168331,69.29445539785534,69.62
2017,2016-17,HOU,1610612745,Houston Rockets,82,55,27,3956.0,114.1,108.4,5.7,0.626,1.67,18.1,0.281,0.717,0.499,0.15,0.545,0.583,100.55,83.79,8289,,2016,41.0,107.3,107.3,0.0,98.42,14.0,18198.495,8133.0,146.0,27.285714285714285,0.5405714285714286,0.19635714285714287,1.1357142857142857,105.12857142857142,104.00714285714285,8263.42,4377.0,182.0,0.9333333333333332,82.0,-0.05000000000000002,107.42804878048781,107.47560975609755,98.43853658536585,4.725,0.55,15.0,20269.318333333333,10283.0,2275.0,26.466666666666665,0.5576666666666666,0.1818,-3.8533333333333335,107.50666666666666,111.34666666666666,8042.795,4509.0,1085.0,6.366666666666667,82.0,5.529268292682927,114.12682926829268,108.59756097560975,100.55475609756097,1.86,0.6,15.0,5.0,4.0,6.0,0.6,0.6033872673247441,0.396612732675256,16363.829999999998,season-level roster proxy,-0.044953595826893636,106.3967770075832,106.41098384872818,-0.16207536942202086,106.38012109312238,106.51072146757248,40.562396502560546,41.0
2017,2016-17,IND,1610612754,Indiana Pacers,82,42,40,3971.0,107.9,108.1,-0.2,0.572,1.63,17.2,0.255,0.713,0.488,0.141,0.516,0.558,96.59,80.49,7989,,2016,45.0,103.8,102.2,1.6,97.35,15.0,20326.693333333333,8470.0,479.0,26.466666666666665,0.5523333333333333,0.18366666666666667,-5.346666666666668,101.02666666666667,106.36,8077.3150000000005,3889.0,383.0,2.1666666666666665,82.0,1.6439024390243904,103.84756097560975,102.21341463414635,97.38658536585366,1.9200000000000004,0.65,16.0,20084.818333333333,8697.0,-111.0,27.5,0.516875,0.18837500000000001,-2.725,103.23125,105.975,7887.376666666667,4202.0,359.0,2.3333333333333335,82.0,-0.06829268292682941,107.93170731707316,107.99878048780488,96.59609756097561,1.8399999999999999,0.5,16.0,9.0,6.0,1.0,0.9375,0.5810367063843761,0.4189632936156239,20920.838333333333,season-level roster proxy,0.07782282943887785,102.61823134397977,102.53976990883811,0.45308542337918345,103.30736131650724,102.85572199868555,42.223330643123795,45.32
2017,2016-17,LAC,1610612746,LA Clippers,82,51,31,3951.0,111.8,107.5,4.4,0.57,1.74,17.2,0.256,0.733,0.501,0.133,0.537,0.574,96.77,80.64,7968,,2016,53.0,107.2,102.7,4.5,96.81,16.0,20246.871666666666,8832.0,1843.0,29.75,0.5486875,0.1745625,-0.1812499999999998,102.0375,102.24375,7271.165,3365.0,949.0,6.3,82.0,4.510975609756097,107.20975609756098,102.69878048780487,96.82,3.6650000000000005,0.6,15.0,19755.0,8911.0,1760.0,30.066666666666666,0.5292,0.20400000000000001,0.4799999999999999,105.18,104.7,6925.504999999999,3210.0,951.0,5.833333333333333,82.0,4.365853658536586,111.81585365853658,107.44390243902438,96.76768292682927,8.555,0.7,15.0,9.0,4.0,2.0,0.8666666666666667,0.7787343776984252,0.22126562230157487,20604.225,season-level roster proxy,4.616493267764258,106.89697460108303,102.2666834836059,4.529113940498611,107.09760377753724,102.55088696488303,53.22860763934625,53.15
2017,2016-17,LAL,1610612747,Los Angeles Lakers,82,26,56,3941.0,105.3,112.0,-6.7,0.532,1.38,15.6,0.284,0.717,0.494,0.153,0.501,0.537,99.26,82.72,8143,,2016,17.0,100.7,110.3,-9.7,96.55,15.0,19730.0,7982.0,-3920.0,27.533333333333335,0.5008,0.17686666666666667,-6.6466666666666665,99.94666666666667,106.58,7097.711666666666,3198.0,-1855.0,-12.633333333333333,82.0,-9.740243902439024,100.69634146341464,110.43658536585365,96.55829268292683,-10.535,0.25,16.0,19129.66,7717.0,-2636.0,26.5,0.5188125,0.181125,-6.05625,103.4375,109.5,6807.923333333333,2920.0,-1257.0,-8.433333333333334,82.0,-6.723170731707317,105.36829268292684,112.09756097560975,99.26719512195122,-6.45,0.35,16.0,8.0,5.0,3.0,0.8125,0.6199262315062212,0.38007376849377894,18310.436666666665,season-level roster proxy,-6.623307654596259,100.56716464617355,107.21292088246211,-7.121134136597612,100.8637620593349,108.0123749878257,21.772937831186447,14.809999999999999
2017,2016-17,MEM,1610612763,Memphis Grizzlies,82,43,39,3981.0,107.0,106.5,0.5,0.584,1.65,16.5,0.295,0.731,0.507,0.137,0.491,0.535,92.84,77.37,7702,,2016,42.0,104.7,107.1,-2.4,93.95,21.0,17422.29,6934.0,-1046.0,28.523809523809526,0.5125714285714286,0.18157142857142858,-4.5095238095238095,100.9904761904762,105.5,5997.6033333333335,2659.0,-210.0,-1.8333333333333333,82.0,-2.3585365853658535,104.7670731707317,107.13048780487806,93.9790243902439,-8.155,0.25,16.0,19534.05,8128.0,261.0,27.8125,0.520125,0.1795625,-1.61875,103.16875,104.7875,6924.0,3550.0,224.0,1.5666666666666667,82.0,0.6499999999999999,107.17439024390244,106.52439024390245,92.84353658536585,-2.34,0.35,16.0,8.0,4.0,4.0,0.75,0.7257325302520967,0.2742674697479034,14097.369999999999,season-level roster proxy,-1.406321261814556,104.37548664514492,105.74330943762324,-0.9117795002231462,104.67147717864864,105.5405254022637,38.538195349397505,34.519999999999996
2017,2016-17,MIA,1610612748,Miami Heat,82,41,41,3956.0,107.4,106.4,1.0,0.544,1.58,16.3,0.284,0.718,0.499,0.14,0.512,0.541,95.51,79.6,7875,,2016,48.0,105.5,103.7,1.7,94.14,15.0,22537.923333333332,9321.0,488.0,29.066666666666666,0.5264,0.18106666666666668,-0.6933333333333332,102.98,103.68666666666667,7459.838333333333,2921.0,171.0,1.0666666666666667,82.0,1.6487804878048782,105.51829268292683,103.86463414634146,94.16024390243903,3.915,0.6,14.0,19402.913333333334,8312.0,469.0,27.357142857142858,0.5238571428571428,0.1792857142857143,-0.9928571428571429,104.3,105.28571428571429,7150.298333333333,3794.0,198.0,1.2333333333333334,82.0,1.002439024390244,107.49268292682926,106.4829268292683,95.50768292682928,5.145,0.65,14.0,7.0,5.0,2.0,0.8571428571428571,0.6154583460113827,0.3845416539886172,15506.898333333336,season-level roster proxy,0.5161729741999771,104.09289623682535,103.53872754910475,1.0184810883316706,104.40485634256093,103.34234612045826,43.74989893849551,45.59
2017,2016-17,MIL,1610612749,Milwaukee Bucks,82,42,40,3956.0,108.5,108.7,-0.2,0.624,1.73,18.5,0.26,0.706,0.487,0.146,0.527,0.565,94.99,79.16,7828,,2016,33.0,103.4,107.8,-4.5,95.05,16.0,19799.476666666666,8123.0,-1679.0,25.0625,0.5180625,0.1783125,-6.39375,99.75,106.14375,8083.385,3854.0,-396.0,-2.5666666666666664,82.0,-4.630487804878048,103.36829268292684,107.99268292682926,95.05012195121951,-5.695,0.35,17.0,21354.033333333333,9253.0,-221.0,26.294117647058822,0.5332941176470589,0.18888235294117647,-2.9529411764705884,104.61764705882354,107.54705882352941,7166.693333333334,3092.0,-143.0,-0.6,82.0,-0.23658536585365852,108.54512195121953,108.79024390243902,95.00012195121951,-1.585,0.65,17.0,7.0,7.0,3.0,0.8235294117647058,0.5918302583466055,0.40816974165339437,20955.375,season-level roster proxy,-1.7359820252958171,104.12652640034679,105.84500390313545,-0.6014977602749676,105.2823694454481,105.86577723773875,39.37595604725759,28.85
2017,2016-17,MIN,1610612750,Minnesota Timberwolves,82,31,51,3961.0,110.0,110.9,-0.9,0.6,1.69,17.7,0.309,0.71,0.507,0.146,0.511,0.555,95.48,79.57,7870,,2016,29.0,105.4,109.0,-3.5,96.2,14.0,18765.121666666666,7895.0,-1356.0,26.428571428571427,0.5255714285714286,0.1695,-6.257142857142858,102.14999999999999,108.39999999999999,7793.695,3944.0,-180.0,-1.0999999999999999,82.0,-3.6865853658536585,105.39268292682928,109.0780487804878,96.19743902439023,-2.1550000000000002,0.5,15.0,20158.005,8777.0,-462.0,26.133333333333333,0.5090666666666667,0.1728,3.4266666666666667,107.4,103.98666666666666,8731.913333333334,4810.0,-10.0,0.10000000000000002,82.0,-0.9073170731707316,110.04268292682927,110.94634146341464,95.47353658536585,-3.565,0.3,15.0,9.0,4.0,2.0,0.8666666666666667,0.7544454684754814,0.24555453152451856,21369.795000000002,season-level roster proxy,-2.473195188192805,104.79884148787261,107.2516468844616,-1.9135034846743555,105.42996717351038,107.31840345861336,35.83354059137924,31.549999999999997
2017,2016-17,NOP,1610612740,New Orleans Pelicans,82,34,48,3981.0,104.7,106.8,-2.1,0.582,1.77,17.1,0.228,0.728,0.48,0.129,0.504,0.539,98.56,82.13,8173,,2016,30.0,104.8,108.4,-3.7,97.64,19.0,19516.531666666666,8265.0,-1554.0,27.210526315789473,0.497,0.1774736842105263,-6.7,101.22105263157896,107.91578947368421,6143.338333333333,3089.0,-449.0,-3.4,82.0,-3.6902439024390246,104.8439024390244,108.54756097560976,97.64853658536586,-6.0649999999999995,0.3,17.0,18015.888333333332,8356.0,-610.0,26.88235294117647,0.5528823529411765,0.17417647058823532,-5.335294117647059,101.96470588235294,107.3,7547.326666666667,4604.0,31.0,0.4000000000000001,82.0,-2.1182926829268296,104.68536585365854,106.80975609756098,98.58780487804877,1.7950000000000004,0.5,17.0,6.0,7.0,4.0,0.7647058823529411,0.5098668198415642,0.4901331801584357,17153.95666666667,season-level roster proxy,-3.0747019686614565,103.15072176739787,106.21370988850579,-3.8956197431369595,103.13262432409931,107.01371875519942,30.48182669353021,31.009999999999998
2017,2016-17,NYK,1610612752,New York Knicks,82,31,51,3971.0,107.1,110.7,-3.6,0.551,1.57,16.3,0.305,0.698,0.5,0.143,0.496,0.534,96.63,80.53,7990,,2016,32.0,103.9,106.7,-2.8,94.12,16.0,19944.266666666666,8125.0,-1182.0,27.0,0.512,0.2028125,-6.6625,100.00625,106.68125,7119.663333333334,3324.0,-293.0,-2.1666666666666665,82.0,-2.876829268292683,103.89878048780488,106.77682926829269,94.13256097560975,-2.82,0.35,15.0,18500.91,8102.0,-1417.0,27.266666666666666,0.5242666666666667,0.179,-2.4600000000000004,105.56,108.03999999999999,7161.906666666667,3690.0,-567.0,-3.966666666666667,82.0,-3.5682926829268293,107.16951219512195,110.73536585365852,96.66170731707318,-5.415,0.3,15.0,5.0,4.0,6.0,0.6,0.5642588557657595,0.4357411442342405,13402.238333333333,season-level roster proxy,-0.8597841181504134,104.07106350270098,104.92610644764191,-0.842851068701682,104.33341215748277,105.17626322618446,38.724302114505456,33.44
2017,2016-17,OKC,1610612760,Oklahoma City Thunder,82,47,35,3961.0,107.9,107.1,0.8,0.532,1.4,15.5,0.323,0.742,0.528,0.152,0.5,0.54,98.18,81.82,8099,,2016,55.0,112.1,104.8,7.4,97.54,15.0,20356.201666666668,9202.0,2952.0,27.066666666666666,0.5441333333333334,0.178,2.1133333333333337,105.18666666666667,103.09333333333333,7827.381666666666,4890.0,1812.0,11.033333333333333,82.0,7.440243902439025,112.19146341463416,104.75243902439026,97.54024390243903,9.27,0.65,15.0,20677.86666666667,9206.0,437.0,26.133333333333333,0.5304,0.17386666666666667,-0.5133333333333333,105.09333333333333,105.6,7566.95,3985.0,589.0,4.033333333333333,82.0,0.8621951219512195,108.03902439024391,107.17560975609756,98.15951219512195,2.415,0.6,15.0,7.0,5.0,3.0,0.8,0.508566466193765,0.4914335338062351,19209.301666666666,season-level roster proxy,1.9317853390644688,106.15849762367728,104.22999956357947,2.532349918328297,106.75582719281228,104.22135403544209,47.8373447794864,60.980000000000004
2017,2016-17,ORL,1610612753,Orlando Magic,82,29,53,3961.0,103.7,110.3,-6.5,0.58,1.67,16.8,0.267,0.726,0.491,0.137,0.489,0.524,96.9,80.75,7989,,2016,35.0,104.4,106.0,-1.6,96.68,15.0,19390.698333333334,8217.0,-675.0,25.0,0.5028,0.18893333333333334,0.4933333333333334,102.33333333333333,101.84666666666666,7090.338333333333,3144.0,-285.0,-1.7,82.0,-1.6695121951219514,104.42804878048781,106.08902439024389,96.6789024390244,-2.0300000000000002,0.4,18.0,19444.361666666668,8035.0,-2361.0,25.77777777777778,0.4687222222222222,0.16661111111111113,-9.966666666666665,98.63333333333334,108.6,6943.798333333334,3232.0,-504.0,-3.366666666666667,82.0,-6.614634146341463,103.68658536585365,110.30243902439024,96.89426829268292,-8.434999999999999,0.3,18.0,6.0,8.0,4.0,0.7777777777777778,0.5695174458771227,0.4304825541228773,18751.851666666666,season-level roster proxy,-0.38138456726629033,104.15263956599486,104.54604025326921,-0.17871662104429958,104.26084502947091,104.45379362885566,40.51746512318039,36.68
2017,2016-17,PHI,1610612755,Philadelphia 76ers,82,28,54,3966.0,102.7,108.2,-5.5,0.631,1.43,17.4,0.273,0.709,0.49,0.167,0.501,0.539,99.07,82.56,8179,,2016,10.0,98.4,108.6,-10.2,98.44,14.0,19339.228333333333,7848.0,-3970.0,24.785714285714285,0.5174285714285715,0.19278571428571428,-9.835714285714285,97.26428571428572,107.07857142857142,6458.993333333334,2479.0,-1208.0,-8.933333333333334,82.0,-10.241463414634145,98.4219512195122,108.66951219512195,98.45914634146341,-8.42,0.1,16.0,17852.345,7457.0,-2194.0,25.1875,0.5345625,0.21,-6.2625,101.56875,107.83125,6450.131666666666,2352.0,-811.0,-5.533333333333334,82.0,-5.590243902439024,102.74756097560974,108.32926829268293,99.0930487804878,-4.5600000000000005,0.25,16.0,5.0,5.0,6.0,0.625,0.6445339417380241,0.35546605826197597,11807.929999999998,season-level roster proxy,-6.512018730915015,99.40586780804652,105.91194136765152,-7.1462838727199305,99.2613444800078,106.4013567700175,21.705033543656185,13.46
2017,2016-17,PHO,1610612756,Phoenix Suns,82,24,58,3966.0,106.1,111.3,-5.2,0.491,1.27,14.4,0.299,0.718,0.503,0.152,0.493,0.538,100.85,84.04,8320,,2016,23.0,101.5,107.9,-6.5,99.39,16.0,19377.665,8015.0,-2464.0,26.1875,0.52,0.1888125,-5.41875,100.75625,106.15625,6517.65,2718.0,-939.0,-6.766666666666667,82.0,-6.531707317073171,101.4451219512195,107.9829268292683,99.38731707317073,-5.2700000000000005,0.35,17.0,18203.115,8430.0,-2157.0,25.58823529411765,0.509,0.18170588235294116,-2.8588235294117648,104.47058823529412,107.32352941176471,6954.831666666667,4067.0,-689.0,-4.7,82.0,-5.0841463414634145,106.29146341463414,111.37439024390245,100.85939024390242,-6.090000000000001,0.2,17.0,9.0,4.0,4.0,0.7647058823529411,0.7637838745934329,0.2362161254065672,14801.776666666667,season-level roster proxy,-4.578123313124798,100.99956907200105,105.56181493302721,-4.820289641198984,101.01018953253887,105.8122256345173,27.98521796876274,23.45
2017,2016-17,POR,1610612757,Portland Trail Blazers,82,41,41,3986.0,109.4,110.0,-0.6,0.534,1.54,16.0,0.269,0.72,0.496,0.139,0.52,0.559,97.38,81.15,8088,,2016,44.0,107.6,106.8,0.8,97.06,16.0,20150.086666666666,8793.0,304.0,25.0625,0.509875,0.18625,-5.4875,99.4375,104.925,7796.411666666667,4384.0,310.0,1.9333333333333336,82.0,0.8207317073170733,107.74634146341464,106.92439024390244,97.06780487804879,-0.205,0.55,14.0,19221.605,8612.0,-385.0,24.571428571428573,0.5397142857142857,0.18492857142857141,-1.292857142857143,105.25714285714285,106.55,7742.763333333332,4706.0,24.0,-0.2666666666666666,82.0,-0.5878048780487806,109.45365853658538,110.03536585365853,97.39256097560975,4.59,0.7,14.0,9.0,3.0,2.0,0.8571428571428571,0.8211577554126696,0.17884224458733025,19109.793333333335,season-level roster proxy,1.2467834380905565,106.16361566268465,104.9290819035545,1.786808227775099,106.81059397432962,105.03784860450065,45.82438221499277,43.16
2017,2016-17,SAC,1610612758,Sacramento Kings,82,32,50,3976.0,106.6,110.8,-4.2,0.594,1.54,17.3,0.258,0.723,0.492,0.152,0.516,0.556,95.42,79.52,7911,,2016,33.0,105.3,107.6,-2.3,100.66,15.0,19805.0,8740.0,-1015.0,26.866666666666667,0.5283333333333333,0.17426666666666665,-3.3866666666666663,102.25333333333333,105.64,7161.233333333334,3811.0,-197.0,-1.0,82.0,-2.3329268292682928,105.31585365853658,107.64512195121951,100.68134146341464,-2.175,0.4,16.0,18980.45,7567.0,-1755.0,26.5,0.547125,0.186625,-5.2125,104.3625,109.56875000000001,5683.626666666667,2447.0,-500.0,-4.633333333333333,82.0,-4.376829268292683,106.5329268292683,110.91097560975611,95.43707317073171,-7.38,0.35,16.0,5.0,7.0,4.0,0.75,0.4678093729761874,0.5321906270238128,19098.13166666666,season-level roster proxy,-2.1936079611277863,103.45465587864227,105.6552834269391,-1.9759894159696378,103.82335907796762,105.79934849393726,35.66482857688198,34.79
2017,2016-17,SAS,1610612759,San Antonio Spurs,82,61,21,3961.0,110.3,102.9,7.4,0.606,1.77,18.1,0.282,0.73,0.511,0.141,0.524,0.564,94.86,79.05,7832,,2016,67.0,109.3,98.2,11.1,94.54,18.0,21055.966666666667,9071.0,4233.0,31.38888888888889,0.5658888888888889,0.18672222222222223,4.783333333333333,103.96111111111111,99.18333333333334,6701.948333333334,3426.0,1667.0,12.766666666666666,82.0,11.223170731707317,109.40121951219511,98.18414634146342,94.54463414634147,5.45,0.7,16.0,19805.0,8637.0,2950.0,29.0,0.5600625,0.179125,4.56875,105.08749999999999,100.51875,6616.316666666667,3628.0,974.0,7.633333333333333,82.0,7.359756097560975,110.30731707317074,102.9451219512195,94.875,3.7950000000000004,0.6,16.0,8.0,4.0,4.0,0.75,0.7721295974649545,0.22787040253504537,17531.31,season-level roster proxy,8.759343834925437,107.02014474864303,98.27474812207416,10.248554958978165,107.84801820582855,97.6056399040824,68.67109838924105,70.97
2017,2016-17,TOR,1610612761,Toronto Raptors,82,51,31,3956.0,111.4,107.1,4.3,0.472,1.46,14.5,0.291,0.717,0.505,0.132,0.517,0.561,95.41,79.51,7867,,2016,56.0,109.3,104.8,4.4,93.35,16.0,19958.98,8482.0,1787.0,25.9375,0.519875,0.176625,1.06875,104.95625,103.9,7701.351666666667,4141.0,825.0,5.133333333333334,82.0,4.5024390243902435,109.46585365853659,104.95853658536586,93.35060975609755,5.29,0.7,16.0,21910.065,9450.0,1227.0,25.6875,0.536,0.1769375,2.1437500000000003,105.8875,103.73125,7286.346666666666,4537.0,361.0,2.4333333333333336,82.0,4.342682926829268,111.39146341463415,107.05243902439024,95.40268292682927,4.51,0.7,16.0,10.0,3.0,3.0,0.8125,0.6564095279972202,0.34359047200277987,20240.7,season-level roster proxy,4.407601268730824,108.54689121423665,104.14421657847802,4.526203918201775,108.79060529429111,104.26440137608934,53.22075057914479,52.88
2017,2016-17,UTA,1610612762,Utah Jazz,82,51,31,3951.0,109.0,104.7,4.3,0.544,1.48,16.2,0.27,0.743,0.514,0.148,0.526,0.563,92.09,76.75,7579,,2016,40.0,105.0,103.2,1.8,91.66,16.0,20099.696666666667,8090.0,709.0,25.0,0.4891875,0.1785,-1.5937500000000002,100.375,101.9625,7417.175,3743.0,323.0,2.3333333333333335,82.0,1.885365853658537,105.09878048780489,103.21585365853659,91.6809756097561,5.005000000000001,0.55,15.0,19755.0,8258.0,1615.0,26.733333333333334,0.5505333333333334,0.1869333333333333,3.8266666666666667,106.08,102.24,7231.44,3319.0,940.0,6.366666666666667,82.0,4.2768292682926825,109.0060975609756,104.7219512195122,92.0970731707317,2.95,0.65,15.0,10.0,3.0,2.0,0.8666666666666667,0.7073485498915927,0.29265145010840715,22597.678333333337,season-level roster proxy,2.303986154329866,104.36393583795149,102.06587279209434,2.747572068797525,105.13627495261849,102.39180241290734,48.41844458575332,45.86
2017,2016-17,WAS,1610612764,Washington Wizards,82,49,33,3971.0,110.4,108.8,1.7,0.577,1.68,17.6,0.286,0.716,0.501,0.143,0.528,0.564,97.94,81.62,8109,,2016,41.0,104.5,105.1,-0.5,99.16,17.0,21348.37,9385.0,-255.0,28.058823529411764,0.5169411764705882,0.19476470588235295,-2.423529411764706,101.43529411764706,103.84705882352942,7315.805,3414.0,209.0,1.5,82.0,-0.4560975609756097,104.60609756097561,105.0548780487805,99.17280487804878,2.8899999999999997,0.55,16.0,22605.305,10197.0,476.0,26.1875,0.5413749999999999,0.18125,-0.5874999999999998,106.41875,107.0,8124.568333333333,4659.0,773.0,4.333333333333333,82.0,1.726829268292683,110.48170731707317,108.75975609756097,97.94939024390244,-0.29999999999999993,0.55,16.0,7.0,6.0,3.0,0.8125,0.6173190058055584,0.38268099419444157,20139.32,season-level roster proxy,-0.6801505297431428,103.61619090581675,104.27915881304168,-0.40584611574419277,103.87620544095203,104.26035464887535,39.90421548749068,39.65
2018,2017-18,ATL,1610612737,Atlanta Hawks,82,24,58,3941.0,104.4,110.1,-5.7,0.622,1.53,17.6,0.263,0.719,0.489,0.157,0.512,0.547,98.76,82.3,8114,,2017,43.0,104.5,105.2,-0.7,97.76,18.0,21149.361666666664,9139.0,-459.0,28.5,0.4861111111111111,0.18333333333333332,-1.4666666666666666,99.9,101.35,7026.373333333333,3662.0,-55.0,-0.2666666666666666,82.0,-0.8134146341463415,104.56585365853658,105.37439024390245,97.7969512195122,-1.11,0.45,19.0,16831.04333333333,7167.0,-1981.0,25.210526315789473,0.5204210526315789,0.16694736842105265,-2.7736842105263166,101.3578947368421,104.13684210526316,6331.383333333333,3295.0,-805.0,-6.233333333333333,82.0,-5.560975609756097,104.58536585365853,110.1390243902439,98.76219512195122,-8.675,0.25,19.0,6.0,4.0,9.0,0.5263157894736842,0.7762645583211322,0.22373544167886766,10671.875000000002,season-level roster proxy,-0.9216468989751098,103.15384286578818,104.08037530112247,-0.7324021490594088,103.28425636244751,104.02174555869026,39.02251419753959,39.11
2018,2017-18,BOS,1610612738,Boston Celtics,82,55,27,3961.0,106.8,103.2,3.6,0.586,1.6,17.0,0.263,0.739,0.504,0.144,0.518,0.552,96.75,80.63,7987,,2017,53.0,110.6,108.0,2.6,97.21,15.0,19755.0,8857.0,1080.0,25.733333333333334,0.5604,0.17906666666666665,-0.6133333333333334,106.66,107.25333333333333,7304.118333333334,4033.0,756.0,5.133333333333333,82.0,2.6280487804878048,110.72073170731707,108.09634146341463,97.2240243902439,2.685,0.65,19.0,20343.768333333333,8788.0,1327.0,25.789473684210527,0.5142631578947369,0.17973684210526317,2.610526315789474,104.38421052631578,101.76842105263158,6871.681666666667,3056.0,1029.0,7.3,82.0,3.642682926829268,106.85000000000001,103.20853658536586,96.74439024390244,2.785,0.6,19.0,4.0,6.0,9.0,0.5263157894736842,0.39941547497491253,0.6005845250250875,18018.618333333336,season-level roster proxy,2.72919153716096,108.54671805672112,105.80535432285734,2.7888000783565334,109.10073825168286,106.29874551349695,48.52976021156264,48.02
2018,2017-18,BRK,1610612751,Brooklyn Nets,82,28,54,3971.0,106.1,109.7,-3.6,0.619,1.56,17.3,0.251,0.731,0.489,0.151,0.514,0.551,99.66,83.05,8238,,2017,20.0,103.6,110.1,-6.5,101.75,18.0,18570.146666666667,7979.0,-2600.0,26.555555555555557,0.5364444444444445,0.182,-7.944444444444445,101.62222222222222,109.57222222222222,5737.755,2923.0,-756.0,-5.8,82.0,-6.573170731707317,103.60487804878049,110.18780487804878,101.75878048780487,-1.0299999999999998,0.45,18.0,19755.885,8448.0,-1613.0,25.22222222222222,0.527888888888889,0.1825,-4.688888888888889,101.92222222222222,106.62777777777778,6682.941666666667,2980.0,-236.0,-1.4666666666666668,82.0,-3.5548780487804876,106.19390243902438,109.75487804878048,99.6570731707317,-2.7449999999999997,0.4,18.0,7.0,7.0,4.0,0.7777777777777778,0.4157686178276827,0.5842313821723173,20574.388333333332,season-level roster proxy,-4.735041867992349,103.8656236438945,108.6101016287807,-3.383985495011873,105.11529537316635,108.51438190186637,31.863239163467945,23.45
2018,2017-18,CHI,1610612741,Chicago Bulls,82,27,55,3971.0,103.4,110.5,-7.0,0.607,1.68,17.3,0.256,0.767,0.5,0.141,0.497,0.529,98.65,82.21,8160,,2017,41.0,106.5,106.2,0.3,96.02,16.0,18886.333333333332,7971.0,20.0,26.0,0.4781875,0.175375,-3.9375,99.43125,103.35625,6922.415,3193.0,219.0,0.8333333333333331,82.0,0.12926829268292675,106.48902439024391,106.35609756097561,96.00621951219513,3.16,0.5,19.0,20128.935,8293.0,-3002.0,25.157894736842106,0.4809473684210526,0.17742105263157895,-7.821052631578947,100.97368421052632,108.8,6380.086666666667,2692.0,-836.0,-6.6000000000000005,82.0,-7.134146341463414,103.40975609756099,110.54146341463414,98.64475609756097,-9.955,0.3,19.0,7.0,8.0,4.0,0.7894736842105263,0.467494661338893,0.532505338661107,16303.244999999999,season-level roster proxy,-1.7195014550784213,104.63259124180493,106.36415803520507,-1.664263520336956,105.53101893060352,107.20547097049439,36.50648849509022,41.81
2018,2017-18,CHO,1610612766,Charlotte Hornets,82,36,46,3956.0,109.0,109.0,-0.1,0.554,1.7,16.1,0.271,0.763,0.512,0.128,0.508,0.549,98.66,82.21,8143,,2017,36.0,108.4,108.4,0.0,95.92,17.0,18934.920000000002,8244.0,155.0,25.823529411764707,0.5012352941176471,0.1741764705882353,-5.782352941176471,100.51764705882353,106.31764705882354,7705.965,3737.0,252.0,1.8,82.0,-0.01097560975609763,108.44634146341464,108.46097560975609,95.91219512195123,0.16999999999999957,0.45,17.0,20012.66,8985.0,86.0,25.88235294117647,0.5366470588235294,0.17905882352941177,0.20000000000000004,106.12941176470588,105.91176470588235,7205.073333333334,3861.0,362.0,2.1,82.0,-0.1353658536585366,108.98658536585366,109.12560975609755,98.65926829268294,0.9900000000000002,0.4,17.0,9.0,3.0,5.0,0.7058823529411765,0.7754776352773992,0.224522364722601,19461.676666666666,season-level roster proxy,0.6014441458709535,107.49224124745675,106.92088717775772,1.0325917723281866,107.84943115470784,106.84978182742962,43.7879977852861,41.0
2018,2017-18,CLE,1610612739,Cleveland Cavaliers,82,50,32,3946.0,112.0,111.1,1.0,0.579,1.7,17.5,0.243,0.73,0.492,0.139,0.547,0.584,98.72,82.27,8114,,2017,51.0,112.8,109.7,3.1,96.74,19.0,21789.976666666666,9854.0,1042.0,30.42105263157895,0.5447894736842105,0.19410526315789475,1.4263157894736842,108.11052631578947,106.69473684210527,7655.586666666666,4400.0,950.0,6.0,82.0,3.0719512195121954,112.83170731707318,109.76463414634148,96.74475609756097,-0.2299999999999999,0.45,17.0,20265.29333333333,9719.0,107.0,28.647058823529413,0.5624117647058824,0.17094117647058824,-0.44705882352941184,109.72941176470589,110.18235294117646,7157.131666666666,4037.0,-49.0,-0.8666666666666666,82.0,1.05,112.10975609756098,111.05975609756098,98.71756097560976,3.7949999999999995,0.7,17.0,5.0,7.0,5.0,0.7058823529411765,0.5112068203424839,0.488793179657516,19475.268333333333,season-level roster proxy,0.9016457796345299,108.79938876323568,107.92936786236835,1.4042942871516164,109.3521254633362,107.97922632065283,44.79159457530936,49.370000000000005
2018,2017-18,DAL,1610612742,Dallas Mavericks,82,24,58,3961.0,105.4,108.4,-2.9,0.594,1.85,17.3,0.224,0.749,0.478,0.127,0.513,0.544,96.53,80.44,7959,,2017,33.0,104.7,107.7,-3.0,93.11,19.0,18659.876666666667,7514.0,-1017.0,27.263157894736842,0.4859473684210527,0.18905263157894736,-7.1421052631578945,101.23157894736842,108.36842105263158,7327.345,3402.0,-365.0,-2.0333333333333337,82.0,-2.926829268292683,104.73902439024391,107.66707317073171,93.09829268292684,-7.025,0.35,21.0,20108.541666666668,8407.0,-1417.0,27.0,0.49557142857142855,0.1717142857142857,-3.9714285714285715,101.37142857142858,105.33809523809524,7047.388333333333,3092.0,-648.0,-4.366666666666666,82.0,-2.8829268292682926,105.48170731707317,108.35975609756098,96.54109756097562,-4.2299999999999995,0.25,21.0,9.0,4.0,8.0,0.6190476190476191,0.8534755645844311,0.14652443541556898,15955.393333333333,season-level roster proxy,-2.859723566827351,103.74151940890206,106.58809308576535,-2.931189814569267,104.05175061006406,106.96412572847078,33.08578750066298,32.9
2018,2017-18,DEN,1610612743,Denver Nuggets,82,46,36,3976.0,111.4,110.0,1.4,0.617,1.68,18.2,0.3,0.736,0.517,0.151,0.536,0.57,97.69,81.41,8095,,2017,40.0,112.2,111.7,0.4,99.18,17.0,21088.386666666665,9597.0,391.0,26.352941176470587,0.5688823529411764,0.17458823529411766,1.0705882352941176,110.20588235294117,109.12352941176471,6478.27,3104.0,122.0,1.0333333333333332,82.0,0.36951219512195116,112.25731707317074,111.88658536585366,99.1709756097561,4.865,0.6,16.0,19932.933333333334,9034.0,857.0,27.0,0.5663125,0.17325,-1.725,107.19375,108.89375,7690.125,4005.0,701.0,4.0,82.0,1.5195121951219512,111.36219512195123,109.8451219512195,97.71256097560976,3.3449999999999998,0.6,16.0,10.0,4.0,2.0,0.875,0.7015013132219169,0.2984986867780828,20777.143333333337,season-level roster proxy,1.4900734188193656,110.36624738113662,108.86833578982544,1.8956877685142544,111.40603131068096,109.50820972109796,46.11835697498849,42.08
2018,2017-18,DET,1610612765,Detroit Pistons,82,39,43,3961.0,106.6,106.7,-0.1,0.582,1.7,17.1,0.269,0.74,0.499,0.138,0.512,0.543,96.75,80.62,7981,,2017,37.0,105.3,106.7,-1.4,95.52,15.0,19805.0,8309.0,-460.0,25.933333333333334,0.4948666666666667,0.19173333333333334,-0.08666666666666666,103.52,103.61333333333333,7660.026666666667,3473.0,-253.0,-1.9333333333333333,82.0,-1.5378048780487805,105.25,106.79268292682927,95.53256097560975,-4.640000000000001,0.35,19.0,20443.563333333335,8447.0,-54.0,26.842105263157894,0.5183157894736843,0.18442105263157896,-3.8736842105263163,99.56315789473685,103.4421052631579,6637.305,3307.0,51.0,0.5666666666666667,82.0,-0.09634146341463413,106.63536585365854,106.72560975609755,96.75853658536585,1.7900000000000003,0.5,19.0,7.0,7.0,5.0,0.7368421052631579,0.49258073513242595,0.5074192648675743,19725.561666666665,season-level roster proxy,-0.2726137244761175,106.22273648819632,106.50454541345128,0.30368585052741864,107.24811088667983,106.94739919130915,41.81995179642403,37.22
2018,2017-18,GSW,1610612744,Golden State Warriors,82,58,24,3946.0,112.8,106.8,5.9,0.685,1.9,20.9,0.243,0.712,0.497,0.153,0.569,0.603,100.35,83.63,8251,,2017,67.0,114.8,103.4,11.4,100.37,16.0,21100.461666666666,9904.0,4687.0,28.625,0.5656875,0.17300000000000001,5.25,108.86875,103.63125,7758.481666666667,4517.0,2635.0,15.6,82.0,11.423170731707318,114.82682926829267,103.40121951219511,100.38195121951219,10.345,0.8,17.0,19730.0,9304.0,2450.0,28.529411764705884,0.5530588235294118,0.18758823529411764,-1.4588235294117646,103.3529411764706,104.81764705882354,7116.165,4026.0,1057.0,6.933333333333334,82.0,5.807317073170732,112.66585365853659,106.86463414634146,100.34914634146341,-2.125,0.5,17.0,12.0,3.0,2.0,0.8823529411764706,0.8808524582141016,0.11914754178589851,20024.59833333333,season-level roster proxy,10.305627944763605,113.68865727560579,103.38345422492455,12.244934596086999,115.25213722662235,103.00720263053536,74.06132340943489,71.78
2018,2017-18,HOU,1610612745,Houston Rockets,82,65,17,3951.0,114.1,105.7,8.4,0.557,1.56,16.4,0.254,0.75,0.503,0.141,0.551,0.59,98.02,81.69,8078,,2017,55.0,114.1,108.4,5.7,100.55,15.0,20269.318333333333,10283.0,2275.0,26.466666666666665,0.5576666666666666,0.1818,-3.8533333333333335,107.50666666666666,111.34666666666666,8042.795,4509.0,1085.0,6.366666666666667,82.0,5.529268292682927,114.12682926829268,108.59756097560975,100.55475609756097,1.86,0.6,20.0,20619.5,9542.0,3515.0,29.1,0.5211,0.182,-2.55,101.3,103.845,7101.173333333333,3475.0,1420.0,9.9,82.0,8.273170731707317,114.0170731707317,105.73902439024391,98.02743902439025,7.35,0.8,20.0,8.0,9.0,3.0,0.85,0.567966842820094,0.43203315717990604,23034.528333333332,season-level roster proxy,5.808578353785843,112.05335929387743,106.22260429035629,6.460042594406502,112.88835892195584,106.40216326537056,58.44211500489756,56.39
2018,2017-18,IND,1610612754,Indiana Pacers,82,48,34,3951.0,108.5,107.3,1.3,0.544,1.67,16.8,0.271,0.721,0.496,0.136,0.525,0.557,96.84,80.7,7977,,2017,42.0,107.9,108.1,-0.2,96.59,16.0,20084.818333333333,8697.0,-111.0,27.5,0.516875,0.18837500000000001,-2.725,103.23125,105.975,7887.376666666667,4202.0,359.0,2.3333333333333335,82.0,-0.06829268292682941,107.93170731707316,107.99878048780488,96.59609756097561,1.8399999999999999,0.5,17.0,20633.386666666665,8993.0,570.0,26.41176470588235,0.5664705882352942,0.17658823529411763,-9.370588235294118,102.0529411764706,111.4470588235294,7623.531666666667,3831.0,635.0,3.7000000000000006,82.0,1.2219512195121949,108.48536585365852,107.26951219512196,96.8501219512195,0.765,0.65,17.0,6.0,7.0,4.0,0.7647058823529411,0.3904512755664341,0.6095487244335659,19545.891666666666,season-level roster proxy,-1.15551124767481,105.63530739409434,106.81671757961071,-0.6258044129188278,106.29631462150545,106.94959859739409,39.31032808511917,40.46
2018,2017-18,LAC,1610612746,LA Clippers,82,42,40,3941.0,109.4,109.2,0.2,0.555,1.52,16.5,0.284,0.718,0.504,0.147,0.527,0.564,99.54,82.95,8167,,2017,51.0,111.8,107.5,4.4,96.77,15.0,19755.0,8911.0,1760.0,30.066666666666666,0.5292,0.20400000000000001,0.4799999999999999,105.18,104.7,6925.504999999999,3210.0,951.0,5.833333333333333,82.0,4.365853658536586,111.81585365853658,107.44390243902438,96.76768292682927,8.555,0.7,17.0,21074.22,9550.0,-229.0,26.823529411764707,0.5505882352941176,0.18717647058823528,0.5117647058823529,107.34117647058824,106.83529411764707,7680.51,4195.0,-122.0,-1.0333333333333332,82.0,0.08536585365853654,109.44268292682926,109.3609756097561,99.54182926829269,-3.7399999999999998,0.4,17.0,3.0,8.0,6.0,0.6470588235294118,0.289105436264647,0.710894563735353,18796.331666666665,season-level roster proxy,3.2555902618941874,110.55861468181868,107.30607304669998,3.3731183183663536,110.9317325525468,107.56206012228756,50.10741945958915,52.88
2018,2017-18,LAL,1610612747,Los Angeles Lakers,82,35,47,3981.0,106.0,107.3,-1.3,0.584,1.51,17.0,0.279,0.729,0.505,0.155,0.517,0.548,100.9,84.08,8361,,2017,26.0,105.3,112.0,-6.7,99.26,16.0,19129.66,7717.0,-2636.0,26.5,0.5188125,0.181125,-6.05625,103.4375,109.5,6807.923333333333,2920.0,-1257.0,-8.433333333333334,82.0,-6.723170731707317,105.36829268292684,112.09756097560975,99.26719512195122,-6.45,0.35,20.0,18078.971666666668,7993.0,-530.0,25.85,0.5121,0.166,-0.9550000000000001,100.33000000000001,101.28999999999999,7049.193333333334,3557.0,-255.0,-1.5,82.0,-1.2902439024390244,105.98780487804878,107.27439024390245,100.93414634146342,-1.1800000000000002,0.35,20.0,5.0,7.0,8.0,0.6,0.4100891159185228,0.5899108840814771,17298.443333333336,season-level roster proxy,-3.674972189212401,106.16146436490527,109.82870872003315,-3.450143072255786,106.92225959586102,110.3560045004015,31.684613704909378,22.909999999999997
2018,2017-18,MEM,1610612763,Memphis Grizzlies,82,22,60,3941.0,103.6,110.4,-6.8,0.586,1.44,16.6,0.276,0.721,0.493,0.156,0.5,0.539,95.65,79.71,7865,,2017,43.0,107.0,106.5,0.5,92.84,16.0,19534.05,8128.0,261.0,27.8125,0.520125,0.1795625,-1.61875,103.16875,104.7875,6924.0,3550.0,224.0,1.5666666666666667,82.0,0.6499999999999999,107.17439024390244,106.52439024390245,92.84353658536585,-2.34,0.35,22.0,18442.55,7742.0,-2496.0,25.59090909090909,0.5203181818181819,0.1905,-6.013636363636365,103.08636363636364,109.08636363636364,6418.793333333333,2721.0,-821.0,-6.5,82.0,-6.802439024390243,103.54878048780488,110.35000000000001,95.66743902439023,-11.934999999999999,0.2,22.0,8.0,4.0,10.0,0.5454545454545454,0.8226491629906695,0.17735083700933052,12283.515000000001,season-level roster proxy,-1.253626371061812,104.60738478901735,105.86139740945487,-0.8213897358176407,104.99373559398629,105.81553450515182,38.78224771329237,42.35
2018,2017-18,MIA,1610612748,Miami Heat,82,44,38,3986.0,106.2,105.8,0.4,0.585,1.58,17.1,0.261,0.741,0.501,0.148,0.52,0.551,96.1,80.08,7985,,2017,41.0,107.4,106.4,1.0,95.51,14.0,19402.913333333334,8312.0,469.0,27.357142857142858,0.5238571428571428,0.1792857142857143,-0.9928571428571429,104.3,105.28571428571429,7150.298333333333,3794.0,198.0,1.2333333333333334,82.0,1.002439024390244,107.49268292682926,106.4829268292683,95.50768292682928,5.145,0.65,18.0,21522.288333333334,9208.0,239.0,27.055555555555557,0.5224444444444445,0.1811111111111111,2.711111111111111,104.41111111111111,101.71666666666667,7119.261666666667,3184.0,108.0,0.6666666666666666,82.0,0.3560975609756098,106.27926829268293,105.91707317073171,96.08500000000001,4.36,0.6,18.0,11.0,4.0,3.0,0.8333333333333334,0.8134836860376752,0.1865163139623249,21536.766666666666,season-level roster proxy,0.706226987028384,106.23573975047323,105.52098961775445,0.7643956236793671,106.37771410639797,105.61123813043284,43.06386818393429,43.7
2018,2017-18,MIL,1610612749,Milwaukee Bucks,82,44,38,3966.0,109.0,109.1,-0.2,0.585,1.68,17.7,0.244,0.709,0.48,0.142,0.531,0.571,97.03,80.86,8013,,2017,42.0,108.5,108.7,-0.2,94.99,17.0,21354.033333333333,9253.0,-221.0,26.294117647058822,0.5332941176470589,0.18888235294117647,-2.9529411764705884,104.61764705882354,107.54705882352941,7166.693333333334,3092.0,-143.0,-0.6,82.0,-0.23658536585365852,108.54512195121953,108.79024390243902,95.00012195121951,-1.585,0.65,19.0,19873.51166666667,8925.0,-176.0,26.263157894736842,0.5441578947368422,0.17247368421052633,-5.910526315789474,101.50526315789473,107.39999999999999,8059.781666666667,4979.0,366.0,2.3666666666666667,82.0,-0.19512195121951229,108.97439024390243,109.17560975609756,97.0098780487805,0.9199999999999996,0.55,19.0,10.0,6.0,3.0,0.8421052631578947,0.7187616795474675,0.2812383204525325,22189.786666666667,season-level roster proxy,-0.21751546056624246,107.7200336611318,107.92774168926967,-1.02150576519612,107.92307638191272,108.93128819627599,38.24193443397048,40.46
2018,2017-18,MIN,1610612750,Minnesota Timberwolves,82,47,35,3961.0,112.5,110.2,2.3,0.553,1.82,17.0,0.289,0.72,0.503,0.128,0.523,0.566,96.75,80.62,7985,,2017,31.0,110.0,110.9,-0.9,95.48,15.0,20158.005,8777.0,-462.0,26.133333333333333,0.5090666666666667,0.1728,3.4266666666666667,107.4,103.98666666666666,8731.913333333334,4810.0,-10.0,0.10000000000000002,82.0,-0.9073170731707316,110.04268292682927,110.94634146341464,95.47353658536585,-3.565,0.3,15.0,19811.341666666667,9017.0,1006.0,27.666666666666668,0.5992666666666667,0.17966666666666667,3.3400000000000003,110.12666666666668,106.76666666666667,8623.261666666667,4194.0,820.0,4.733333333333333,82.0,2.2878048780487803,112.51951219512196,110.23658536585366,96.74670731707316,0.5999999999999999,0.55,15.0,6.0,8.0,1.0,0.9333333333333333,0.46738822955397025,0.5326117704460299,24020.69833333333,season-level roster proxy,0.06082013019466062,108.55301104554346,108.49714349825662,0.14147273550967082,109.23890009047581,109.09742735496614,41.38197638587611,38.57
2018,2017-18,NOP,1610612740,New Orleans Pelicans,82,48,34,3991.0,108.5,107.4,1.1,0.627,1.79,19.0,0.24,0.726,0.494,0.145,0.541,0.573,101.48,84.57,8443,,2017,34.0,104.7,106.8,-2.1,98.56,17.0,18015.888333333332,8356.0,-610.0,26.88235294117647,0.5528823529411765,0.17417647058823532,-5.335294117647059,101.96470588235294,107.3,7547.326666666667,4604.0,31.0,0.4000000000000001,82.0,-2.1182926829268296,104.68536585365854,106.80975609756098,98.58780487804877,1.7950000000000004,0.5,19.0,19586.88,9475.0,541.0,28.210526315789473,0.49721052631578944,0.1852105263157895,-5.178947368421052,102.98421052631579,108.16315789473684,8239.828333333333,4669.0,761.0,4.166666666666667,82.0,1.1109756097560974,108.56829268292684,107.45243902439024,101.48390243902439,3.285,0.6,19.0,7.0,5.0,7.0,0.631578947368421,0.624049788762364,0.3759502112376359,19546.31166666667,season-level roster proxy,0.4376953725370353,105.99529736513801,105.54852604331914,0.3384454534656406,105.84978608404079,105.50350347643473,41.91380272435723,35.33
2018,2017-18,NYK,1610612752,New York Knicks,82,29,53,3966.0,106.3,109.7,-3.4,0.573,1.58,17.2,0.289,0.727,0.509,0.15,0.51,0.544,97.64,81.37,8059,,2017,31.0,107.1,110.7,-3.6,96.63,15.0,18500.91,8102.0,-1417.0,27.266666666666666,0.5242666666666667,0.179,-2.4600000000000004,105.56,108.03999999999999,7161.906666666667,3690.0,-567.0,-3.966666666666667,82.0,-3.5682926829268293,107.16951219512195,110.73536585365852,96.66170731707318,-5.415,0.3,18.0,19026.883333333335,8376.0,-1488.0,26.166666666666668,0.5016666666666666,0.20805555555555555,-3.4388888888888887,98.13333333333334,101.58888888888889,6024.633333333333,2909.0,-514.0,-4.1000000000000005,82.0,-3.3743902439024387,106.30609756097562,109.67804878048781,97.6569512195122,-6.34,0.25,18.0,7.0,7.0,4.0,0.7777777777777778,0.5701732276774716,0.4298267723225285,17027.39833333333,season-level roster proxy,-3.0582011990675038,105.99930062715592,109.03603348485713,-2.1451106640666042,106.91934470359725,109.04777492744803,35.20820120702017,31.28
2018,2017-18,OKC,1610612760,Oklahoma City Thunder,82,48,34,3966.0,110.1,106.4,3.7,0.535,1.53,15.8,0.32,0.725,0.515,0.143,0.514,0.546,97.34,81.11,8036,,2017,47.0,107.9,107.1,0.8,98.18,15.0,20677.86666666667,9206.0,437.0,26.133333333333333,0.5304,0.17386666666666667,-0.5133333333333333,105.09333333333333,105.6,7566.95,3985.0,589.0,4.033333333333333,82.0,0.8621951219512195,108.03902439024391,107.17560975609756,98.15951219512195,2.415,0.6,17.0,20524.101666666666,9042.0,1311.0,27.176470588235293,0.5391764705882354,0.1855294117647059,-1.0999999999999996,101.60000000000001,102.68823529411765,8305.535,5023.0,881.0,5.166666666666667,82.0,3.6097560975609757,110.05243902439024,106.44024390243902,97.37085365853659,5.09,0.65,17.0,8.0,5.0,4.0,0.7647058823529411,0.5217042027377836,0.47829579726221627,20504.055,season-level roster proxy,1.6360086334142199,108.41624869649766,106.79408152842612,1.6905755806822296,108.71699696139005,107.04252501101024,45.56455406784202,43.16
2018,2017-18,ORL,1610612753,Orlando Magic,82,25,57,3946.0,104.7,109.4,-4.7,0.604,1.61,17.5,0.248,0.714,0.48,0.147,0.512,0.545,98.58,82.15,8096,,2017,29.0,103.7,110.3,-6.5,96.9,18.0,19444.361666666668,8035.0,-2361.0,25.77777777777778,0.4687222222222222,0.16661111111111113,-9.966666666666665,98.63333333333334,108.6,6943.798333333334,3232.0,-504.0,-3.366666666666667,82.0,-6.614634146341463,103.68658536585365,110.30243902439024,96.89426829268292,-8.434999999999999,0.3,18.0,18649.611666666668,7965.0,-1778.0,25.666666666666668,0.5428888888888889,0.17800000000000002,-4.727777777777778,102.75,107.46111111111111,5775.54,2997.0,-505.0,-4.033333333333334,82.0,-4.713414634146342,104.68414634146342,109.39756097560976,98.58829268292682,-6.115,0.3,18.0,7.0,6.0,5.0,0.7222222222222222,0.6811788842124618,0.31882111578753813,18998.360000000004,season-level roster proxy,-4.012160189967273,103.9311736381456,107.94882760933048,-3.9098827481328504,104.47414539374192,108.38883076711821,30.443316580041305,23.45
2018,2017-18,PHI,1610612755,Philadelphia 76ers,82,52,30,3956.0,108.5,103.9,4.6,0.663,1.64,19.1,0.286,0.736,0.52,0.163,0.535,0.568,100.75,83.96,8299,,2017,28.0,102.7,108.2,-5.5,99.07,16.0,17852.345,7457.0,-2194.0,25.1875,0.5345625,0.21,-6.2625,101.56875,107.83125,6450.131666666666,2352.0,-811.0,-5.533333333333334,82.0,-5.590243902439024,102.74756097560974,108.32926829268293,99.0930487804878,-4.5600000000000005,0.25,19.0,21648.406666666666,9932.0,1648.0,25.68421052631579,0.5302631578947368,0.1841578947368421,-1.7789473684210528,100.55263157894737,102.32105263157894,7572.988333333333,3429.0,1199.0,7.466666666666666,82.0,4.525609756097562,108.57073170731707,104.04634146341462,100.77646341463415,11.76,0.9,19.0,8.0,7.0,4.0,0.7894736842105263,0.5629960141553619,0.43700398584463795,19269.023333333334,season-level roster proxy,-1.18760929242738,104.55295304709269,105.74247702746395,-0.6479603516343155,105.37996356969197,106.02792392132628,39.250507050587345,26.15
2018,2017-18,PHO,1610612756,Phoenix Suns,82,21,61,3941.0,102.8,111.7,-9.0,0.553,1.35,15.6,0.271,0.724,0.493,0.155,0.495,0.532,101.14,84.28,8293,,2017,24.0,106.1,111.3,-5.2,100.85,17.0,18203.115,8430.0,-2157.0,25.58823529411765,0.509,0.18170588235294116,-2.8588235294117648,104.47058823529412,107.32352941176471,6954.831666666667,4067.0,-689.0,-4.7,82.0,-5.0841463414634145,106.29146341463414,111.37439024390245,100.85939024390242,-6.090000000000001,0.2,18.0,19716.965,8482.0,-3791.0,24.5,0.5195000000000001,0.183,-7.294444444444445,101.01111111111112,108.30000000000001,6170.365,2814.0,-1432.0,-10.333333333333334,82.0,-8.841463414634147,102.91219512195121,111.75365853658536,101.13829268292683,-10.059999999999999,0.15,18.0,9.0,3.0,6.0,0.6666666666666666,0.7584077775728624,0.24159222242713768,17333.256666666664,season-level roster proxy,-4.535564907306321,105.28415776646705,109.81631940872047,-4.84019298233785,105.6392475423256,110.47038978693683,27.931478947687804,26.96
2018,2017-18,POR,1610612757,Portland Trail Blazers,82,49,33,3951.0,108.4,105.7,2.7,0.496,1.44,15.0,0.279,0.746,0.513,0.139,0.511,0.549,97.11,80.93,7992,,2017,41.0,109.4,110.0,-0.6,97.38,14.0,19221.605,8612.0,-385.0,24.571428571428573,0.5397142857142857,0.18492857142857141,-1.292857142857143,105.25714285714285,106.55,7742.763333333332,4706.0,24.0,-0.2666666666666666,82.0,-0.5878048780487806,109.45365853658538,110.03536585365853,97.39256097560975,4.59,0.7,15.0,19396.496666666666,8576.0,1060.0,24.666666666666668,0.541,0.1758,0.4133333333333332,105.46666666666667,105.06,7681.67,4826.0,620.0,3.766666666666666,82.0,2.652439024390244,108.41219512195121,105.76341463414634,97.10609756097561,5.745,0.65,15.0,11.0,2.0,2.0,0.8666666666666667,0.9536094939675344,0.04639050603246582,16382.051666666664,season-level roster proxy,-0.9407117911869199,107.77144341200244,108.70020889731866,-0.4498194406010283,108.6496080288345,109.08426201537863,39.78548751037722,39.38
2018,2017-18,SAC,1610612758,Sacramento Kings,82,27,55,3951.0,103.1,110.4,-7.3,0.556,1.57,16.6,0.264,0.731,0.489,0.143,0.502,0.529,95.5,79.58,7860,,2017,32.0,106.6,110.8,-4.2,95.42,16.0,18980.45,7567.0,-1755.0,26.5,0.547125,0.186625,-5.2125,104.3625,109.56875000000001,5683.626666666667,2447.0,-500.0,-4.633333333333333,82.0,-4.376829268292683,106.5329268292683,110.91097560975611,95.43707317073171,-7.38,0.35,16.0,18475.141666666666,7613.0,-2504.0,26.625,0.512375,0.18,-4.26875,101.66875,105.9375,6244.508333333333,2693.0,-1099.0,-8.866666666666665,82.0,-7.264634146341464,103.16585365853659,110.42926829268293,95.50121951219512,-4.3100000000000005,0.4,16.0,5.0,4.0,7.0,0.5625,0.5595735332536396,0.4404264667463603,12631.7,season-level roster proxy,-2.3011821581154286,105.5018418212381,107.81797195415764,-2.2986255700153055,105.55657565791259,107.87019704319388,34.79371096095868,29.659999999999997
2018,2017-18,SAS,1610612759,San Antonio Spurs,82,47,35,3946.0,107.1,104.1,3.0,0.583,1.73,17.3,0.277,0.741,0.508,0.137,0.507,0.543,95.7,79.75,7867,,2017,61.0,110.3,102.9,7.4,94.86,16.0,19805.0,8637.0,2950.0,29.0,0.5600625,0.179125,4.56875,105.08749999999999,100.51875,6616.316666666667,3628.0,974.0,7.633333333333333,82.0,7.359756097560975,110.30731707317074,102.9451219512195,94.875,3.7950000000000004,0.6,17.0,19730.0,8424.0,1185.0,28.352941176470587,0.5336470588235294,0.18182352941176472,4.323529411764706,105.87647058823529,101.56470588235294,6594.26,3139.0,530.0,3.766666666666667,82.0,3.102439024390244,107.1390243902439,104.0329268292683,95.69560975609755,3.015,0.55,17.0,11.0,3.0,3.0,0.8235294117647058,0.8657544402050935,0.1342455597949064,17683.96166666667,season-level roster proxy,6.4291210387717594,109.09214976055983,102.67246733080266,8.134562968808845,110.57016818948335,102.4524086609848,62.963320015783886,60.980000000000004
2018,2017-18,TOR,1610612761,Toronto Raptors,82,59,23,3966.0,113.0,105.3,7.7,0.59,1.82,17.9,0.274,0.725,0.502,0.135,0.539,0.575,98.02,81.68,8104,,2017,51.0,111.4,107.1,4.3,95.41,16.0,21910.065,9450.0,1227.0,25.6875,0.536,0.1769375,2.1437500000000003,105.8875,103.73125,7286.346666666666,4537.0,361.0,2.4333333333333336,82.0,4.342682926829268,111.39146341463415,107.05243902439024,95.40268292682927,4.51,0.7,16.0,20135.743333333332,9237.0,3132.0,25.625,0.5729375,0.17124999999999999,5.35,108.96875,103.6125,7314.528333333334,4066.0,1148.0,7.366666666666667,82.0,7.809756097560975,112.99634146341464,105.18780487804878,98.02182926829268,5.069999999999999,0.7,16.0,10.0,2.0,4.0,0.75,0.876657039515741,0.12334296048425887,16007.966666666667,season-level roster proxy,2.606597288017008,109.08336117016738,106.4531935036513,2.4468745820542295,109.86628252101312,107.3953181419073,47.60656137154642,52.61
2018,2017-18,UTA,1610612762,Utah Jazz,82,48,34,3951.0,107.4,103.0,4.4,0.586,1.53,17.1,0.256,0.756,0.509,0.152,0.527,0.564,96.58,80.48,7951,,2017,51.0,109.0,104.7,4.3,92.09,15.0,19755.0,8258.0,1615.0,26.733333333333334,0.5505333333333334,0.1869333333333333,3.8266666666666667,106.08,102.24,7231.44,3319.0,940.0,6.366666666666667,82.0,4.2768292682926825,109.0060975609756,104.7219512195122,92.0970731707317,2.95,0.65,19.0,19316.61,8106.0,1831.0,26.263157894736842,0.5699473684210526,0.19547368421052633,10.594736842105263,109.10526315789474,98.50526315789473,7471.05,3564.0,833.0,5.6000000000000005,82.0,4.403658536585366,107.44634146341464,103.0439024390244,96.57170731707318,13.75,0.8,19.0,6.0,5.0,8.0,0.5789473684210527,0.5127318982457427,0.4872681017542573,15852.768333333333,season-level roster proxy,3.4692950999830634,108.43062195971872,104.95698276042428,3.4434273789760623,108.6720623594207,105.22396960839738,50.29725392323537,52.61
2018,2017-18,WAS,1610612764,Washington Wizards,82,43,39,3971.0,108.1,107.7,0.4,0.631,1.73,18.4,0.274,0.732,0.504,0.148,0.525,0.56,97.67,81.39,8087,,2017,49.0,110.4,108.8,1.7,97.94,16.0,22605.305,10197.0,476.0,26.1875,0.5413749999999999,0.18125,-0.5874999999999998,106.41875,107.0,8124.568333333333,4659.0,773.0,4.333333333333333,82.0,1.726829268292683,110.48170731707317,108.75975609756097,97.94939024390244,-0.29999999999999993,0.55,15.0,20022.083333333336,8790.0,215.0,27.6,0.5273333333333333,0.18273333333333333,-0.6599999999999998,105.51333333333334,106.18,7638.895,3944.0,351.0,1.7,82.0,0.3878048780487806,108.13658536585366,107.75243902439026,97.66719512195122,-3.13,0.35,15.0,10.0,4.0,1.0,0.9333333333333333,0.8394129198485584,0.16058708015144169,20349.748333333333,season-level roster proxy,2.12956726164263,109.52850905854774,107.4068301254176,2.861786999365678,110.60163923704438,107.74915696877413,48.72682489828733,45.59
2019,2018-19,ATL,1610612737,Atlanta Hawks,82,29,53,3971.0,107.5,113.1,-5.5,0.624,1.52,17.7,0.284,0.718,0.496,0.162,0.522,0.555,104.56,87.13,8642,,2018,24.0,104.4,110.1,-5.7,98.76,19.0,16831.04333333333,7167.0,-1981.0,25.210526315789473,0.5204210526315789,0.16694736842105265,-2.7736842105263166,101.3578947368421,104.13684210526316,6331.383333333333,3295.0,-805.0,-6.233333333333333,82.0,-5.560975609756097,104.58536585365853,110.1390243902439,98.76219512195122,-8.675,0.25,18.0,18547.566666666666,8637.0,-2345.0,25.11111111111111,0.5975555555555556,0.16683333333333333,-8.63888888888889,105.61111111111111,114.2388888888889,6483.091666666667,2963.0,-683.0,-4.5,82.0,-5.429268292682926,107.6280487804878,113.06829268292684,104.57682926829267,-2.9550000000000005,0.4,18.0,6.0,6.0,6.0,0.6666666666666666,0.6903958781276788,0.30960412187232117,12968.216666666667,season-level roster proxy,-6.516652353895998,102.21404434945437,108.74587054503766,-6.354033455300808,102.55036768683406,108.92513288235062,23.844109670687818,25.61
2019,2018-19,BOS,1610612738,Boston Celtics,82,49,33,3956.0,111.3,107.0,4.3,0.624,2.05,18.8,0.257,0.728,0.495,0.127,0.534,0.567,100.43,83.69,8282,,2018,55.0,106.8,103.2,3.6,96.75,19.0,20343.768333333333,8788.0,1327.0,25.789473684210527,0.5142631578947369,0.17973684210526317,2.610526315789474,104.38421052631578,101.76842105263158,6871.681666666667,3056.0,1029.0,7.3,82.0,3.642682926829268,106.85000000000001,103.20853658536586,96.74439024390244,2.785,0.6,16.0,19775.183333333334,9210.0,1815.0,25.875,0.5695625,0.180125,7.8999999999999995,110.0125,102.0875,6868.326666666667,3547.0,855.0,5.6000000000000005,82.0,4.229268292682927,111.30365853658536,107.07926829268293,100.42707317073172,1.3349999999999997,0.6,16.0,12.0,2.0,2.0,0.875,0.9972862240825497,0.0027137759174502354,17785.796666666665,season-level roster proxy,4.523155930228222,106.20378226896031,101.66673889033927,5.6388738410893255,107.18601711072876,101.53082369849993,56.22495937094118,50.72
2019,2018-19,BRK,1610612751,Brooklyn Nets,82,42,40,3996.0,108.9,109.0,-0.1,0.592,1.58,16.9,0.282,0.72,0.501,0.146,0.52,0.556,101.52,84.6,8452,,2018,28.0,106.1,109.7,-3.6,99.66,18.0,19755.885,8448.0,-1613.0,25.22222222222222,0.527888888888889,0.1825,-4.688888888888889,101.92222222222222,106.62777777777778,6682.941666666667,2980.0,-236.0,-1.4666666666666668,82.0,-3.5548780487804876,106.19390243902438,109.75487804878048,99.6570731707317,-2.7449999999999997,0.4,17.0,19826.616666666665,9128.0,-18.0,25.470588235294116,0.5439411764705883,0.18958823529411764,6.211764705882352,109.01764705882353,102.78823529411765,6837.446666666667,3626.0,-175.0,-1.2666666666666666,82.0,-0.08658536585365846,108.86707317073171,108.94999999999999,101.56829268292684,0.5350000000000005,0.5,17.0,8.0,5.0,4.0,0.7647058823529411,0.7585112223653668,0.24148877763463308,19929.325,season-level roster proxy,-2.2662972278288396,105.59653073214137,107.87770110126658,-1.6585987500973687,105.93935757300609,107.62158766289181,36.521783374737105,31.28
2019,2018-19,CHI,1610612741,Chicago Bulls,82,22,60,3981.0,104.5,112.8,-8.3,0.55,1.55,16.3,0.242,0.727,0.483,0.141,0.505,0.541,99.3,82.75,8232,,2018,27.0,103.4,110.5,-7.0,98.65,19.0,20128.935,8293.0,-3002.0,25.157894736842106,0.4809473684210526,0.17742105263157895,-7.821052631578947,100.97368421052632,108.8,6380.086666666667,2692.0,-836.0,-6.6000000000000005,82.0,-7.134146341463414,103.40975609756099,110.54146341463414,98.64475609756097,-9.955,0.3,17.0,18239.833333333332,7848.0,-2707.0,24.235294117647058,0.5311176470588235,0.18970588235294117,-7.0058823529411764,104.25882352941177,111.2764705882353,5815.906666666667,2816.0,-573.0,-4.233333333333333,82.0,-8.308536585365854,104.54512195121953,112.85365853658537,99.31670731707317,-10.16,0.25,17.0,7.0,6.0,4.0,0.7647058823529411,0.6146654334585562,0.38533456654144377,12179.615000000002,season-level roster proxy,-4.71692762866478,103.24085123654015,107.94775717459048,-5.384868535699947,103.10421217041313,108.48068359305964,26.460854953610145,22.099999999999998
2019,2018-19,CHO,1610612766,Charlotte Hornets,82,39,43,3966.0,110.7,112.0,-1.3,0.578,1.9,17.0,0.268,0.731,0.495,0.122,0.514,0.554,99.18,82.65,8202,,2018,36.0,109.0,109.0,-0.1,98.66,17.0,20012.66,8985.0,86.0,25.88235294117647,0.5366470588235294,0.17905882352941177,0.20000000000000004,106.12941176470588,105.91176470588235,7205.073333333334,3861.0,362.0,2.1,82.0,-0.1353658536585366,108.98658536585366,109.12560975609755,98.65926829268294,0.9900000000000002,0.4,17.0,21034.31,9502.0,-654.0,26.41176470588235,0.5259411764705882,0.18782352941176472,-3.835294117647059,105.88823529411764,109.74117647058823,7466.713333333333,4009.0,64.0,0.19999999999999998,82.0,-1.2731707317073169,110.78414634146341,112.05365853658536,99.16268292682928,-3.4,0.5,17.0,10.0,3.0,4.0,0.7647058823529411,0.7930652993035746,0.20693470069642542,18993.898333333334,season-level roster proxy,-1.107470916756688,106.9174592384449,108.00140095867627,-0.7156345322491205,107.66401030783365,108.34796134649908,39.067786762927376,40.73
2019,2018-19,CLE,1610612739,Cleveland Cavaliers,82,19,63,3951.0,106.8,116.8,-10.0,0.532,1.54,15.6,0.282,0.732,0.496,0.138,0.503,0.54,97.37,81.14,8021,,2018,50.0,112.0,111.1,1.0,98.72,17.0,20265.29333333333,9719.0,107.0,28.647058823529413,0.5624117647058824,0.17094117647058824,-0.44705882352941184,109.72941176470589,110.18235294117646,7157.131666666666,4037.0,-49.0,-0.8666666666666666,82.0,1.05,112.10975609756098,111.05975609756098,98.71756097560976,3.7949999999999995,0.7,19.0,18294.41,7878.0,-3660.0,26.210526315789473,0.5250526315789474,0.17836842105263156,-9.147368421052633,104.14736842105263,113.3,7263.415000000001,3726.0,-1663.0,-11.1,82.0,-10.05609756097561,106.83780487804879,116.89999999999999,97.38097560975609,-9.72,0.2,19.0,7.0,8.0,4.0,0.7894736842105263,0.5390088592029649,0.4609911407970352,16997.954999999998,season-level roster proxy,-1.7148136251292192,107.22649063764827,108.94256464968875,-1.7614769773795855,107.38034356179985,109.14182053917943,36.24401216107512,43.7
2019,2018-19,DAL,1610612742,Dallas Mavericks,82,33,49,3956.0,108.7,110.1,-1.5,0.603,1.64,17.0,0.273,0.734,0.503,0.142,0.519,0.555,99.6,83.0,8216,,2018,24.0,105.4,108.4,-2.9,96.53,21.0,20108.541666666668,8407.0,-1417.0,27.0,0.49557142857142855,0.1717142857142857,-3.9714285714285715,101.37142857142858,105.33809523809524,7047.388333333333,3092.0,-648.0,-4.366666666666666,82.0,-2.8829268292682926,105.48170731707317,108.35975609756098,96.54109756097562,-4.2299999999999995,0.25,16.0,17852.325,8191.0,-837.0,28.0625,0.522,0.1909375,-0.5312499999999999,106.6,107.1125,6359.629999999999,3308.0,-607.0,-4.7,82.0,-1.3914634146341462,108.81341463414635,110.19634146341464,99.59317073170732,-2.175,0.3,16.0,6.0,5.0,5.0,0.6875,0.4913280112533098,0.5086719887466901,15383.918333333333,season-level roster proxy,-2.0024929821195316,105.68560868378678,107.6911284413778,-2.0680441185600933,105.59079707697467,107.66231035724485,35.41628087988775,33.17
2019,2018-19,DEN,1610612743,Denver Nuggets,82,54,28,3946.0,112.1,108.1,4.0,0.653,2.04,19.3,0.308,0.744,0.524,0.136,0.527,0.558,98.49,82.08,8096,,2018,46.0,111.4,110.0,1.4,97.69,16.0,19932.933333333334,9034.0,857.0,27.0,0.5663125,0.17325,-1.725,107.19375,108.89375,7690.125,4005.0,701.0,4.0,82.0,1.5195121951219512,111.36219512195123,109.8451219512195,97.71256097560976,3.3449999999999998,0.6,18.0,19730.0,9075.0,1620.0,25.555555555555557,0.5309444444444444,0.18594444444444444,2.338888888888889,106.85,104.50555555555555,6921.106666666667,3822.0,739.0,4.966666666666666,82.0,4.098780487804878,112.21341463414635,108.1109756097561,98.50682926829269,1.0950000000000002,0.6,18.0,11.0,2.0,5.0,0.7222222222222222,0.8728738084776666,0.12712619152233337,17737.113333333335,season-level roster proxy,1.8453576530867295,110.51119031206505,108.65782370825468,2.7745648008820347,111.11099139588882,108.3289827905842,48.4913249623815,44.78
2019,2018-19,DET,1610612765,Detroit Pistons,82,41,41,3971.0,108.4,108.7,-0.3,0.579,1.63,16.5,0.291,0.745,0.509,0.14,0.509,0.544,97.88,81.57,8101,,2018,39.0,106.6,106.7,-0.1,96.75,19.0,20443.563333333335,8447.0,-54.0,26.842105263157894,0.5183157894736843,0.18442105263157896,-3.8736842105263163,99.56315789473685,103.4421052631579,6637.305,3307.0,51.0,0.5666666666666667,82.0,-0.09634146341463413,106.63536585365854,106.72560975609755,96.75853658536585,1.7900000000000003,0.5,17.0,18876.89,8374.0,-32.0,27.470588235294116,0.4906470588235294,0.17558823529411763,-3.3941176470588235,100.92941176470588,104.32352941176471,7558.091666666667,4471.0,257.0,1.4333333333333333,82.0,-0.36097560975609766,108.44146341463416,108.8048780487805,97.88536585365854,-0.11500000000000003,0.5,17.0,7.0,5.0,5.0,0.7058823529411765,0.651799184801236,0.34820081519876406,15803.916666666666,season-level roster proxy,1.453314220630962,107.4656424409561,105.99180403591936,1.208153085999482,107.80714870063763,106.57506078481966,44.2620133321986,40.73
2019,2018-19,GSW,1610612744,Golden State Warriors,82,57,25,3961.0,115.0,108.6,6.5,0.668,2.06,20.4,0.257,0.727,0.505,0.139,0.565,0.596,101.74,84.78,8390,,2018,58.0,112.8,106.8,5.9,100.35,17.0,19730.0,9304.0,2450.0,28.529411764705884,0.5530588235294118,0.18758823529411764,-1.4588235294117646,103.3529411764706,104.81764705882354,7116.165,4026.0,1057.0,6.933333333333334,82.0,5.807317073170732,112.66585365853659,106.86463414634146,100.34914634146341,-2.125,0.5,17.0,19805.0,9650.0,2650.0,27.941176470588236,0.5770588235294118,0.17523529411764707,2.7823529411764705,110.44117647058823,107.65882352941176,7685.031666666667,5588.0,1695.0,10.533333333333333,82.0,6.447560975609755,115.07560975609756,108.6280487804878,101.74621951219513,6.975,0.7,17.0,10.0,5.0,2.0,0.8823529411764706,0.798495149866827,0.20150485013317296,17591.785,season-level roster proxy,5.861947352130554,111.30642092317522,105.46874416098196,6.62333066754972,112.1574781841664,105.56635619469924,58.882992802384244,56.93
2019,2018-19,HOU,1610612745,Houston Rockets,82,53,29,3966.0,114.9,110.1,4.8,0.541,1.59,15.9,0.269,0.7,0.481,0.135,0.542,0.581,98.39,81.99,8130,,2018,65.0,114.1,105.7,8.4,98.02,20.0,20619.5,9542.0,3515.0,29.1,0.5211,0.182,-2.55,101.3,103.845,7101.173333333333,3475.0,1420.0,9.9,82.0,8.273170731707317,114.0170731707317,105.73902439024391,98.02743902439025,7.35,0.8,20.0,20483.908333333333,9590.0,1952.0,27.75,0.55865,0.18555000000000002,-6.725,104.91,111.63499999999999,7917.58,4533.0,831.0,5.3999999999999995,82.0,4.726829268292684,114.85121951219512,110.12439024390245,98.39365853658536,12.325,0.8,20.0,8.0,5.0,7.0,0.65,0.6899502343343548,0.31004976566564524,18375.45333333333,season-level roster proxy,7.98892194224324,113.17165825931554,105.17002180989276,8.35238305668183,113.83854619763508,105.47546717808943,63.551434253040945,63.68000000000001
2019,2018-19,IND,1610612754,Indiana Pacers,82,48,34,3941.0,109.4,106.0,3.4,0.628,1.9,18.9,0.269,0.722,0.499,0.139,0.53,0.561,98.64,82.2,8097,,2018,48.0,108.5,107.3,1.3,96.84,17.0,20633.386666666665,8993.0,570.0,26.41176470588235,0.5664705882352942,0.17658823529411763,-9.370588235294118,102.0529411764706,111.4470588235294,7623.531666666667,3831.0,635.0,3.7000000000000006,82.0,1.2219512195121949,108.48536585365852,107.26951219512196,96.8501219512195,0.765,0.65,17.0,21070.61666666667,9446.0,1325.0,26.058823529411764,0.4997058823529411,0.18805882352941178,2.0705882352941174,106.12352941176471,104.04117647058824,7205.075,3331.0,429.0,2.533333333333333,82.0,3.407317073170732,109.42926829268293,106.01951219512196,98.64975609756097,-1.7400000000000002,0.4,17.0,10.0,5.0,2.0,0.8823529411764706,0.6914394540713831,0.3085605459286168,23124.635000000002,season-level roster proxy,0.4581821075229944,106.73783264759275,106.29555091356036,1.3564111176794296,107.49926704369216,106.15430467896127,44.66231001773446,44.51
2019,2018-19,LAC,1610612746,LA Clippers,82,48,34,3966.0,111.4,110.4,1.0,0.582,1.65,17.1,0.263,0.722,0.5,0.141,0.529,0.575,102.66,85.55,8475,,2018,42.0,109.4,109.2,0.2,99.54,17.0,21074.22,9550.0,-229.0,26.823529411764707,0.5505882352941176,0.18717647058823528,0.5117647058823529,107.34117647058824,106.83529411764707,7680.51,4195.0,-122.0,-1.0333333333333332,82.0,0.08536585365853654,109.44268292682926,109.3609756097561,99.54182926829269,-3.7399999999999998,0.4,19.0,21893.348333333335,9740.0,176.0,27.36842105263158,0.5358421052631579,0.17421052631578948,0.7000000000000001,106.29473684210525,105.58421052631579,6469.276666666667,2846.0,98.0,1.3,82.0,1.0353658536585364,111.51341463414634,110.47560975609755,102.67036585365852,2.765,0.7,19.0,7.0,8.0,4.0,0.7894736842105263,0.4446456528642429,0.555354347135757,18054.8,season-level roster proxy,0.518325911484296,107.48781091454906,106.96887252512722,0.18429889805899763,107.65806494721839,107.4737660491594,41.49760702475929,41.54
2019,2018-19,LAL,1610612747,Los Angeles Lakers,82,37,45,3956.0,107.4,108.9,-1.6,0.6,1.63,17.8,0.27,0.725,0.502,0.15,0.527,0.554,103.6,86.33,8534,,2018,35.0,106.0,107.3,-1.3,100.9,20.0,18078.971666666668,7993.0,-530.0,25.85,0.5121,0.166,-0.9550000000000001,100.33000000000001,101.28999999999999,7049.193333333334,3557.0,-255.0,-1.5,82.0,-1.2902439024390244,105.98780487804878,107.27439024390245,100.93414634146342,-1.1800000000000002,0.35,20.0,21328.948333333334,9666.0,-726.0,26.9,0.5155000000000001,0.1799,-0.11000000000000018,105.16,105.275,6286.118333333333,3751.0,-98.0,-1.0,82.0,-1.5499999999999998,107.42439024390244,108.98048780487804,103.60134146341463,-2.9650000000000003,0.35,20.0,7.0,8.0,5.0,0.75,0.45547889662793584,0.5445211033720642,23491.743333333336,season-level roster proxy,-1.5334833032825859,106.69154588073,108.24856747540942,-0.7426454372486916,107.37685972564981,108.15217499322033,38.99485731942853,37.49
2019,2018-19,MEM,1610612763,Memphis Grizzlies,82,33,49,3976.0,105.6,108.0,-2.4,0.631,1.71,17.9,0.247,0.724,0.484,0.143,0.508,0.548,97.15,80.96,8038,,2018,22.0,103.6,110.4,-6.8,95.65,22.0,18442.55,7742.0,-2496.0,25.59090909090909,0.5203181818181819,0.1905,-6.013636363636365,103.08636363636364,109.08636363636364,6418.793333333333,2721.0,-821.0,-6.5,82.0,-6.802439024390243,103.54878048780488,110.35000000000001,95.66743902439023,-11.934999999999999,0.2,22.0,19070.09,8064.0,-894.0,26.863636363636363,0.5152727272727273,0.1819090909090909,-2.8863636363636362,102.75454545454545,105.6590909090909,6853.860000000001,2960.0,-507.0,-2.8333333333333335,82.0,-2.4463414634146345,105.56951219512196,108.02073170731708,97.16390243902438,-1.0099999999999998,0.45,22.0,5.0,11.0,6.0,0.7272727272727273,0.23877389934554052,0.7612261006544596,17265.901666666665,season-level roster proxy,-0.1436902561609633,105.98618873172084,106.1359510426186,0.8371374764871424,106.50083526278156,105.66153966544495,43.26027118651528,22.64
2019,2018-19,MIA,1610612748,Miami Heat,82,39,43,3946.0,106.7,107.1,-0.4,0.612,1.65,17.6,0.291,0.731,0.509,0.149,0.515,0.542,98.73,82.28,8122,,2018,44.0,106.2,105.8,0.4,96.1,18.0,21522.288333333334,9208.0,239.0,27.055555555555557,0.5224444444444445,0.1811111111111111,2.711111111111111,104.41111111111111,101.71666666666667,7119.261666666667,3184.0,108.0,0.6666666666666666,82.0,0.3560975609756098,106.27926829268293,105.91707317073171,96.08500000000001,4.36,0.6,15.0,16821.53,7546.0,12.0,27.8,0.5062,0.18373333333333336,-1.7,103.59333333333333,105.26666666666667,6411.535,2768.0,208.0,1.5999999999999999,82.0,-0.26951219512195135,106.85609756097561,107.12682926829268,98.72682926829269,0.9100000000000001,0.55,15.0,11.0,1.0,3.0,0.8,0.9025081350737254,0.0974918649262746,17697.545000000002,season-level roster proxy,0.94191231985378,105.78364423803791,104.85523016516318,1.7888440775648364,106.62733327770091,104.84690002699936,45.829879009425056,42.08
2019,2018-19,MIL,1610612749,Milwaukee Bucks,82,60,22,3956.0,113.5,104.9,8.6,0.601,1.88,18.3,0.25,0.757,0.516,0.133,0.55,0.583,103.57,86.31,8533,,2018,44.0,109.0,109.1,-0.2,97.03,19.0,19873.51166666667,8925.0,-176.0,26.263157894736842,0.5441578947368422,0.17247368421052633,-5.910526315789474,101.50526315789473,107.39999999999999,8059.781666666667,4979.0,366.0,2.3666666666666667,82.0,-0.19512195121951229,108.97439024390243,109.17560975609756,97.0098780487805,0.9199999999999996,0.55,18.0,22083.163333333334,10566.0,3468.0,27.333333333333332,0.5513333333333333,0.17233333333333334,5.372222222222223,110.16666666666667,104.80555555555556,7073.155,4410.0,1788.0,11.5,82.0,8.53048780487805,113.44024390243902,104.91341463414633,103.55804878048781,6.5,0.6,18.0,7.0,9.0,2.0,0.8888888888888888,0.5203159539759024,0.4796840460240977,23825.2,season-level roster proxy,0.4186617391109694,107.77251778928753,107.34334213353927,0.5991914565099522,108.35631903139883,107.73769421999437,42.61781693257687,40.46
2019,2018-19,MIN,1610612750,Minnesota Timberwolves,82,36,46,3966.0,110.6,112.2,-1.6,0.591,1.88,17.4,0.292,0.709,0.497,0.129,0.511,0.552,100.88,84.07,8341,,2018,47.0,112.5,110.2,2.3,96.75,15.0,19811.341666666667,9017.0,1006.0,27.666666666666668,0.5992666666666667,0.17966666666666667,3.3400000000000003,110.12666666666668,106.76666666666667,8623.261666666667,4194.0,820.0,4.733333333333333,82.0,2.2878048780487803,112.51951219512196,110.23658536585366,96.74670731707316,0.5999999999999999,0.55,18.0,20181.375,9256.0,-517.0,27.333333333333332,0.5356111111111111,0.17633333333333334,-2.4444444444444446,107.28333333333333,109.72777777777777,7109.785,4059.0,-77.0,-0.7666666666666666,82.0,-1.6012195121951218,110.59634146341463,112.19878048780487,100.88975609756096,-6.215,0.35,18.0,7.0,6.0,5.0,0.7222222222222222,0.631951472297552,0.3680485277024481,22396.004999999997,season-level roster proxy,3.5649493588997982,110.41216918672177,106.820771971013,5.026022048976946,111.52913295509589,106.47308392516632,54.570259532237756,47.21
2019,2018-19,NOP,1610612740,New Orleans Pelicans,82,33,49,3951.0,110.7,112.0,-1.3,0.619,1.82,18.6,0.285,0.729,0.509,0.142,0.529,0.563,103.89,86.58,8553,,2018,48.0,108.5,107.4,1.1,101.48,19.0,19586.88,9475.0,541.0,28.210526315789473,0.49721052631578944,0.1852105263157895,-5.178947368421052,102.98421052631579,108.16315789473684,8239.828333333333,4669.0,761.0,4.166666666666667,82.0,1.1109756097560974,108.56829268292684,107.45243902439024,101.48390243902439,3.285,0.6,17.0,18884.43833333333,9099.0,-674.0,25.941176470588236,0.5298823529411765,0.18358823529411764,-4.347058823529412,105.97647058823529,110.32352941176471,6483.446666666667,4437.0,352.0,2.533333333333333,82.0,-1.275609756097561,110.70243902439024,111.97439024390243,103.89024390243902,-7.06,0.3,17.0,7.0,6.0,4.0,0.7647058823529411,0.6122840784124063,0.38771592158759377,20262.95,season-level roster proxy,-0.8784990257259349,106.51566734689008,107.39103590543331,0.5490759810986542,107.54494907885221,107.00313391989974,42.48250514896637,43.97
2019,2018-19,NYK,1610612752,New York Knicks,82,17,65,3956.0,104.0,112.9,-8.9,0.525,1.43,14.9,0.264,0.717,0.486,0.14,0.49,0.529,100.16,83.46,8244,,2018,29.0,106.3,109.7,-3.4,97.64,18.0,19026.883333333335,8376.0,-1488.0,26.166666666666668,0.5016666666666666,0.20805555555555555,-3.4388888888888887,98.13333333333334,101.58888888888889,6024.633333333333,2909.0,-514.0,-4.1000000000000005,82.0,-3.3743902439024387,106.30609756097562,109.67804878048781,97.6569512195122,-6.34,0.25,17.0,18644.948333333334,7592.0,-3195.0,23.941176470588236,0.5376470588235295,0.18123529411764705,-7.147058823529412,102.27058823529411,109.41176470588235,6208.881666666667,2500.0,-1179.0,-8.933333333333332,82.0,-8.898780487804878,104.00731707317074,112.90121951219511,100.16243902439024,-12.190000000000001,0.2,17.0,6.0,6.0,5.0,0.7058823529411765,0.4179302598263028,0.5820697401736973,12784.309999999998,season-level roster proxy,-4.980303564812389,103.0900876152096,108.08641945999956,-4.92720941292431,103.39749606186939,108.34209694704346,27.69653458510436,31.82
2019,2018-19,OKC,1610612760,Oklahoma City Thunder,82,49,33,3971.0,109.8,106.5,3.4,0.548,1.67,16.3,0.298,0.738,0.509,0.134,0.514,0.545,103.38,86.15,8549,,2018,48.0,110.1,106.4,3.7,97.34,17.0,20524.101666666666,9042.0,1311.0,27.176470588235293,0.5391764705882354,0.1855294117647059,-1.0999999999999996,101.60000000000001,102.68823529411765,8305.535,5023.0,881.0,5.166666666666667,82.0,3.6097560975609757,110.05243902439024,106.44024390243902,97.37085365853659,5.09,0.65,17.0,20679.056666666667,9749.0,1229.0,25.705882352941178,0.4516470588235294,0.1908235294117647,-4.735294117647059,95.25882352941177,100.00588235294117,8139.998333333333,4942.0,1179.0,6.633333333333333,82.0,3.379268292682927,109.72317073170731,106.3439024390244,103.38878048780487,0.38999999999999996,0.55,17.0,8.0,5.0,4.0,0.7647058823529411,0.7132791338154763,0.2867208661845238,20286.978333333333,season-level roster proxy,0.9254198608680588,107.5391429494141,106.57170137954665,1.8284422178991055,108.42954895508085,106.55294759849416,45.93679398832759,50.99
2019,2018-19,ORL,1610612753,Orlando Magic,82,42,40,3956.0,108.2,107.6,0.6,0.632,1.94,18.6,0.259,0.754,0.504,0.133,0.518,0.55,98.65,82.21,8133,,2018,25.0,104.7,109.4,-4.7,98.58,18.0,18649.611666666668,7965.0,-1778.0,25.666666666666668,0.5428888888888889,0.17800000000000002,-4.727777777777778,102.75,107.46111111111111,5775.54,2997.0,-505.0,-4.033333333333334,82.0,-4.713414634146342,104.68414634146342,109.39756097560976,98.58829268292682,-6.115,0.3,17.0,19506.31166666667,8741.0,350.0,24.764705882352942,0.5374705882352941,0.17841176470588235,1.1823529411764704,107.28235294117647,106.10588235294118,7695.991666666667,4137.0,420.0,2.4,82.0,0.6121951219512195,108.23902439024391,107.63658536585366,98.67268292682927,4.915,0.7,17.0,8.0,4.0,5.0,0.7058823529411765,0.6911493007413064,0.30885069925869346,14358.658333333336,season-level roster proxy,-3.8994705401328686,103.41939501079196,107.30918046544502,-4.098156635912996,103.81999340944749,107.9115952028848,29.93497708303491,28.31
2019,2018-19,PHI,1610612755,Philadelphia 76ers,82,51,31,3961.0,111.6,109.0,2.6,0.648,1.8,18.7,0.278,0.741,0.517,0.144,0.532,0.574,102.59,85.49,8467,,2018,52.0,108.5,103.9,4.6,100.75,19.0,21648.406666666666,9932.0,1648.0,25.68421052631579,0.5302631578947368,0.1841578947368421,-1.7789473684210528,100.55263157894737,102.32105263157894,7572.988333333333,3429.0,1199.0,7.466666666666666,82.0,4.525609756097562,108.57073170731707,104.04634146341462,100.77646341463415,11.76,0.9,19.0,20912.778333333332,10528.0,719.0,26.105263157894736,0.5454736842105263,0.18131578947368424,-2.2421052631578946,107.24736842105263,109.49473684210527,7927.200000000001,4353.0,440.0,2.7999999999999994,82.0,2.6097560975609757,111.66463414634147,109.04878048780488,102.59743902439024,0.865,0.55,19.0,7.0,8.0,4.0,0.7894736842105263,0.4653712108963841,0.5346287891036159,21050.163333333334,season-level roster proxy,1.3582158111520592,107.19561936890751,105.82776350587302,2.460656420950133,108.16270184992449,105.69006032869675,47.64377233656536,53.42
2019,2018-19,PHO,1610612756,Phoenix Suns,82,19,63,3976.0,105.3,114.2,-8.9,0.595,1.53,17.3,0.247,0.683,0.464,0.153,0.514,0.552,101.15,84.3,8371,,2018,21.0,102.8,111.7,-9.0,101.14,18.0,19716.965,8482.0,-3791.0,24.5,0.5195000000000001,0.183,-7.294444444444445,101.01111111111112,108.30000000000001,6170.365,2814.0,-1432.0,-10.333333333333334,82.0,-8.841463414634147,102.91219512195121,111.75365853658536,101.13829268292683,-10.059999999999999,0.15,16.0,19911.856666666667,9166.0,-3414.0,24.6875,0.5215,0.1868125,-8.2125,103.175,111.39375,6841.921666666667,3543.0,-1102.0,-7.266666666666667,82.0,-8.953658536585367,105.24512195121952,114.19390243902438,101.18963414634146,-6.9,0.35,16.0,5.0,5.0,6.0,0.625,0.545671083823976,0.45432891617602394,17699.291666666668,season-level roster proxy,-6.50704267355332,103.4283062363607,109.90130414823568,-7.143323761723012,103.2766168484781,110.38129995129583,21.713025843347864,16.7
2019,2018-19,POR,1610612757,Portland Trail Blazers,82,53,29,3971.0,113.7,109.5,4.2,0.544,1.66,16.6,0.308,0.739,0.526,0.137,0.528,0.568,99.96,83.3,8269,,2018,49.0,108.4,105.7,2.7,97.11,15.0,19396.496666666666,8576.0,1060.0,24.666666666666668,0.541,0.1758,0.4133333333333332,105.46666666666667,105.06,7681.67,4826.0,620.0,3.766666666666666,82.0,2.652439024390244,108.41219512195121,105.76341463414634,97.10609756097561,5.745,0.65,16.0,21511.975,10297.0,1420.0,25.1875,0.54975,0.1914375,-2.23125,109.25625,111.5125,7504.711666666666,4295.0,1227.0,7.633333333333333,82.0,4.296341463414635,113.8609756097561,109.55975609756098,99.93365853658536,6.625,0.75,16.0,10.0,3.0,3.0,0.8125,0.7569392502456542,0.24306074975434577,19276.758333333335,season-level roster proxy,0.8569253647851403,107.0672663583218,106.21165750119637,1.4600337422826322,107.41862286467514,105.96012749890961,44.942091104163104,48.29
2019,2018-19,SAC,1610612758,Sacramento Kings,82,39,43,3946.0,109.6,110.8,-1.2,0.588,1.9,17.7,0.268,0.713,0.487,0.128,0.524,0.554,103.88,86.56,8545,,2018,27.0,103.1,110.4,-7.3,95.5,16.0,18475.141666666666,7613.0,-2504.0,26.625,0.512375,0.18,-4.26875,101.66875,105.9375,6244.508333333333,2693.0,-1099.0,-8.866666666666665,82.0,-7.264634146341464,103.16585365853659,110.42926829268293,95.50121951219512,-4.3100000000000005,0.4,17.0,20595.588333333333,10121.0,-789.0,25.470588235294116,0.5348235294117647,0.18923529411764706,-4.617647058823529,105.31764705882354,109.89999999999999,7693.295,4359.0,14.0,-0.39999999999999997,82.0,-1.154878048780488,109.6719512195122,110.82926829268293,103.87280487804878,-0.82,0.4,17.0,6.0,8.0,3.0,0.8235294117647058,0.5120888914120687,0.4879111085879312,20785.06,season-level roster proxy,-5.406281210318051,102.8473392988361,108.25509850985917,-5.665767648537091,102.7961047680552,108.4618724165923,25.702427348949854,21.29
2019,2018-19,SAS,1610612759,San Antonio Spurs,82,48,34,3961.0,112.2,110.6,1.6,0.58,2.03,18.1,0.246,0.744,0.501,0.122,0.534,0.572,98.88,82.4,8162,,2018,47.0,107.1,104.1,3.0,95.7,17.0,19730.0,8424.0,1185.0,28.352941176470587,0.5336470588235294,0.18182352941176472,4.323529411764706,105.87647058823529,101.56470588235294,6594.26,3139.0,530.0,3.766666666666667,82.0,3.102439024390244,107.1390243902439,104.0329268292683,95.69560975609755,3.015,0.55,15.0,19474.871666666666,9042.0,705.0,27.333333333333332,0.5590666666666666,0.18913333333333335,-5.3933333333333335,103.96666666666667,109.34666666666666,7667.406666666667,4329.0,92.0,0.39999999999999997,82.0,1.646341463414634,112.12439024390245,110.47682926829269,98.86414634146341,5.55,0.75,15.0,6.0,5.0,4.0,0.7333333333333333,0.5196420839453251,0.4803579160546749,16528.45666666667,season-level roster proxy,3.515078943648097,108.15761551239811,104.66450351182212,3.739429238506262,108.77228689497288,105.05689020824414,51.09645894396691,49.1
2019,2018-19,TOR,1610612761,Toronto Raptors,82,58,24,3976.0,112.6,106.8,5.8,0.603,1.81,18.2,0.265,0.726,0.502,0.138,0.543,0.579,100.51,83.76,8334,,2018,59.0,113.0,105.3,7.7,98.02,16.0,20135.743333333332,9237.0,3132.0,25.625,0.5729375,0.17124999999999999,5.35,108.96875,103.6125,7314.528333333334,4066.0,1148.0,7.366666666666667,82.0,7.809756097560975,112.99634146341464,105.18780487804878,98.02182926829268,5.069999999999999,0.7,18.0,20283.465,9647.0,2470.0,27.333333333333332,0.5645,0.1796111111111111,-0.27222222222222214,106.02777777777777,106.28333333333333,7199.0633333333335,3246.0,1391.0,9.166666666666666,82.0,5.712195121951219,112.66341463414633,106.9560975609756,100.52353658536586,7.545,0.65,18.0,9.0,8.0,1.0,0.9444444444444444,0.5989392716298989,0.4010607283701012,18253.495,season-level roster proxy,3.05500148510372,108.07183504674948,105.0460098645949,4.110007190927105,109.21057410992303,105.13905730369912,52.09701941550318,61.790000000000006
2019,2018-19,UTA,1610612762,Utah Jazz,82,50,32,3951.0,110.3,105.3,5.0,0.644,1.72,18.5,0.275,0.759,0.522,0.149,0.538,0.572,100.84,84.03,8308,,2018,48.0,107.4,103.0,4.4,96.58,19.0,19316.61,8106.0,1831.0,26.263157894736842,0.5699473684210526,0.19547368421052633,10.594736842105263,109.10526315789474,98.50526315789473,7471.05,3564.0,833.0,5.6000000000000005,82.0,4.403658536585366,107.44634146341464,103.0439024390244,96.57170731707318,13.75,0.8,17.0,19736.933333333334,9126.0,2140.0,27.294117647058822,0.5561176470588236,0.17888235294117646,-2.070588235294118,105.84705882352942,107.91764705882352,7742.525,4107.0,1183.0,7.133333333333333,82.0,5.012195121951219,110.23048780487804,105.21585365853659,100.82743902439024,10.615,0.7,17.0,14.0,2.0,1.0,0.9411764705882353,0.8909162459772784,0.10908375402272144,19181.14833333333,season-level roster proxy,5.281374281640594,107.19223876846443,101.8999572931374,5.571436020391966,107.72111026411197,102.13681824259778,56.04287725505831,52.88
2019,2018-19,WAS,1610612764,Washington Wizards,82,32,50,3986.0,110.2,112.9,-2.7,0.623,1.87,18.4,0.252,0.706,0.477,0.136,0.531,0.567,102.23,85.19,8486,,2018,43.0,108.1,107.7,0.4,97.67,15.0,20022.083333333336,8790.0,215.0,27.6,0.5273333333333333,0.18273333333333333,-0.6599999999999998,105.51333333333334,106.18,7638.895,3944.0,351.0,1.7,82.0,0.3878048780487806,108.13658536585366,107.75243902439026,97.66719512195122,-3.13,0.35,19.0,19383.396666666667,9098.0,-1584.0,26.894736842105264,0.5244736842105263,0.17684210526315788,-3.8210526315789473,105.06842105263158,108.8842105263158,7540.085,3671.0,-498.0,-3.0,82.0,-2.6878048780487807,110.15121951219511,112.83292682926829,102.26256097560976,-2.0,0.35,19.0,5.0,11.0,3.0,0.8421052631578947,0.373196705068307,0.6268032949316931,19259.88333333333,season-level roster proxy,2.243403334911167,108.69728694272119,106.45306616602905,2.448144416592082,109.1959180271776,106.74728640217867,47.60998992479862,42.08
2020,2019-20,ATL,1610612737,Atlanta Hawks,67,20,47,3256.0,107.0,114.4,-7.4,0.589,1.48,16.9,0.267,0.708,0.484,0.155,0.515,0.554,103.28,86.06,6999,,2019,29.0,107.5,113.1,-5.5,104.56,18.0,18547.566666666666,8637.0,-2345.0,25.11111111111111,0.5975555555555556,0.16683333333333333,-8.63888888888889,105.61111111111111,114.2388888888889,6483.091666666667,2963.0,-683.0,-4.5,82.0,-5.429268292682926,107.6280487804878,113.06829268292684,104.57682926829267,-2.9550000000000005,0.4,18.0,17901.7,7981.0,-2323.0,25.666666666666668,0.5273333333333334,0.17783333333333334,-5.111111111111111,103.68333333333334,108.78888888888889,5898.518333333333,3240.0,-731.0,-5.5,67.0,-7.367164179104478,107.05522388059701,114.42089552238805,103.33985074626867,-4.505000000000001,0.4,18.0,6.0,8.0,4.0,0.7777777777777778,0.6523935715019502,0.3476064284980498,17245.81166666667,season-level roster proxy,-1.9682782109317944,108.95847135637861,110.91096632448053,-2.4015375198740343,109.03792575363286,111.43409352502718,34.51584869634011,26.15
2020,2019-20,BOS,1610612738,Boston Celtics,72,48,24,3486.0,112.8,106.5,6.3,0.557,1.66,16.7,0.283,0.731,0.509,0.137,0.531,0.57,99.92,83.27,7255,,2019,49.0,111.3,107.0,4.3,100.43,16.0,19775.183333333334,9210.0,1815.0,25.875,0.5695625,0.180125,7.8999999999999995,110.0125,102.0875,6868.326666666667,3547.0,855.0,5.6000000000000005,82.0,4.229268292682927,111.30365853658536,107.07926829268293,100.42707317073172,1.3349999999999997,0.6,17.0,17430.0,8183.0,2270.0,25.0,0.5611176470588235,0.18005882352941177,5.211764705882352,108.93529411764706,103.7,6118.02,3482.0,1010.0,8.266666666666667,72.0,6.370833333333334,112.85416666666667,106.48750000000001,99.9198611111111,4.1450000000000005,0.55,17.0,8.0,2.0,7.0,0.5882352941176471,0.7010758299901775,0.2989241700098225,15060.62,season-level roster proxy,2.7725285656677254,109.76614676775147,107.00867844971411,2.7993987717268802,110.06791783910201,107.2842318466828,48.55837668366258,52.61
2020,2019-20,BRK,1610612751,Brooklyn Nets,72,35,37,3496.0,108.7,109.2,-0.5,0.606,1.6,17.3,0.28,0.736,0.511,0.148,0.52,0.554,101.7,84.75,7404,,2019,42.0,108.9,109.0,-0.1,101.52,17.0,19826.616666666665,9128.0,-18.0,25.470588235294116,0.5439411764705883,0.18958823529411764,6.211764705882352,109.01764705882353,102.78823529411765,6837.446666666667,3626.0,-175.0,-1.2666666666666666,82.0,-0.08658536585365846,108.86707317073171,108.94999999999999,101.56829268292684,0.5350000000000005,0.5,22.0,17531.908333333333,8035.0,-279.0,26.90909090909091,0.5255454545454545,0.18327272727272728,-1.0227272727272727,105.81363636363636,106.83181818181819,5974.6,3089.0,209.0,1.0999999999999999,72.0,-0.4694444444444444,108.76805555555556,109.24305555555556,101.70361111111112,-0.29999999999999966,0.55,22.0,6.0,13.0,3.0,0.8636363636363636,0.3601015140035706,0.6398984859964293,24158.243333333336,season-level roster proxy,-2.8238241591241526,107.10687736263384,109.92257583436322,-1.9554807695372558,107.99252388202582,109.94048439792644,35.72020192224941,40.73
2020,2019-20,CHI,1610612741,Chicago Bulls,65,22,43,3135.0,105.8,108.9,-3.1,0.587,1.5,16.9,0.267,0.719,0.481,0.153,0.515,0.547,100.46,83.71,6563,,2019,22.0,104.5,112.8,-8.3,99.3,17.0,18239.833333333332,7848.0,-2707.0,24.235294117647058,0.5311176470588235,0.18970588235294117,-7.0058823529411764,104.25882352941177,111.2764705882353,5815.906666666667,2816.0,-573.0,-4.233333333333333,82.0,-8.308536585365854,104.54512195121953,112.85365853658537,99.31670731707317,-10.16,0.25,17.0,15675.0,6945.0,-1000.0,24.764705882352942,0.5671176470588235,0.17529411764705882,4.688235294117647,110.62941176470588,105.94117647058823,5637.348333333333,3033.0,-423.0,-3.4333333333333336,65.0,-3.1661538461538465,105.88461538461539,109.04,100.48123076923076,-5.67,0.3,17.0,9.0,3.0,5.0,0.7058823529411765,0.7062127958062991,0.2937872041937009,18504.57833333333,season-level roster proxy,-4.426423649930959,105.87166416563396,110.31465382395909,-3.687393911148451,106.99228055041618,110.69417606023164,31.04403643989918,18.589999999999996
2020,2019-20,CHO,1610612766,Charlotte Hornets,65,23,42,3150.0,105.9,112.8,-7.0,0.639,1.63,17.7,0.28,0.706,0.486,0.15,0.504,0.539,96.24,80.2,6317,,2019,39.0,110.7,112.0,-1.3,99.18,17.0,21034.31,9502.0,-654.0,26.41176470588235,0.5259411764705882,0.18782352941176472,-3.835294117647059,105.88823529411764,109.74117647058823,7466.713333333333,4009.0,64.0,0.19999999999999998,82.0,-1.2731707317073169,110.78414634146341,112.05365853658536,99.16268292682928,-3.4,0.5,14.0,14782.735,6364.0,-2106.0,24.642857142857142,0.5065714285714286,0.17785714285714288,-7.028571428571429,101.83571428571429,108.83571428571429,6371.268333333333,3122.0,-978.0,-7.733333333333333,65.0,-6.844615384615384,105.93692307692307,112.78615384615385,96.282,-5.9350000000000005,0.4,14.0,9.0,1.0,4.0,0.7142857142857143,0.8425793107609785,0.15742068923902153,11379.603333333333,season-level roster proxy,-2.530118551291038,108.1408964313636,110.68456699281552,-2.2117461205415547,108.38599909154019,110.61216368482522,35.0282854745378,37.49
2020,2019-20,CLE,1610612739,Cleveland Cavaliers,65,19,46,3145.0,106.9,114.8,-7.9,0.573,1.4,16.8,0.296,0.738,0.512,0.165,0.522,0.553,99.17,82.65,6497,,2019,19.0,106.8,116.8,-10.0,97.37,19.0,18294.41,7878.0,-3660.0,26.210526315789473,0.5250526315789474,0.17836842105263156,-9.147368421052633,104.14736842105263,113.3,7263.415000000001,3726.0,-1663.0,-11.1,82.0,-10.05609756097561,106.83780487804879,116.89999999999999,97.38097560975609,-9.72,0.2,16.0,16361.091666666667,7269.0,-2538.0,24.875,0.53075,0.1954375,-6.4624999999999995,102.0375,108.5125,5931.1849999999995,3077.0,-938.0,-7.733333333333333,65.0,-7.94923076923077,106.93692307692307,114.88307692307691,99.17692307692307,-5.13,0.35,16.0,7.0,4.0,5.0,0.6875,0.6736793591497624,0.3263206408502376,15636.726666666666,season-level roster proxy,-6.178172936023696,107.03725674256633,113.22047095108142,-6.7687424357995205,107.12067987702478,113.88942231282428,22.724395423341292,14.0
2020,2019-20,DAL,1610612742,Dallas Mavericks,75,43,32,3635.0,115.9,111.2,4.8,0.592,1.94,17.7,0.275,0.74,0.509,0.126,0.545,0.581,99.89,83.24,7569,,2019,33.0,108.7,110.1,-1.5,99.6,16.0,17852.325,8191.0,-837.0,28.0625,0.522,0.1909375,-0.5312499999999999,106.6,107.1125,6359.629999999999,3308.0,-607.0,-4.7,82.0,-1.3914634146341462,108.81341463414635,110.19634146341464,99.59317073170732,-2.175,0.3,18.0,19423.58166666667,9223.0,1770.0,27.22222222222222,0.5495,0.18266666666666667,4.088888888888889,112.4388888888889,108.35555555555555,6258.136666666667,3558.0,819.0,5.8999999999999995,75.0,4.76,116.03066666666666,111.26666666666667,99.88066666666667,2.0599999999999996,0.5,18.0,10.0,5.0,3.0,0.8333333333333334,0.6770714804665505,0.32292851953344937,22203.665,season-level roster proxy,-1.1052160007518277,107.61973194515409,108.71367565519776,-2.0873843419622196,107.71988659847618,109.78870889748018,35.36406227670201,36.95
2020,2019-20,DEN,1610612743,Denver Nuggets,73,46,27,3549.0,112.6,110.4,2.2,0.636,1.94,19.1,0.294,0.725,0.509,0.139,0.535,0.567,97.64,81.37,7217,,2019,54.0,112.1,108.1,4.0,98.49,18.0,19730.0,9075.0,1620.0,25.555555555555557,0.5309444444444444,0.18594444444444444,2.338888888888889,106.85,104.50555555555555,6921.106666666667,3822.0,739.0,4.966666666666666,82.0,4.098780487804878,112.21341463414635,108.1109756097561,98.50682926829269,1.0950000000000002,0.6,17.0,17987.913333333334,8236.0,512.0,25.470588235294116,0.5753529411764706,0.1816470588235294,-1.5,108.81764705882354,110.31176470588235,6154.725,3421.0,741.0,5.2,73.0,2.212328767123288,112.69452054794522,110.47534246575343,97.64739726027398,-2.52,0.45,17.0,8.0,5.0,4.0,0.7647058823529411,0.7248372202245447,0.2751627797754554,20525.686666666665,season-level roster proxy,3.2628324168123655,110.65653967565196,107.3857209567979,4.091108195183824,110.99327686285686,106.892245733035,52.045992126996325,51.8
2020,2019-20,DET,1610612765,Detroit Pistons,66,20,46,3193.0,108.8,112.3,-3.5,0.612,1.58,17.7,0.277,0.717,0.493,0.155,0.529,0.561,97.86,81.55,6507,,2019,41.0,108.4,108.7,-0.3,97.88,17.0,18876.89,8374.0,-32.0,27.470588235294116,0.4906470588235294,0.17558823529411763,-3.3941176470588235,100.92941176470588,104.32352941176471,7558.091666666667,4471.0,257.0,1.4333333333333333,82.0,-0.36097560975609766,108.44146341463416,108.8048780487805,97.88536585365854,-0.11500000000000003,0.5,19.0,14479.736666666666,6169.0,-1098.0,25.473684210526315,0.5232105263157895,0.1808421052631579,-5.921052631578948,105.27368421052631,111.2,4977.343333333333,1668.0,-453.0,-4.733333333333333,66.0,-3.5575757575757576,108.79242424242425,112.36060606060606,97.8719696969697,-8.459999999999999,0.15,19.0,7.0,8.0,4.0,0.7894736842105263,0.6237843574616743,0.37621564253832596,14205.793333333331,season-level roster proxy,-0.2573260252038019,107.7406455065985,107.99700449675696,0.860651322870253,108.58426751056348,107.7236161876932,43.323758571749686,40.19
2020,2019-20,GSW,1610612744,Golden State Warriors,65,15,50,3145.0,104.4,113.0,-8.6,0.663,1.72,18.2,0.255,0.722,0.481,0.146,0.497,0.54,101.04,84.2,6623,,2019,57.0,115.0,108.6,6.5,101.74,17.0,19805.0,9650.0,2650.0,27.941176470588236,0.5770588235294118,0.17523529411764707,2.7823529411764705,110.44117647058823,107.65882352941176,7685.031666666667,5588.0,1695.0,10.533333333333333,82.0,6.447560975609755,115.07560975609756,108.6280487804878,101.74621951219513,6.975,0.7,16.0,11068.801666666666,4888.0,-1736.0,25.25,0.5130625,0.1838125,-7.89375,104.81875,112.7125,4935.27,2633.0,-700.0,-6.599999999999999,65.0,-8.667692307692308,104.32615384615384,112.99538461538461,101.04092307692308,-9.684999999999999,0.25,16.0,4.0,4.0,8.0,0.5,0.5755655701775583,0.4244344298224416,10863.005,season-level roster proxy,4.104894210518483,112.71850686496661,108.60824240929037,4.104894210518483,112.71850686496661,108.60824240929037,52.08321436839991,58.55
2020,2019-20,HOU,1610612745,Houston Rockets,72,44,28,3476.0,112.5,109.8,2.7,0.53,1.47,15.5,0.249,0.713,0.48,0.14,0.537,0.578,104.04,86.7,7539,,2019,53.0,114.9,110.1,4.8,98.39,20.0,20483.908333333333,9590.0,1952.0,27.75,0.55865,0.18555000000000002,-6.725,104.91,111.63499999999999,7917.58,4533.0,831.0,5.3999999999999995,82.0,4.726829268292684,114.85121951219512,110.12439024390245,98.39365853658536,12.325,0.8,20.0,18448.686666666665,8916.0,878.0,29.4,0.5166999999999999,0.16999999999999998,-1.275,105.505,106.77000000000001,7086.591666666667,3705.0,475.0,3.233333333333333,72.0,2.7,112.57777777777778,109.87222222222222,104.04638888888888,0.9799999999999998,0.55,20.0,6.0,11.0,3.0,0.85,0.4914437382547148,0.5085562617452851,22493.955,season-level roster proxy,3.3731325816202617,111.88654213987711,108.51340955825688,3.9204206665953745,112.91186557990221,108.99144491330684,51.58513579980751,53.96
2020,2019-20,IND,1610612754,Indiana Pacers,73,45,28,3524.0,109.5,107.5,1.9,0.614,1.95,18.9,0.243,0.718,0.487,0.132,0.534,0.565,99.41,82.84,7299,,2019,48.0,109.4,106.0,3.4,98.64,17.0,21070.61666666667,9446.0,1325.0,26.058823529411764,0.4997058823529411,0.18805882352941178,2.0705882352941174,106.12352941176471,104.04117647058824,7205.075,3331.0,429.0,2.533333333333333,82.0,3.407317073170732,109.42926829268293,106.01951219512196,98.64975609756097,-1.7400000000000002,0.4,17.0,17620.0,7989.0,715.0,25.41176470588235,0.5248823529411765,0.1824705882352941,3.3647058823529408,106.36470588235295,102.99411764705883,6186.803333333333,3222.0,283.0,2.066666666666667,73.0,2.0534246575342467,109.64657534246575,107.58356164383562,99.4268493150685,1.6949999999999996,0.7,17.0,8.0,7.0,2.0,0.8823529411764706,0.44764446873346875,0.5523555312665313,17615.028333333335,season-level roster proxy,1.0743484091283035,107.72332959630967,106.65393378589512,0.6693258627813676,107.78534619643406,107.1160203336527,42.80717982950969,50.18
2020,2019-20,LAC,1610612746,LA Clippers,72,49,23,3476.0,113.3,106.9,6.3,0.571,1.63,16.9,0.278,0.737,0.515,0.142,0.535,0.577,102.16,85.13,7396,,2019,48.0,111.4,110.4,1.0,102.66,19.0,21893.348333333335,9740.0,176.0,27.36842105263158,0.5358421052631579,0.17421052631578948,0.7000000000000001,106.29473684210525,105.58421052631579,6469.276666666667,2846.0,98.0,1.3,82.0,1.0353658536585364,111.51341463414634,110.47560975609755,102.67036585365852,2.765,0.7,17.0,17309.468333333334,8980.0,2146.0,27.764705882352942,0.5816470588235294,0.19388235294117648,3.6941176470588233,109.20588235294117,105.51176470588236,5648.09,3761.0,725.0,5.8999999999999995,72.0,6.386111111111111,113.30138888888888,106.90694444444445,102.16125,8.834999999999999,0.65,17.0,8.0,6.0,3.0,0.8235294117647058,0.5302211888904672,0.4697788111095328,23019.39,season-level roster proxy,2.3317144879454523,109.96274214187838,107.62539120280773,3.859839881733992,111.93393068297851,108.06165241973675,51.421567680681775,43.7
2020,2019-20,LAL,1610612747,Los Angeles Lakers,71,52,19,3418.0,111.7,106.1,5.6,0.6,1.67,18.0,0.283,0.737,0.512,0.149,0.542,0.573,101.2,84.33,7211,,2019,37.0,107.4,108.9,-1.6,103.6,20.0,21328.948333333334,9666.0,-726.0,26.9,0.5155000000000001,0.1799,-0.11000000000000018,105.16,105.275,6286.118333333333,3751.0,-98.0,-1.0,82.0,-1.5499999999999998,107.42439024390244,108.98048780487804,103.60134146341463,-2.9650000000000003,0.35,18.0,17659.638333333332,8394.0,1977.0,28.77777777777778,0.5677777777777778,0.17905555555555555,4.694444444444445,110.57222222222222,105.90555555555555,6209.421666666667,3961.0,837.0,5.666666666666667,71.0,5.511267605633803,111.75070422535211,106.24366197183099,101.20464788732394,1.9649999999999999,0.65,18.0,6.0,10.0,2.0,0.8888888888888888,0.46987823246264054,0.5301217675373595,20976.718333333334,season-level roster proxy,-0.43121200003400595,108.91559030007157,109.35112994716125,0.47953822655426687,109.75701216774915,109.29077880480781,42.29475321169652,36.68
2020,2019-20,MEM,1610612763,Memphis Grizzlies,73,34,39,3514.0,108.7,109.7,-1.0,0.633,1.77,18.7,0.271,0.733,0.506,0.147,0.528,0.561,103.31,86.1,7562,,2019,33.0,105.6,108.0,-2.4,97.15,22.0,19070.09,8064.0,-894.0,26.863636363636363,0.5152727272727273,0.1819090909090909,-2.8863636363636362,102.75454545454545,105.6590909090909,6853.860000000001,2960.0,-507.0,-2.8333333333333335,82.0,-2.4463414634146345,105.56951219512196,108.02073170731708,97.16390243902438,-1.0099999999999998,0.45,17.0,16886.163333333334,8028.0,-404.0,24.88235294117647,0.559470588235294,0.18670588235294117,0.7823529411764705,108.62352941176471,107.85882352941177,6031.415,3418.0,-54.0,-0.20000000000000004,73.0,-0.8958904109589042,108.77397260273973,109.67808219178082,103.31164383561644,0.3499999999999999,0.35,17.0,6.0,7.0,4.0,0.7647058823529411,0.32877600330744544,0.6712239966925545,13436.351666666667,season-level roster proxy,-2.8222958340253816,105.06698726874149,107.88947598746735,-2.1262451032822853,105.18610722747131,107.3123523307536,35.25913822113783,34.519999999999996
2020,2019-20,MIA,1610612748,Miami Heat,73,44,29,3549.0,111.9,109.3,2.7,0.657,1.74,18.8,0.257,0.753,0.512,0.149,0.547,0.587,98.7,82.25,7306,,2019,39.0,106.7,107.1,-0.4,98.73,15.0,16821.53,7546.0,12.0,27.8,0.5062,0.18373333333333336,-1.7,103.59333333333333,105.26666666666667,6411.535,2768.0,208.0,1.5999999999999999,82.0,-0.26951219512195135,106.85609756097561,107.12682926829268,98.72682926829269,0.9100000000000001,0.55,18.0,19292.321666666667,8646.0,811.0,26.944444444444443,0.5555555555555556,0.16594444444444445,-2.977777777777778,103.00555555555555,105.98888888888888,6545.0599999999995,3153.0,656.0,4.566666666666666,73.0,2.667123287671233,111.96712328767124,109.29178082191781,98.69808219178083,0.9349999999999999,0.45,18.0,6.0,6.0,6.0,0.6666666666666666,0.4398264570083131,0.5601735429916868,13878.981666666667,season-level roster proxy,1.6868315626902985,108.38801680814959,106.69884153364278,2.3815560273124636,108.70520502492107,106.3236489976086,47.43020127374365,39.92
2020,2019-20,MIL,1610612749,Milwaukee Bucks,73,56,17,3519.0,111.9,102.5,9.4,0.598,1.71,18.0,0.241,0.775,0.524,0.142,0.552,0.583,105.51,87.93,7739,,2019,60.0,113.5,104.9,8.6,103.57,18.0,22083.163333333334,10566.0,3468.0,27.333333333333332,0.5513333333333333,0.17233333333333334,5.372222222222223,110.16666666666667,104.80555555555556,7073.155,4410.0,1788.0,11.5,82.0,8.53048780487805,113.44024390243902,104.91341463414633,103.55804878048781,6.5,0.6,16.0,18311.941666666666,8912.0,3525.0,29.5,0.5636875,0.1843125,5.3125,107.4375,102.13125,5586.488333333334,3967.0,1709.0,13.266666666666666,73.0,9.452054794520548,111.97397260273974,102.52191780821919,105.50493150684932,3.0349999999999993,0.5,16.0,10.0,5.0,1.0,0.9375,0.6705491312648275,0.32945086873517254,23066.676666666666,season-level roster proxy,5.556192446737378,110.89521906999174,105.34383376712411,6.010384452417112,111.8096240562184,105.79923960380128,57.2280380215262,64.22
2020,2019-20,MIN,1610612750,Minnesota Timberwolves,64,19,45,3112.0,107.6,111.6,-4.0,0.59,1.55,16.7,0.264,0.731,0.488,0.146,0.514,0.551,103.94,86.62,6736,,2019,36.0,110.6,112.2,-1.6,100.88,18.0,20181.375,9256.0,-517.0,27.333333333333332,0.5356111111111111,0.17633333333333334,-2.4444444444444446,107.28333333333333,109.72777777777777,7109.785,4059.0,-77.0,-0.7666666666666666,82.0,-1.6012195121951218,110.59634146341463,112.19878048780487,100.88975609756096,-6.215,0.35,17.0,12846.15,5957.0,-1322.0,24.058823529411764,0.5308235294117648,0.1823529411764706,-5.841176470588235,103.62941176470588,109.46470588235294,4505.028333333334,2152.0,-515.0,-5.366666666666667,64.0,-3.9390625,107.696875,111.634375,103.981875,-5.535,0.2,17.0,2.0,10.0,5.0,0.7058823529411765,0.2640201551941769,0.7359798448058231,16293.566666666666,season-level roster proxy,0.0371356384012504,108.86363759111471,108.82907189340578,0.6747696183572522,109.60144239713361,108.94435898115621,42.82187796956458,36.68
2020,2019-20,NOP,1610612740,New Orleans Pelicans,72,30,42,3486.0,110.5,111.8,-1.3,0.63,1.64,18.4,0.287,0.729,0.508,0.156,0.539,0.568,103.89,86.57,7548,,2019,33.0,110.7,112.0,-1.3,103.89,17.0,18884.43833333333,9099.0,-674.0,25.941176470588236,0.5298823529411765,0.18358823529411764,-4.347058823529412,105.97647058823529,110.32352941176471,6483.446666666667,4437.0,352.0,2.533333333333333,82.0,-1.275609756097561,110.70243902439024,111.97439024390243,103.89024390243902,-7.06,0.3,17.0,17430.0,8341.0,-465.0,25.235294117647058,0.5698235294117646,0.18258823529411766,-4.052941176470589,107.2764705882353,111.32941176470588,6245.471666666666,3389.0,-35.0,-0.5,72.0,-1.2861111111111112,110.54305555555555,111.83472222222223,103.91055555555556,1.17,0.45,17.0,5.0,6.0,6.0,0.6470588235294118,0.42962367833076087,0.570376321669239,16404.760000000002,season-level roster proxy,0.8101327297686769,108.1773529248015,107.36512364907097,1.6184632901525204,108.60198492981105,106.98107845240497,45.36985088341181,37.49
2020,2019-20,NYK,1610612752,New York Knicks,66,21,45,3193.0,105.9,112.4,-6.5,0.552,1.54,16.0,0.3,0.742,0.513,0.143,0.501,0.531,99.11,82.59,6594,,2019,17.0,104.0,112.9,-8.9,100.16,17.0,18644.948333333334,7592.0,-3195.0,23.941176470588236,0.5376470588235295,0.18123529411764705,-7.147058823529412,102.27058823529411,109.41176470588235,6208.881666666667,2500.0,-1179.0,-8.933333333333332,82.0,-8.898780487804878,104.00731707317074,112.90121951219511,100.16243902439024,-12.190000000000001,0.2,18.0,16091.79,6539.0,-2001.0,24.88888888888889,0.49622222222222223,0.18566666666666667,-9.81111111111111,102.48333333333333,112.29444444444444,5211.596666666666,2408.0,-549.0,-4.6000000000000005,66.0,-6.3530303030303035,105.92575757575759,112.28939393939395,99.09833333333333,-3.075,0.45,18.0,7.0,8.0,3.0,0.8333333333333334,0.46534424053627954,0.5346557594637203,21075.573333333334,season-level roster proxy,-4.103044195555296,106.48642701218728,110.60792676735406,-4.137920168006187,106.54781843570387,110.69560650338285,29.827615546383292,16.97
2020,2019-20,OKC,1610612760,Oklahoma City Thunder,72,44,28,3486.0,110.1,108.1,2.1,0.543,1.58,16.3,0.241,0.728,0.492,0.137,0.53,0.573,99.42,82.85,7218,,2019,49.0,109.8,106.5,3.4,103.38,17.0,20679.056666666667,9749.0,1229.0,25.705882352941178,0.4516470588235294,0.1908235294117647,-4.735294117647059,95.25882352941177,100.00588235294117,8139.998333333333,4942.0,1179.0,6.633333333333333,82.0,3.379268292682927,109.72317073170731,106.3439024390244,103.38878048780487,0.38999999999999996,0.55,17.0,17405.758333333335,7941.0,731.0,25.058823529411764,0.47994117647058815,0.17158823529411762,-1.852941176470588,102.12352941176471,103.99411764705883,6635.085,3792.0,712.0,5.3,72.0,2.1236111111111113,110.27638888888889,108.15,99.43555555555555,0.5800000000000006,0.6,17.0,7.0,4.0,6.0,0.6470588235294118,0.5604372146348272,0.4395627853651729,16825.298333333332,season-level roster proxy,2.316076346937484,109.08999201500043,106.77934114887908,3.130759772338168,110.04463542086981,106.92433096785783,49.45305138531305,50.18
2020,2019-20,ORL,1610612753,Orlando Magic,73,33,40,3514.0,107.9,109.2,-1.3,0.608,1.86,17.5,0.267,0.749,0.5,0.129,0.506,0.544,98.99,82.49,7255,,2019,42.0,108.2,107.6,0.6,98.65,17.0,19506.31166666667,8741.0,350.0,24.764705882352942,0.5374705882352941,0.17841176470588235,1.1823529411764704,107.28235294117647,106.10588235294118,7695.991666666667,4137.0,420.0,2.4,82.0,0.6121951219512195,108.23902439024391,107.63658536585366,98.67268292682927,4.915,0.7,19.0,18558.081666666665,8186.0,-341.0,26.210526315789473,0.506842105263158,0.17273684210526316,-2.21578947368421,102.90526315789474,105.10526315789474,6090.961666666666,3330.0,-98.0,-0.7000000000000001,73.0,-1.415068493150685,107.85753424657534,109.26849315068493,98.98835616438356,0.8699999999999999,0.55,19.0,13.0,4.0,2.0,0.8947368421052632,0.8074933109994603,0.19250668900053958,21876.088333333337,season-level roster proxy,1.804055889638405,108.79412637222696,107.01363678439465,2.6876870277261977,109.4200752377724,106.76190005474571,48.25675497486073,42.62
2020,2019-20,PHI,1610612755,Philadelphia 76ers,73,43,30,3519.0,110.7,108.4,2.3,0.628,1.82,18.5,0.281,0.753,0.516,0.142,0.534,0.566,99.59,82.99,7304,,2019,51.0,111.6,109.0,2.6,102.59,19.0,20912.778333333332,10528.0,719.0,26.105263157894736,0.5454736842105263,0.18131578947368424,-2.2421052631578946,107.24736842105263,109.49473684210527,7927.200000000001,4353.0,440.0,2.7999999999999994,82.0,2.6097560975609757,111.66463414634147,109.04878048780488,102.59743902439024,0.865,0.55,17.0,19562.276666666665,9111.0,286.0,26.352941176470587,0.5391176470588236,0.18505882352941175,-2.2235294117647055,107.11176470588236,109.34705882352942,6511.585,3146.0,349.0,2.6999999999999997,73.0,2.2150684931506848,110.72328767123288,108.51232876712328,99.60986301369864,2.845,0.55,17.0,7.0,7.0,3.0,0.8235294117647058,0.5657662432001236,0.4342337567998764,17951.306666666667,season-level roster proxy,2.230517546355028,109.75319630400165,107.48783982670157,1.7922728592545525,109.80338843435092,107.9723738564481,45.839136719987295,48.02
2020,2019-20,PHO,1610612756,Phoenix Suns,73,34,39,3519.0,111.3,110.8,0.5,0.661,1.84,19.2,0.261,0.734,0.498,0.145,0.532,0.576,101.74,84.79,7449,,2019,19.0,105.3,114.2,-8.9,101.15,16.0,19911.856666666667,9166.0,-3414.0,24.6875,0.5215,0.1868125,-8.2125,103.175,111.39375,6841.921666666667,3543.0,-1102.0,-7.266666666666667,82.0,-8.953658536585367,105.24512195121952,114.19390243902438,101.18963414634146,-6.9,0.35,17.0,17086.103333333333,8118.0,180.0,24.41176470588235,0.541235294117647,0.18141176470588236,-3.0823529411764703,106.23529411764706,109.32941176470588,6570.15,3377.0,394.0,3.1999999999999997,73.0,0.39315068493150684,111.3931506849315,111.0027397260274,101.73808219178082,3.35,0.65,17.0,5.0,8.0,4.0,0.7647058823529411,0.5391866814328272,0.4608133185671729,18054.795,season-level roster proxy,-4.202145893468559,106.57937642973332,110.78739233354169,-4.602322111859988,106.84594316187781,111.45153541682438,28.57373029797803,16.97
2020,2019-20,POR,1610612757,Portland Trail Blazers,74,35,39,3567.0,113.2,114.3,-1.1,0.488,1.61,15.2,0.266,0.712,0.492,0.126,0.533,0.57,101.17,84.31,7519,,2019,53.0,113.7,109.5,4.2,99.96,16.0,21511.975,10297.0,1420.0,25.1875,0.54975,0.1914375,-2.23125,109.25625,111.5125,7504.711666666666,4295.0,1227.0,7.633333333333333,82.0,4.296341463414635,113.8609756097561,109.55975609756098,99.93365853658536,6.625,0.75,16.0,16477.878333333334,8065.0,-384.0,25.4375,0.5520625,0.173375,-4.4875,110.7375,115.2125,7038.33,4574.0,213.0,1.5333333333333332,74.0,-1.1716216216216218,113.20675675675675,114.38648648648649,101.16905405405406,-0.5199999999999999,0.5,16.0,7.0,5.0,4.0,0.75,0.6520792622165033,0.34792073778349675,16387.463333333333,season-level roster proxy,0.5982108986157917,110.43345266574713,109.84193009127506,1.1937167248778475,110.86235633669831,109.67606755433663,44.22303515717019,52.34
2020,2019-20,SAC,1610612758,Sacramento Kings,72,31,41,3491.0,109.5,111.4,-1.9,0.582,1.64,17.4,0.258,0.736,0.492,0.144,0.534,0.566,99.6,83.0,7239,,2019,39.0,109.6,110.8,-1.2,103.88,17.0,20595.588333333333,10121.0,-789.0,25.470588235294116,0.5348235294117647,0.18923529411764706,-4.617647058823529,105.31764705882354,109.89999999999999,7693.295,4359.0,14.0,-0.39999999999999997,82.0,-1.154878048780488,109.6719512195122,110.82926829268293,103.87280487804878,-0.82,0.4,18.0,18651.495,8696.0,-869.0,26.0,0.5588333333333333,0.18327777777777776,-3.2222222222222223,107.98333333333333,111.19444444444444,6708.865,3259.0,-226.0,-2.1999999999999997,72.0,-1.788888888888889,109.60416666666667,111.38333333333334,99.63749999999999,-1.0699999999999998,0.5,18.0,9.0,5.0,4.0,0.7777777777777778,0.6532984452192113,0.3467015547807888,23533.006666666664,season-level roster proxy,-1.6181869804991627,107.37754987958756,108.97284496300374,-0.7714170758892713,107.98059957145931,108.72639018953167,38.91717389509897,37.76
2020,2019-20,SAS,1610612759,San Antonio Spurs,71,32,39,3443.0,111.7,112.6,-0.9,0.585,1.96,17.9,0.233,0.751,0.495,0.123,0.531,0.572,101.14,84.29,7249,,2019,48.0,112.2,110.6,1.6,98.88,15.0,19474.871666666666,9042.0,705.0,27.333333333333332,0.5590666666666666,0.18913333333333335,-5.3933333333333335,103.96666666666667,109.34666666666666,7667.406666666667,4329.0,92.0,0.39999999999999997,82.0,1.646341463414634,112.12439024390245,110.47682926829269,98.86414634146341,5.55,0.75,17.0,17080.033333333333,8065.0,-414.0,26.11764705882353,0.5441764705882353,0.18658823529411767,0.9235294117647058,108.67058823529412,107.7764705882353,5756.985,3225.0,-436.0,-3.0666666666666664,71.0,-0.9971830985915493,111.82112676056339,112.82535211267606,101.15169014084508,-1.555,0.5,17.0,11.0,2.0,4.0,0.7647058823529411,0.9319659981951737,0.06803400180482626,17822.583333333336,season-level roster proxy,1.7184152035572842,110.68036716525381,108.95158653580896,2.106164515203024,111.38794308357794,109.27059571443061,46.68664419104817,45.32
2020,2019-20,TOR,1610612761,Toronto Raptors,72,53,19,3476.0,110.8,104.7,6.1,0.627,1.7,18.1,0.256,0.721,0.496,0.146,0.536,0.574,101.19,84.32,7328,,2019,58.0,112.6,106.8,5.8,100.51,18.0,20283.465,9647.0,2470.0,27.333333333333332,0.5645,0.1796111111111111,-0.27222222222222214,106.02777777777777,106.28333333333333,7199.0633333333335,3246.0,1391.0,9.166666666666666,82.0,5.712195121951219,112.66341463414633,106.9560975609756,100.52353658536586,7.545,0.65,18.0,17397.495,8118.0,2255.0,25.944444444444443,0.5598333333333333,0.1826111111111111,7.027777777777778,110.90555555555555,103.89444444444445,6274.16,3230.0,946.0,7.0,72.0,6.111111111111111,110.77777777777777,104.6625,101.21,4.735,0.75,18.0,10.0,2.0,6.0,0.6666666666666666,0.8521760586370991,0.1478239413629008,16515.141666666666,season-level roster proxy,4.3327225974951284,109.83453830499991,105.49122202504067,5.064719005061946,110.37784363020333,105.30396362200159,54.674741313667255,56.66
2020,2019-20,UTA,1610612762,Utah Jazz,72,44,28,3471.0,111.8,109.3,2.5,0.56,1.48,16.8,0.261,0.746,0.512,0.152,0.549,0.585,99.15,82.62,7169,,2019,50.0,110.3,105.3,5.0,100.84,17.0,19736.933333333334,9126.0,2140.0,27.294117647058822,0.5561176470588236,0.17888235294117646,-2.070588235294118,105.84705882352942,107.91764705882352,7742.525,4107.0,1183.0,7.133333333333333,82.0,5.012195121951219,110.23048780487804,105.21585365853659,100.82743902439024,10.615,0.7,18.0,17384.201666666668,8179.0,917.0,26.166666666666668,0.5254444444444445,0.17422222222222222,-2.1222222222222222,105.42222222222222,107.53888888888889,6833.25,3388.0,643.0,4.633333333333333,72.0,2.6083333333333334,111.8763888888889,109.26666666666667,99.14166666666667,-1.6599999999999997,0.5,18.0,6.0,5.0,7.0,0.6111111111111112,0.4946265084199866,0.5053734915800133,20148.29,season-level roster proxy,1.9272818603133728,107.9360847909839,106.02154627845175,2.0533286079049637,108.16657787893465,106.12739562046637,46.5439872413434,54.5
2020,2019-20,WAS,1610612764,Washington Wizards,72,25,47,3471.0,110.2,114.7,-4.5,0.602,1.77,17.6,0.262,0.712,0.478,0.136,0.523,0.562,103.38,86.15,7475,,2019,32.0,110.2,112.9,-2.7,102.23,19.0,19383.396666666667,9098.0,-1584.0,26.894736842105264,0.5244736842105263,0.17684210526315788,-3.8210526315789473,105.06842105263158,108.8842105263158,7540.085,3671.0,-498.0,-3.0,82.0,-2.6878048780487807,110.15121951219511,112.83292682926829,102.26256097560976,-2.0,0.35,21.0,17924.608333333334,8314.0,-1700.0,25.61904761904762,0.5487142857142857,0.1679047619047619,-2.1761904761904765,107.88095238095238,110.06666666666668,5622.035,3197.0,-566.0,-4.633333333333334,72.0,-4.394444444444444,110.22638888888889,114.6263888888889,103.38361111111111,-4.715,0.3,21.0,5.0,10.0,6.0,0.7142857142857143,0.448214730725252,0.5517852692747479,12867.526666666668,season-level roster proxy,-0.4882171994721598,108.52905685319477,109.00997837450242,-0.21149977377469195,109.59335771038916,109.7962564330675,40.42895061080833,33.71
2021,2020-21,ATL,1610612737,Atlanta Hawks,72,41,31,3481.0,114.3,112.1,2.2,0.591,1.82,17.6,0.284,0.742,0.516,0.133,0.539,0.581,98.68,82.23,7160,,2020,20.0,107.0,114.4,-7.4,103.28,18.0,17901.7,7981.0,-2323.0,25.666666666666668,0.5273333333333334,0.17783333333333334,-5.111111111111111,103.68333333333334,108.78888888888889,5898.518333333333,3240.0,-731.0,-5.5,67.0,-7.367164179104478,107.05522388059701,114.42089552238805,103.33985074626867,-4.505000000000001,0.4,17.0,17921.145,8590.0,967.0,25.352941176470587,0.5454117647058824,0.18447058823529414,-1.1823529411764706,109.15294117647058,110.3529411764706,6148.9783333333335,3372.0,589.0,4.5,72.0,2.2055555555555557,114.31666666666666,112.10555555555555,98.70416666666667,3.7700000000000005,0.7,17.0,8.0,6.0,3.0,0.8235294117647058,0.5428393411261138,0.4571606588738862,20696.221666666668,season-level roster proxy,-2.522783369557068,108.56540615746852,111.08593208599348,-2.4814988682225327,109.75485051902812,112.23740908733822,34.299953055799165,21.019999999999996
2021,2020-21,BOS,1610612738,Boston Celtics,72,36,36,3476.0,113.1,111.8,1.2,0.566,1.67,17.1,0.289,0.737,0.51,0.141,0.543,0.574,98.94,82.45,7172,,2020,48.0,112.8,106.5,6.3,99.92,17.0,17430.0,8183.0,2270.0,25.0,0.5611176470588235,0.18005882352941177,5.211764705882352,108.93529411764706,103.7,6118.02,3482.0,1010.0,8.266666666666667,72.0,6.370833333333334,112.85416666666667,106.48750000000001,99.9198611111111,4.1450000000000005,0.55,18.0,17158.516666666666,8278.0,3.0,24.555555555555557,0.5672777777777778,0.1755,-1.0666666666666667,108.61111111111111,109.67222222222222,5869.586666666667,3749.0,323.0,2.533333333333333,72.0,1.152777777777778,113.03194444444445,111.89166666666667,98.9373611111111,0.7600000000000003,0.5,18.0,11.0,5.0,2.0,0.8888888888888888,0.6780108590572764,0.3219891409427236,16479.945,season-level roster proxy,2.7078943224628476,110.18257608464917,107.46505319040811,3.4764332620828515,110.76081930557827,107.27281332029472,50.3863698076237,58.010000000000005
2021,2020-21,BRK,1610612751,Brooklyn Nets,72,48,24,3481.0,117.3,113.1,4.2,0.621,1.98,19.3,0.252,0.726,0.503,0.134,0.575,0.61,100.27,83.56,7280,,2020,35.0,108.7,109.2,-0.5,101.7,22.0,17531.908333333333,8035.0,-279.0,26.90909090909091,0.5255454545454545,0.18327272727272728,-1.0227272727272727,105.81363636363636,106.83181818181819,5974.6,3089.0,209.0,1.0999999999999999,72.0,-0.4694444444444444,108.76805555555556,109.24305555555556,101.70361111111112,-0.29999999999999966,0.55,21.0,17934.468333333334,8804.0,1356.0,28.238095238095237,0.5185714285714286,0.18857142857142856,-0.6761904761904762,110.77142857142856,111.47142857142858,5862.906666666667,3175.0,694.0,5.266666666666667,72.0,4.204166666666667,117.28194444444443,113.08055555555556,100.29944444444445,3.5450000000000004,0.6,21.0,9.0,9.0,3.0,0.8571428571428571,0.47250519304164296,0.527494806958357,17776.993333333332,season-level roster proxy,-0.1573603466502959,108.690812169587,108.85386360798171,0.457499496353206,109.88562956338224,109.44011521042655,42.23524864015366,39.65
2021,2020-21,CHI,1610612741,Chicago Bulls,72,31,41,3476.0,110.4,111.5,-1.1,0.635,1.77,19.2,0.267,0.767,0.519,0.151,0.547,0.575,99.58,82.99,7220,,2020,22.0,105.8,108.9,-3.1,100.46,17.0,15675.0,6945.0,-1000.0,24.764705882352942,0.5671176470588235,0.17529411764705882,4.688235294117647,110.62941176470588,105.94117647058823,5637.348333333333,3033.0,-423.0,-3.4333333333333336,65.0,-3.1661538461538465,105.88461538461539,109.04,100.48123076923076,-5.67,0.3,17.0,19033.461666666666,8953.0,-542.0,26.41176470588235,0.5513529411764706,0.1746470588235294,0.26470588235294107,106.11764705882354,105.87058823529412,6537.6,4271.0,-457.0,-3.5,72.0,-1.1166666666666667,110.46666666666667,111.58472222222223,99.56555555555556,-0.7049999999999998,0.45,17.0,9.0,6.0,2.0,0.8823529411764706,0.5730327331351532,0.4269672668648469,18558.87,season-level roster proxy,-2.271353886308811,106.22492936441355,108.48003265644228,-2.0051497657783286,106.99001402626843,108.98307096513497,35.58609563239851,32.629999999999995
2021,2020-21,CHO,1610612766,Charlotte Hornets,72,33,39,3471.0,110.1,112.0,-1.9,0.672,1.81,19.2,0.276,0.722,0.496,0.149,0.532,0.564,99.0,82.5,7159,,2020,23.0,105.9,112.8,-7.0,96.24,14.0,14782.735,6364.0,-2106.0,24.642857142857142,0.5065714285714286,0.17785714285714288,-7.028571428571429,101.83571428571429,108.83571428571429,6371.268333333333,3122.0,-978.0,-7.733333333333333,65.0,-6.844615384615384,105.93692307692307,112.78615384615385,96.282,-5.9350000000000005,0.4,17.0,17980.14,8066.0,-705.0,24.705882352941178,0.5629411764705883,0.18076470588235294,-5.876470588235294,103.97058823529412,109.84117647058824,6268.995,3071.0,-63.0,-0.3666666666666667,72.0,-2.0222222222222226,110.0638888888889,112.08611111111111,99.03166666666667,-5.029999999999999,0.3,17.0,10.0,2.0,5.0,0.7058823529411765,0.8091506775822436,0.1908493224177564,16290.888333333332,season-level roster proxy,-4.426979457739821,106.13327841851881,110.51714378579518,-4.482960940649833,106.47804519236807,110.90457042812328,28.896005460245448,22.099999999999998
2021,2020-21,CLE,1610612739,Cleveland Cavaliers,72,22,50,3486.0,105.2,113.5,-8.3,0.618,1.54,17.5,0.28,0.729,0.499,0.157,0.508,0.543,97.96,81.64,7107,,2020,19.0,106.9,114.8,-7.9,99.17,16.0,16361.091666666667,7269.0,-2538.0,24.875,0.53075,0.1954375,-6.4624999999999995,102.0375,108.5125,5931.1849999999995,3077.0,-938.0,-7.733333333333333,65.0,-7.94923076923077,106.93692307692307,114.88307692307691,99.17692307692307,-5.13,0.35,21.0,17037.926666666666,7137.0,-2740.0,25.476190476190474,0.5156190476190476,0.17742857142857144,-8.295238095238094,101.12857142857142,109.41904761904763,6151.946666666667,2912.0,-988.0,-7.833333333333333,72.0,-8.454166666666667,105.12222222222222,113.57777777777778,97.94458333333334,-10.7,0.15,21.0,7.0,8.0,6.0,0.7142857142857143,0.6155454459459848,0.38445455405401546,16280.073333333326,season-level roster proxy,-4.834688285597403,106.9898330003428,111.81142615655708,-5.475267268501471,107.25437815989781,112.70237700249507,26.216778375046026,19.669999999999998
2021,2020-21,DAL,1610612742,Dallas Mavericks,72,42,30,3461.0,114.6,112.3,2.3,0.557,1.9,17.2,0.253,0.734,0.496,0.123,0.55,0.582,97.94,81.62,7062,,2020,43.0,115.9,111.2,4.8,99.89,18.0,19423.58166666667,9223.0,1770.0,27.22222222222222,0.5495,0.18266666666666667,4.088888888888889,112.4388888888889,108.35555555555555,6258.136666666667,3558.0,819.0,5.8999999999999995,75.0,4.76,116.03066666666666,111.26666666666667,99.88066666666667,2.0599999999999996,0.5,17.0,17331.256666666668,8194.0,896.0,26.58823529411765,0.5409411764705883,0.178,-0.6941176470588235,107.89999999999999,108.58235294117648,6168.158333333333,3583.0,434.0,3.6999999999999997,72.0,2.363888888888889,114.66111111111111,112.30277777777778,97.94180555555556,2.4050000000000002,0.65,17.0,10.0,3.0,4.0,0.7647058823529411,0.7654182433304574,0.23458175666954256,18399.875,season-level roster proxy,3.802357833046874,113.16568646979034,109.36733062951063,3.7588928815575104,113.35677944550473,109.59575332540535,51.14901078020528,53.96
2021,2020-21,DEN,1610612743,Denver Nuggets,72,47,25,3496.0,116.3,111.5,4.8,0.621,1.99,19.3,0.292,0.751,0.522,0.136,0.557,0.588,97.74,81.45,7123,,2020,46.0,112.6,110.4,2.2,97.64,17.0,17987.913333333334,8236.0,512.0,25.470588235294116,0.5753529411764706,0.1816470588235294,-1.5,108.81764705882354,110.31176470588235,6154.725,3421.0,741.0,5.2,73.0,2.212328767123288,112.69452054794522,110.47534246575343,97.64739726027398,-2.52,0.45,18.0,18125.666666666668,8732.0,1481.0,26.555555555555557,0.5253333333333333,0.18094444444444446,0.36666666666666675,108.70555555555556,108.32777777777778,6135.801666666666,3771.0,976.0,7.333333333333333,72.0,4.851388888888889,116.40138888888889,111.54722222222222,97.7336111111111,3.210000000000001,0.65,18.0,9.0,5.0,4.0,0.7777777777777778,0.6159797958203714,0.3840202041796284,17011.00166666667,season-level roster proxy,3.516506670536057,111.7024215015361,108.18831389607568,3.7857884434533458,111.8962935314437,108.10462807650201,51.22162879732403,46.94
2021,2020-21,DET,1610612765,Detroit Pistons,72,20,52,3486.0,107.6,112.2,-4.5,0.626,1.62,17.8,0.267,0.725,0.493,0.151,0.519,0.556,98.19,81.82,7132,,2020,20.0,108.8,112.3,-3.5,97.86,19.0,14479.736666666666,6169.0,-1098.0,25.473684210526315,0.5232105263157895,0.1808421052631579,-5.921052631578948,105.27368421052631,111.2,4977.343333333333,1668.0,-453.0,-4.733333333333333,66.0,-3.5575757575757576,108.79242424242425,112.36060606060606,97.8719696969697,-8.459999999999999,0.15,17.0,16524.891666666666,7276.0,-1657.0,24.294117647058822,0.5591764705882353,0.1841764705882353,-5.417647058823529,105.38823529411764,110.80588235294118,5297.88,2890.0,-451.0,-4.066666666666666,72.0,-4.597222222222222,107.75972222222222,112.35138888888889,98.18208333333332,-7.734999999999999,0.2,17.0,1.0,11.0,5.0,0.7058823529411765,0.07518939252239333,0.9248106074776066,10024.375,season-level roster proxy,-3.004561115614024,106.5676790656109,109.54816927073593,-1.938018375740481,107.19206217247192,109.1080414832613,35.7673503855007,31.549999999999997
2021,2020-21,GSW,1610612744,Golden State Warriors,72,39,33,3461.0,110.5,109.4,1.1,0.67,1.84,19.6,0.222,0.727,0.48,0.146,0.551,0.583,102.81,85.67,7412,,2020,15.0,104.4,113.0,-8.6,101.04,16.0,11068.801666666666,4888.0,-1736.0,25.25,0.5130625,0.1838125,-7.89375,104.81875,112.7125,4935.27,2633.0,-700.0,-6.599999999999999,65.0,-8.667692307692308,104.32615384615384,112.99538461538461,101.04092307692308,-9.684999999999999,0.25,17.0,16747.06,8016.0,361.0,25.705882352941178,0.5638823529411765,0.18535294117647058,-4.211764705882353,104.97058823529412,109.18823529411765,6497.55,3779.0,483.0,3.266666666666667,72.0,1.0958333333333332,110.55555555555556,109.44583333333334,102.81486111111111,9.075,0.75,17.0,11.0,4.0,2.0,0.8823529411764706,0.6911327222852102,0.3088672777147897,13951.801666666668,season-level roster proxy,-5.564438654935962,105.55345800620016,111.10973379662674,-5.038470421101619,105.87956975405575,110.9042606840282,27.396129863025628,17.78
2021,2020-21,HOU,1610612745,Houston Rockets,72,17,55,3461.0,107.0,114.4,-7.4,0.601,1.6,17.2,0.24,0.723,0.474,0.145,0.521,0.553,101.69,84.74,7320,,2020,44.0,112.5,109.8,2.7,104.04,20.0,18448.686666666665,8916.0,878.0,29.4,0.5166999999999999,0.16999999999999998,-1.275,105.505,106.77000000000001,7086.591666666667,3705.0,475.0,3.233333333333333,72.0,2.7,112.57777777777778,109.87222222222222,104.04638888888888,0.9799999999999998,0.55,22.0,15982.855,7164.0,-2137.0,26.0,0.5333181818181818,0.1837272727272727,-7.072727272727272,104.56818181818181,111.62272727272726,5365.506666666666,2599.0,-388.0,-3.3666666666666667,72.0,-7.356944444444445,107.04444444444444,114.39166666666668,101.69875,-11.52,0.15,22.0,4.0,10.0,8.0,0.6363636363636364,0.29833601677333,0.70166398322667,11535.773333333334,season-level roster proxy,0.22991570858419555,107.61959695232106,107.3963919338452,1.0959574794608895,108.86997899214846,107.77930177348426,43.9590851945444,48.29
2021,2020-21,IND,1610612754,Indiana Pacers,72,34,38,3491.0,111.9,111.9,0.1,0.633,2.02,19.2,0.247,0.701,0.476,0.131,0.542,0.575,102.05,85.04,7419,,2020,45.0,109.5,107.5,1.9,99.41,17.0,17620.0,7989.0,715.0,25.41176470588235,0.5248823529411765,0.1824705882352941,3.3647058823529408,106.36470588235295,102.99411764705883,6186.803333333333,3222.0,283.0,2.066666666666667,73.0,2.0534246575342467,109.64657534246575,107.58356164383562,99.4268493150685,1.6949999999999996,0.7,19.0,17489.163333333334,8344.0,8.0,25.63157894736842,0.5401052631578948,0.19,3.1157894736842104,108.19473684210526,105.08947368421053,6344.32,3202.0,-168.0,-1.0,72.0,0.10694444444444447,111.86388888888888,111.76111111111112,102.06777777777778,0.5350000000000001,0.45,19.0,13.0,4.0,2.0,0.8947368421052632,0.8934896325932166,0.10651036740678355,18696.896666666664,season-level roster proxy,1.4833658936982237,108.15194595573706,106.65791809656827,1.9852405440551153,108.75378693801954,106.76018606734466,46.36014946894881,46.13
2021,2020-21,LAC,1610612746,LA Clippers,72,47,25,3456.0,116.7,110.6,6.1,0.584,1.85,18.1,0.27,0.754,0.518,0.135,0.564,0.599,97.63,81.35,7036,,2020,49.0,113.3,106.9,6.3,102.16,17.0,17309.468333333334,8980.0,2146.0,27.764705882352942,0.5816470588235294,0.19388235294117648,3.6941176470588233,109.20588235294117,105.51176470588236,5648.09,3761.0,725.0,5.8999999999999995,72.0,6.386111111111111,113.30138888888888,106.90694444444445,102.16125,8.834999999999999,0.65,18.0,17216.673333333332,8038.0,2053.0,28.0,0.5678333333333333,0.18194444444444444,2.0944444444444446,110.95,108.85555555555555,5428.153333333334,3091.0,1217.0,10.799999999999999,72.0,5.987500000000001,116.69305555555555,110.70277777777778,97.625,5.075,0.65,18.0,9.0,5.0,4.0,0.7777777777777778,0.6913090990679932,0.3086909009320066,14336.450000000003,season-level roster proxy,4.9928376969193895,111.39469372357405,106.41536197361735,5.978339056490768,112.47573506548935,106.51458936746224,57.14151545252507,58.010000000000005
2021,2020-21,LAL,1610612747,Los Angeles Lakers,72,42,30,3491.0,109.8,106.8,2.9,0.607,1.62,18.0,0.269,0.748,0.511,0.152,0.536,0.569,98.85,82.37,7184,,2020,52.0,111.7,106.1,5.6,101.2,18.0,17659.638333333332,8394.0,1977.0,28.77777777777778,0.5677777777777778,0.17905555555555555,4.694444444444445,110.57222222222222,105.90555555555555,6209.421666666667,3961.0,837.0,5.666666666666667,71.0,5.511267605633803,111.75070422535211,106.24366197183099,101.20464788732394,1.9649999999999999,0.65,17.0,18540.26,8486.0,819.0,28.470588235294116,0.5374705882352941,0.18358823529411764,3.841176470588235,107.53529411764706,103.7,5812.496666666667,2468.0,219.0,1.6333333333333335,72.0,2.798611111111111,109.72777777777777,106.92500000000001,98.85472222222222,-0.15,0.5,17.0,10.0,7.0,0.0,1.0,0.4985126186148538,0.501487381385146,21207.293333333335,season-level roster proxy,4.620801790201736,109.93918934806703,105.33674518106034,5.1375838938776,110.77542755145295,105.66364323252556,54.87147651346952,56.12
2021,2020-21,MEM,1610612763,Memphis Grizzlies,72,38,34,3481.0,111.7,110.5,1.2,0.628,2.03,18.9,0.285,0.736,0.507,0.131,0.528,0.56,100.77,83.98,7302,,2020,34.0,108.7,109.7,-1.0,103.31,17.0,16886.163333333334,8028.0,-404.0,24.88235294117647,0.559470588235294,0.18670588235294117,0.7823529411764705,108.62352941176471,107.85882352941177,6031.415,3418.0,-54.0,-0.20000000000000004,73.0,-0.8958904109589042,108.77397260273973,109.67808219178082,103.31164383561644,0.3499999999999999,0.35,17.0,17033.68833333333,7984.0,380.0,24.294117647058822,0.5330588235294117,0.1823529411764706,0.3411764705882354,106.80588235294118,106.46470588235294,5936.860000000001,3209.0,312.0,2.9,72.0,1.1625,111.69861111111112,110.53888888888889,100.77930555555555,0.52,0.55,17.0,11.0,1.0,5.0,0.7058823529411765,0.9751683631771516,0.024831636822848425,14289.298333333334,season-level roster proxy,-0.7109412183639995,107.19887730666504,107.92250010176613,-0.5157903527696591,107.49722126692095,108.02452230299609,39.60736604752192,38.3
2021,2020-21,MIA,1610612748,Miami Heat,72,40,32,3476.0,110.6,110.7,-0.1,0.671,1.87,19.5,0.24,0.733,0.491,0.144,0.546,0.581,97.09,80.91,7036,,2020,44.0,111.9,109.3,2.7,98.7,18.0,19292.321666666667,8646.0,811.0,26.944444444444443,0.5555555555555556,0.16594444444444445,-2.977777777777778,103.00555555555555,105.98888888888888,6545.0599999999995,3153.0,656.0,4.566666666666666,73.0,2.667123287671233,111.96712328767124,109.29178082191781,98.69808219178083,0.9349999999999999,0.45,17.0,17213.835,8010.0,-125.0,28.88235294117647,0.5965882352941176,0.1958235294117647,3.2882352941176474,112.19411764705882,108.92941176470588,6148.956666666667,3255.0,338.0,2.6999999999999997,72.0,-0.0625000000000001,110.59861111111111,110.6625,97.08222222222223,2.225,0.65,17.0,11.0,5.0,1.0,0.9411764705882353,0.7340485510323842,0.2659514489676158,18091.61666666667,season-level roster proxy,2.3231959277639636,110.61038067355322,108.29990445851068,2.745103788849721,111.28727485806746,108.55707708146481,48.41178022989425,48.29
2021,2020-21,MIL,1610612749,Milwaukee Bucks,72,46,26,3466.0,116.5,110.7,5.8,0.569,1.84,18.0,0.269,0.755,0.519,0.134,0.566,0.593,102.85,85.71,7423,,2020,56.0,111.9,102.5,9.4,105.51,16.0,18311.941666666666,8912.0,3525.0,29.5,0.5636875,0.1843125,5.3125,107.4375,102.13125,5586.488333333334,3967.0,1709.0,13.266666666666666,73.0,9.452054794520548,111.97397260273974,102.52191780821919,105.50493150684932,3.0349999999999993,0.5,19.0,18522.193333333333,8960.0,1936.0,27.36842105263158,0.5363157894736842,0.17800000000000002,1.4263157894736842,108.2421052631579,106.82631578947368,6188.156666666667,4148.0,1077.0,8.4,72.0,5.688888888888889,116.49166666666666,110.80833333333334,102.84055555555557,6.279999999999999,0.7,19.0,6.0,7.0,6.0,0.6842105263157895,0.44095686485532526,0.5590431351446744,19227.86333333334,season-level roster proxy,3.861755769708508,109.93732837189914,106.0582157941279,5.580148952646306,111.15157940661007,105.5487804985645,56.066402172145025,66.38
2021,2020-21,MIN,1610612750,Minnesota Timberwolves,72,23,49,3481.0,109.3,114.5,-5.3,0.63,1.8,18.0,0.271,0.717,0.484,0.139,0.52,0.555,101.96,84.96,7389,,2020,19.0,107.6,111.6,-4.0,103.94,17.0,12846.15,5957.0,-1322.0,24.058823529411764,0.5308235294117648,0.1823529411764706,-5.841176470588235,103.62941176470588,109.46470588235294,4505.028333333334,2152.0,-515.0,-5.366666666666667,64.0,-3.9390625,107.696875,111.634375,103.981875,-5.535,0.2,15.0,17400.933333333334,8073.0,-1997.0,24.0,0.5454666666666667,0.1804,-5.8,106.64666666666668,112.44666666666667,5774.655,3213.0,-403.0,-3.3666666666666667,72.0,-5.1625,109.26527777777778,114.43194444444445,101.95277777777778,-0.6700000000000002,0.5,15.0,11.0,2.0,2.0,0.8666666666666667,0.8041167705541586,0.19588322944584147,11842.939999999999,season-level roster proxy,-2.4925775046849292,108.18903604172614,110.66722374962073,-2.4519985965373734,108.8414593948349,111.28176955556263,34.37960378934909,30.2
2021,2020-21,NOP,1610612740,New Orleans Pelicans,72,31,41,3486.0,113.0,113.3,-0.3,0.612,1.78,18.3,0.302,0.755,0.527,0.144,0.537,0.57,100.54,83.79,7303,,2020,30.0,110.5,111.8,-1.3,103.89,17.0,17430.0,8341.0,-465.0,25.235294117647058,0.5698235294117646,0.18258823529411766,-4.052941176470589,107.2764705882353,111.32941176470588,6245.471666666666,3389.0,-35.0,-0.5,72.0,-1.2861111111111112,110.54305555555555,111.83472222222223,103.91055555555556,1.17,0.45,18.0,17330.42,8136.0,-199.0,25.166666666666668,0.4990555555555556,0.17816666666666667,-9.322222222222221,104.91666666666667,114.2388888888889,6229.816666666667,3966.0,66.0,0.43333333333333335,72.0,-0.36111111111111094,113.12361111111112,113.48333333333333,100.53666666666668,0.6749999999999998,0.4,18.0,6.0,7.0,5.0,0.7222222222222222,0.5609967295493928,0.4390032704506071,14657.001666666667,season-level roster proxy,0.06508483260730547,109.3634091374532,109.28791457006726,0.4265432901123665,109.51399154555214,109.0727425483245,42.15166688330339,37.49
2021,2020-21,NYK,1610612752,New York Knicks,72,41,31,3486.0,110.2,107.8,2.4,0.543,1.65,16.3,0.264,0.738,0.505,0.133,0.524,0.559,96.32,80.27,6994,,2020,21.0,105.9,112.4,-6.5,99.11,18.0,16091.79,6539.0,-2001.0,24.88888888888889,0.49622222222222223,0.18566666666666667,-9.81111111111111,102.48333333333333,112.29444444444444,5211.596666666666,2408.0,-549.0,-4.6000000000000005,66.0,-6.3530303030303035,105.92575757575759,112.28939393939395,99.09833333333333,-3.075,0.45,16.0,17326.123333333333,7763.0,809.0,25.9375,0.5224375,0.1719375,0.3250000000000002,105.06875,104.75,7126.888333333333,3685.0,397.0,2.733333333333333,72.0,2.3916666666666666,110.17361111111111,107.77777777777777,96.3375,6.3,0.8,16.0,10.0,4.0,2.0,0.875,0.7115230744477258,0.28847692555227417,15289.206666666667,season-level roster proxy,-5.581854737612285,104.96408637509424,110.53965895766993,-5.420660254852926,105.58417811879586,111.00624321161447,26.3642173118971,23.45
2021,2020-21,OKC,1610612760,Oklahoma City Thunder,72,22,50,3471.0,102.8,113.4,-10.6,0.568,1.37,16.1,0.254,0.742,0.494,0.158,0.509,0.539,101.61,84.67,7353,,2020,44.0,110.1,108.1,2.1,99.42,17.0,17405.758333333335,7941.0,731.0,25.058823529411764,0.47994117647058815,0.17158823529411762,-1.852941176470588,102.12352941176471,103.99411764705883,6635.085,3792.0,712.0,5.3,72.0,2.1236111111111113,110.27638888888889,108.15,99.43555555555555,0.5800000000000006,0.6,18.0,15682.948333333334,6766.0,-3273.0,24.055555555555557,0.5359444444444444,0.17944444444444443,-9.383333333333333,102.26666666666667,111.64444444444445,5035.111666666667,2141.0,-1350.0,-12.266666666666666,72.0,-10.511111111111111,102.85,113.36527777777778,101.60708333333334,-16.259999999999998,0.1,18.0,5.0,8.0,5.0,0.7222222222222222,0.48324465602538974,0.5167553439746103,10266.625,season-level roster proxy,1.0638015089346957,108.44266316015893,107.40141409664812,1.267425122780972,108.79301872392705,107.5493764226295,44.42204783150862,46.67
2021,2020-21,ORL,1610612753,Orlando Magic,72,21,51,3466.0,104.6,113.9,-9.3,0.57,1.7,16.3,0.252,0.744,0.488,0.129,0.49,0.527,99.17,82.64,7158,,2020,33.0,107.9,109.2,-1.3,98.99,19.0,18558.081666666665,8186.0,-341.0,26.210526315789473,0.506842105263158,0.17273684210526316,-2.21578947368421,102.90526315789474,105.10526315789474,6090.961666666666,3330.0,-98.0,-0.7000000000000001,73.0,-1.415068493150685,107.85753424657534,109.26849315068493,98.98835616438356,0.8699999999999999,0.55,22.0,15023.273333333333,6117.0,-2796.0,24.636363636363637,0.5235,0.1715909090909091,-8.977272727272727,103.1590909090909,112.14545454545454,4574.586666666666,2111.0,-920.0,-9.733333333333334,72.0,-9.3,104.59583333333333,113.89583333333333,99.17527777777778,-14.985,0.2,22.0,5.0,11.0,6.0,0.7272727272727273,0.5631837762380089,0.43681622376199103,12185.09,season-level roster proxy,-0.9626464939254996,107.29048681626479,108.25375612052653,-0.41618635464604053,107.73893139063684,108.15511774528288,39.87629684245569,37.49
2021,2020-21,PHI,1610612755,Philadelphia 76ers,72,49,23,3486.0,112.5,107.0,5.5,0.572,1.64,17.2,0.277,0.737,0.511,0.143,0.541,0.579,100.12,83.43,7272,,2020,43.0,110.7,108.4,2.3,99.59,17.0,19562.276666666665,9111.0,286.0,26.352941176470587,0.5391176470588236,0.18505882352941175,-2.2235294117647055,107.11176470588236,109.34705882352942,6511.585,3146.0,349.0,2.6999999999999997,73.0,2.2150684931506848,110.72328767123288,108.51232876712328,99.60986301369864,2.845,0.55,21.0,18451.46,8509.0,1714.0,26.714285714285715,0.5175714285714286,0.17604761904761906,0.5619047619047619,105.87619047619049,105.31428571428572,5825.955,2693.0,964.0,7.433333333333334,72.0,5.519444444444444,112.64583333333333,107.11805555555556,100.11416666666668,7.93,0.7,21.0,7.0,9.0,5.0,0.7619047619047619,0.5514316426798216,0.4485683573201782,19677.105000000003,season-level roster proxy,2.815195655051899,109.87453543089798,107.05981509136292,3.7346786205391007,110.29919290724085,106.54947019502826,51.08363227545557,47.21
2021,2020-21,PHO,1610612756,Phoenix Suns,72,51,21,3496.0,116.3,110.4,5.9,0.622,2.15,19.6,0.248,0.741,0.5,0.126,0.564,0.597,98.0,81.67,7137,,2020,34.0,111.3,110.8,0.5,101.74,17.0,17086.103333333333,8118.0,180.0,24.41176470588235,0.541235294117647,0.18141176470588236,-3.0823529411764703,106.23529411764706,109.32941176470588,6570.15,3377.0,394.0,3.1999999999999997,73.0,0.39315068493150684,111.3931506849315,111.0027397260274,101.73808219178082,3.35,0.65,16.0,17587.478333333333,8323.0,2074.0,26.75,0.5666875,0.1799375,3.825,112.2375,108.4,6817.3150000000005,3831.0,978.0,7.033333333333334,72.0,5.831944444444444,116.42361111111111,110.59027777777777,98.02625,2.7749999999999995,0.7,16.0,8.0,6.0,2.0,0.875,0.5475887661681142,0.4524112338318858,19326.620000000003,season-level roster proxy,0.5885207639342352,110.26983763844895,109.68580266492536,1.3313357469951388,111.4457289687358,110.11439322174067,44.59460651688688,42.35
2021,2020-21,POR,1610612757,Portland Trail Blazers,72,42,30,3461.0,117.1,115.3,1.8,0.515,1.92,15.9,0.273,0.731,0.495,0.112,0.54,0.577,98.97,82.48,7137,,2020,35.0,113.2,114.3,-1.1,101.17,16.0,16477.878333333334,8065.0,-384.0,25.4375,0.5520625,0.173375,-4.4875,110.7375,115.2125,7038.33,4574.0,213.0,1.5333333333333332,74.0,-1.1716216216216218,113.20675675675675,114.38648648648649,101.16905405405406,-0.5199999999999999,0.5,15.0,16593.985,8390.0,723.0,26.333333333333332,0.5477333333333333,0.17600000000000002,-2.533333333333333,110.14666666666668,112.69333333333334,6846.056666666666,3804.0,480.0,3.533333333333333,72.0,1.6972222222222222,117.14305555555555,115.44444444444444,98.97652777777779,6.09,0.55,15.0,6.0,7.0,2.0,0.8666666666666667,0.5355399953038744,0.4644600046961255,17191.47666666667,season-level roster proxy,0.5801311425060832,111.37630370321104,110.7693032186686,0.5258728871727935,111.53212858863962,110.97131337532932,42.41985679536654,38.03
2021,2020-21,SAC,1610612758,Sacramento Kings,72,31,41,3461.0,112.7,116.5,-3.8,0.599,1.91,18.4,0.253,0.713,0.482,0.133,0.549,0.578,100.71,83.92,7266,,2020,31.0,109.5,111.4,-1.9,99.6,18.0,18651.495,8696.0,-869.0,26.0,0.5588333333333333,0.18327777777777776,-3.2222222222222223,107.98333333333333,111.19444444444444,6708.865,3259.0,-226.0,-2.1999999999999997,72.0,-1.788888888888889,109.60416666666667,111.38333333333334,99.63749999999999,-1.0699999999999998,0.5,19.0,17616.268333333333,8357.0,-1209.0,24.94736842105263,0.570578947368421,0.18573684210526314,-3.7947368421052627,107.92105263157895,111.71052631578948,6571.393333333333,3570.0,-308.0,-2.6999999999999997,72.0,-3.7138888888888886,112.84027777777777,116.55694444444445,100.70805555555555,-2.3600000000000003,0.45,19.0,7.0,9.0,3.0,0.8421052631578947,0.4643513448912025,0.5356486551087974,17550.428333333333,season-level roster proxy,-1.7765449219330545,109.45363106522471,111.19739466947483,-1.5491572219250043,110.12613160251574,111.63450451494677,36.81727550080249,35.87
2021,2020-21,SAS,1610612759,San Antonio Spurs,72,33,39,3496.0,110.5,112.0,-1.5,0.584,2.14,17.9,0.243,0.733,0.485,0.113,0.517,0.554,99.45,82.87,7236,,2020,32.0,111.7,112.6,-0.9,101.14,17.0,17080.033333333333,8065.0,-414.0,26.11764705882353,0.5441764705882353,0.18658823529411767,0.9235294117647058,108.67058823529412,107.7764705882353,5756.985,3225.0,-436.0,-3.0666666666666664,71.0,-0.9971830985915493,111.82112676056339,112.82535211267606,101.15169014084508,-1.555,0.5,17.0,17793.751666666667,8008.0,-629.0,25.235294117647058,0.5571176470588235,0.17758823529411766,-4.405882352941177,106.45294117647059,110.84705882352942,6163.661666666667,3248.0,-189.0,-1.3333333333333333,72.0,-1.4680555555555557,110.46111111111111,111.93194444444445,99.48166666666667,-3.2550000000000003,0.35,17.0,12.0,3.0,2.0,0.8823529411764706,0.8655063237452659,0.13449367625473407,14736.256666666666,season-level roster proxy,-0.7883839337760357,109.37446199023407,110.20837841677115,-0.289339474632543,110.05145134438547,110.39711400043572,40.21878341849214,38.57
2021,2020-21,TOR,1610612761,Toronto Raptors,72,27,45,3461.0,111.6,112.0,-0.4,0.607,1.82,17.7,0.256,0.716,0.479,0.133,0.529,0.567,99.57,82.98,7177,,2020,53.0,110.8,104.7,6.1,101.19,18.0,17397.495,8118.0,2255.0,25.944444444444443,0.5598333333333333,0.1826111111111111,7.027777777777778,110.90555555555555,103.89444444444445,6274.16,3230.0,946.0,7.0,72.0,6.111111111111111,110.77777777777777,104.6625,101.21,4.735,0.75,18.0,18206.43833333333,7915.0,-300.0,26.27777777777778,0.5827777777777778,0.16533333333333333,-2.8333333333333335,108.18333333333334,111.02222222222223,5706.566666666667,3103.0,214.0,1.5,72.0,-0.38611111111111124,111.63611111111112,112.02083333333333,99.57055555555556,-1.97,0.35,18.0,8.0,7.0,3.0,0.8333333333333334,0.6773554084277436,0.3226445915722564,15008.366666666667,season-level roster proxy,2.7425894778690116,108.94693857426192,106.207202382671,2.649709433310649,109.08373289723615,106.43587862412687,48.154215469938755,57.47
2021,2020-21,UTA,1610612762,Utah Jazz,72,52,20,3471.0,116.5,107.5,9.0,0.573,1.66,17.3,0.284,0.757,0.529,0.142,0.563,0.597,99.37,82.81,7193,,2020,44.0,111.8,109.3,2.5,99.15,18.0,17384.201666666668,8179.0,917.0,26.166666666666668,0.5254444444444445,0.17422222222222222,-2.1222222222222222,105.42222222222222,107.53888888888889,6833.25,3388.0,643.0,4.633333333333333,72.0,2.6083333333333334,111.8763888888889,109.26666666666667,99.14166666666667,-1.6599999999999997,0.5,17.0,17491.495,8436.0,3356.0,27.294117647058822,0.5825882352941176,0.17882352941176471,-1.811764705882353,107.45294117647059,109.27058823529411,6642.706666666667,2736.0,1618.0,11.933333333333332,72.0,9.133333333333333,116.55833333333334,107.42777777777778,99.37444444444445,8.025,0.65,17.0,11.0,3.0,3.0,0.8235294117647058,0.85144239979553,0.14855760020447004,17965.141666666666,season-level roster proxy,3.610628638701708,111.12560717352169,107.4973396907066,3.9831897473932667,111.73760602016824,107.74042976606745,51.75461231796182,47.75
2021,2020-21,WAS,1610612764,Washington Wizards,72,34,38,3481.0,110.7,112.3,-1.6,0.59,1.77,17.8,0.25,0.736,0.494,0.137,0.531,0.569,104.67,87.22,7585,,2020,25.0,110.2,114.7,-4.5,103.38,21.0,17924.608333333334,8314.0,-1700.0,25.61904761904762,0.5487142857142857,0.1679047619047619,-2.1761904761904765,107.88095238095238,110.06666666666668,5622.035,3197.0,-566.0,-4.633333333333334,72.0,-4.394444444444444,110.22638888888889,114.6263888888889,103.38361111111111,-4.715,0.3,18.0,17198.156666666666,8292.0,-624.0,26.0,0.5375555555555556,0.18133333333333332,-8.933333333333334,104.58888888888889,113.53333333333333,6313.031666666667,4112.0,-202.0,-1.4666666666666668,72.0,-1.6791666666666665,110.67638888888888,112.36388888888888,104.67472222222221,7.029999999999999,0.75,18.0,9.0,6.0,3.0,0.8333333333333334,0.6535759284322952,0.34642407156770477,16688.346666666668,season-level roster proxy,-2.3813181313747074,108.21134754910813,110.60248165186725,-2.539823809189355,109.91208175631095,112.45190556550031,34.14247571518874,28.85
2022,2021-22,ATL,1610612737,Atlanta Hawks,82,43,39,3941.0,115.4,113.7,1.6,0.593,2.08,18.1,0.269,0.731,0.501,0.12,0.543,0.581,98.67,82.22,8099,,2021,41.0,114.3,112.1,2.2,98.68,17.0,17921.145,8590.0,967.0,25.352941176470587,0.5454117647058824,0.18447058823529414,-1.1823529411764706,109.15294117647058,110.3529411764706,6148.9783333333335,3372.0,589.0,4.5,72.0,2.2055555555555557,114.31666666666666,112.10555555555555,98.70416666666667,3.7700000000000005,0.7,21.0,18924.486666666668,8958.0,741.0,26.142857142857142,0.5178095238095238,0.17242857142857143,-1.3714285714285712,109.64285714285714,111.0047619047619,6881.878333333333,3867.0,454.0,3.133333333333333,82.0,1.5987804878048784,115.31951219512196,113.72439024390243,98.67707317073172,4.135,0.65,21.0,11.0,6.0,4.0,0.8095238095238095,0.7716446980011842,0.22835530199881582,19450.683333333334,season-level roster proxy,1.6473617807771963,112.48158601968565,110.85582054957793,2.730153526110139,113.82824020810943,111.12345978484824,48.371414520497375,46.94
2022,2021-22,BOS,1610612738,Boston Celtics,82,51,31,3981.0,113.6,106.2,7.4,0.609,1.82,18.2,0.277,0.725,0.509,0.139,0.542,0.578,97.26,81.05,8068,,2021,36.0,113.1,111.8,1.2,98.94,18.0,17158.516666666666,8278.0,3.0,24.555555555555557,0.5672777777777778,0.1755,-1.0666666666666667,108.61111111111111,109.67222222222222,5869.586666666667,3749.0,323.0,2.533333333333333,72.0,1.152777777777778,113.03194444444445,111.89166666666667,98.9373611111111,0.7600000000000003,0.5,21.0,19116.601666666666,8907.0,2680.0,26.857142857142858,0.5942380952380952,0.17685714285714285,-1.0999999999999999,107.9952380952381,109.0952380952381,7247.266666666666,4466.0,1562.0,10.4,82.0,7.550000000000001,113.73170731707317,106.18658536585365,97.23670731707317,12.45,0.75,21.0,9.0,8.0,4.0,0.8095238095238095,0.6318909063732453,0.36810909362675476,16524.888333333332,season-level roster proxy,1.1583061327797173,111.90962208216638,110.7634627183058,2.0041966541444087,113.42000821223482,111.43170614429012,46.4113309661899,44.24
2022,2021-22,BRK,1610612751,Brooklyn Nets,82,44,38,3951.0,113.2,112.3,0.9,0.602,1.8,18.3,0.281,0.704,0.499,0.141,0.54,0.576,99.4,82.83,8177,,2021,48.0,117.3,113.1,4.2,100.27,21.0,17934.468333333334,8804.0,1356.0,28.238095238095237,0.5185714285714286,0.18857142857142856,-0.6761904761904762,110.77142857142856,111.47142857142858,5862.906666666667,3175.0,694.0,5.266666666666667,72.0,4.204166666666667,117.28194444444443,113.08055555555556,100.29944444444445,3.5450000000000004,0.6,17.0,18840.923333333332,8740.0,397.0,28.470588235294116,0.5507647058823529,0.18194117647058825,-0.023529411764705903,110.45294117647059,110.48823529411764,6527.396666666667,3526.0,579.0,4.166666666666667,82.0,0.873170731707317,113.28170731707317,112.41341463414633,99.39341463414634,6.045,0.6,17.0,7.0,6.0,4.0,0.7647058823529411,0.5554304193582121,0.44456958064178786,16367.351666666666,season-level roster proxy,3.3659087078942016,113.40054184086593,110.05841552863724,3.6497432343715808,113.7274056989768,110.09470400997355,50.854306732803266,52.34
2022,2021-22,CHI,1610612741,Chicago Bulls,82,46,36,3946.0,112.7,113.2,-0.5,0.572,1.86,17.8,0.249,0.735,0.495,0.13,0.541,0.579,98.76,82.3,8124,,2021,31.0,110.4,111.5,-1.1,99.58,17.0,19033.461666666666,8953.0,-542.0,26.41176470588235,0.5513529411764706,0.1746470588235294,0.26470588235294107,106.11764705882354,105.87058823529412,6537.6,4271.0,-457.0,-3.5,72.0,-1.1166666666666667,110.46666666666667,111.58472222222223,99.56555555555556,-0.7049999999999998,0.45,19.0,20171.008333333335,9353.0,-157.0,25.57894736842105,0.5691052631578948,0.16773684210526318,-1.531578947368421,110.12105263157896,111.66842105263157,7488.57,5041.0,-1.0,-0.4666666666666666,82.0,-0.6378048780487805,112.64512195121951,113.28048780487805,98.76146341463414,-7.375,0.35,19.0,7.0,9.0,3.0,0.8421052631578947,0.5062948103311156,0.4937051896688845,18898.636666666665,season-level roster proxy,-1.9934360168132061,109.75037263710911,111.73960412664687,-2.813383285213798,110.45829735438936,113.2625160953537,33.40386512992274,38.03
2022,2021-22,CHO,1610612766,Charlotte Hornets,82,43,39,3976.0,113.6,113.1,0.5,0.656,2.12,19.6,0.27,0.706,0.486,0.131,0.544,0.572,100.52,83.76,8322,,2021,33.0,110.1,112.0,-1.9,99.0,17.0,17980.14,8066.0,-705.0,24.705882352941178,0.5629411764705883,0.18076470588235294,-5.876470588235294,103.97058823529412,109.84117647058824,6268.995,3071.0,-63.0,-0.3666666666666667,72.0,-2.0222222222222226,110.0638888888889,112.08611111111111,99.03166666666667,-5.029999999999999,0.3,16.0,20576.68833333333,9970.0,318.0,25.3125,0.5440625,0.1776875,-7.3,105.96875,113.24375,7717.023333333333,4529.0,315.0,1.6666666666666667,82.0,0.5817073170731708,113.72439024390243,113.14390243902439,100.54024390243902,3.1,0.65,16.0,8.0,4.0,4.0,0.75,0.696496288479025,0.30350371152097505,15863.891666666666,season-level roster proxy,-1.7267063514784888,108.91085091037455,110.63186143374867,-1.3866707475505473,109.25504589744386,110.6417166449944,37.25598898161352,35.87
2022,2021-22,CLE,1610612739,Cleveland Cavaliers,82,44,38,3946.0,111.0,108.9,2.1,0.634,1.75,18.7,0.277,0.724,0.506,0.148,0.538,0.571,96.83,80.69,7964,,2021,22.0,105.2,113.5,-8.3,97.96,21.0,17037.926666666666,7137.0,-2740.0,25.476190476190474,0.5156190476190476,0.17742857142857144,-8.295238095238094,101.12857142857142,109.41904761904763,6151.946666666667,2912.0,-988.0,-7.833333333333333,72.0,-8.454166666666667,105.12222222222222,113.57777777777778,97.94458333333334,-10.7,0.15,22.0,20366.07,9214.0,503.0,26.045454545454547,0.5386818181818182,0.18709090909090909,-0.7000000000000001,103.89090909090909,104.57727272727271,6741.891666666666,3095.0,570.0,3.7999999999999994,82.0,1.9926829268292683,110.92073170731707,108.92926829268293,96.84024390243901,-2.4750000000000005,0.4,22.0,9.0,8.0,5.0,0.7727272727272727,0.686797068722764,0.3132029312772359,17906.415,season-level roster proxy,-6.948407297980454,105.439908639818,112.39249282077587,-6.84076932806097,106.04048509623809,112.8861754329254,22.52992281423538,18.589999999999996
2022,2021-22,DAL,1610612742,Dallas Mavericks,82,52,30,3951.0,112.5,109.1,3.5,0.595,1.87,17.8,0.256,0.733,0.496,0.13,0.538,0.572,95.64,79.7,7871,,2021,42.0,114.6,112.3,2.3,97.94,17.0,17331.256666666668,8194.0,896.0,26.58823529411765,0.5409411764705883,0.178,-0.6941176470588235,107.89999999999999,108.58235294117648,6168.158333333333,3583.0,434.0,3.6999999999999997,72.0,2.363888888888889,114.66111111111111,112.30277777777778,97.94180555555556,2.4050000000000002,0.65,21.0,20192.141666666666,8829.0,1194.0,27.095238095238095,0.5025238095238096,0.1790952380952381,-3.604761904761905,106.10952380952382,109.71904761904761,7468.3533333333335,4012.0,618.0,4.1000000000000005,82.0,3.552439024390244,112.65243902439025,109.10975609756098,95.6529268292683,3.29,0.75,21.0,9.0,7.0,5.0,0.7619047619047619,0.6986717627857116,0.30132823721428825,16887.796666666665,season-level roster proxy,2.67719007748988,112.5813445172145,109.90515750130422,2.7862062661359612,113.3400857992948,110.55765613195722,48.5227569185671,47.21
2022,2021-22,DEN,1610612743,Denver Nuggets,82,48,34,3961.0,113.8,111.5,2.3,0.667,1.92,20.0,0.268,0.752,0.515,0.146,0.556,0.59,98.41,82.01,8123,,2021,47.0,116.3,111.5,4.8,97.74,18.0,18125.666666666668,8732.0,1481.0,26.555555555555557,0.5253333333333333,0.18094444444444446,0.36666666666666675,108.70555555555556,108.32777777777778,6135.801666666666,3771.0,976.0,7.333333333333333,72.0,4.851388888888889,116.40138888888889,111.54722222222222,97.7336111111111,3.210000000000001,0.65,20.0,20718.34,9748.0,939.0,27.2,0.54425,0.19025,-0.9450000000000001,108.35499999999999,109.30499999999999,7127.473333333333,4173.0,863.0,5.533333333333334,82.0,2.25609756097561,113.76219512195122,111.5060975609756,98.41597560975609,1.2450000000000003,0.6,20.0,12.0,4.0,4.0,0.8,0.7422389414180691,0.25776105858193094,18966.001666666667,season-level roster proxy,3.4690469815242206,113.96141175775848,110.50523603595592,5.211247475186339,116.58786747877468,111.40544285747328,55.07036818300312,53.96
2022,2021-22,DET,1610612765,Detroit Pistons,82,23,59,3956.0,105.6,113.3,-7.7,0.615,1.65,17.1,0.276,0.707,0.481,0.143,0.494,0.533,98.81,82.34,8141,,2021,20.0,107.6,112.2,-4.5,98.19,17.0,16524.891666666666,7276.0,-1657.0,24.294117647058822,0.5591764705882353,0.1841764705882353,-5.417647058823529,105.38823529411764,110.80588235294118,5297.88,2890.0,-451.0,-4.066666666666666,72.0,-4.597222222222222,107.75972222222222,112.35138888888889,98.18208333333332,-7.734999999999999,0.2,25.0,18958.428333333333,8118.0,-2987.0,24.52,0.45652000000000004,0.17056000000000002,-14.472000000000001,97.588,112.056,6607.875,3024.0,-1141.0,-8.333333333333334,82.0,-7.557317073170732,105.63292682926829,113.19390243902438,98.82378048780488,-2.06,0.4,25.0,10.0,5.0,10.0,0.6,0.7443543807385937,0.2556456192614065,13946.506666666664,season-level roster proxy,-4.569733197225973,107.03394281291946,111.58933971995855,-4.421708678687548,107.68313918066104,112.09247122731553,29.06138656754362,28.85
2022,2021-22,GSW,1610612744,Golden State Warriors,82,53,29,3946.0,112.1,106.6,5.5,0.669,1.82,19.5,0.269,0.736,0.51,0.15,0.552,0.582,98.74,82.28,8121,,2021,39.0,110.5,109.4,1.1,102.81,17.0,16747.06,8016.0,361.0,25.705882352941178,0.5638823529411765,0.18535294117647058,-4.211764705882353,104.97058823529412,109.18823529411765,6497.55,3779.0,483.0,3.266666666666667,72.0,1.0958333333333332,110.55555555555556,109.44583333333334,102.81486111111111,9.075,0.75,16.0,19702.266666666666,9096.0,2253.0,28.25,0.570875,0.1776875,3.48125,109.51875,106.025,6823.91,4291.0,1100.0,7.699999999999999,82.0,5.484146341463415,112.13536585365854,106.6548780487805,98.73585365853658,1.5550000000000002,0.5,16.0,8.0,5.0,3.0,0.8125,0.789773404799448,0.21022659520055206,13767.208333333332,season-level roster proxy,1.6423400532061396,110.27812448057433,108.62922709457558,2.4951037648832184,110.75057744531729,108.24805662332653,47.73678016518469,43.97
2022,2021-22,HOU,1610612745,Houston Rockets,82,20,62,3951.0,108.1,116.4,-8.3,0.598,1.43,17.1,0.265,0.71,0.485,0.162,0.534,0.565,101.16,84.3,8323,,2021,17.0,107.0,114.4,-7.4,101.69,22.0,15982.855,7164.0,-2137.0,26.0,0.5333181818181818,0.1837272727272727,-7.072727272727272,104.56818181818181,111.62272727272726,5365.506666666666,2599.0,-388.0,-3.3666666666666667,72.0,-7.356944444444445,107.04444444444444,114.39166666666668,101.69875,-11.52,0.15,16.0,19237.406666666666,8989.0,-3007.0,23.8125,0.5331875,0.18425,-3.625,107.6625,111.25625,6287.795,3294.0,-1329.0,-9.766666666666667,82.0,-8.25,108.1560975609756,116.4060975609756,101.1539024390244,-5.609999999999999,0.25,16.0,7.0,3.0,6.0,0.625,0.6896050213345674,0.3103949786654329,10374.399999999998,season-level roster proxy,-4.412301900190212,107.80042387993525,112.21401216777198,-4.171209516376328,108.1245434296229,112.29944532097345,29.737734305783917,21.019999999999996
2022,2021-22,IND,1610612754,Indiana Pacers,82,25,57,3976.0,111.9,115.5,-3.6,0.612,1.76,18.1,0.31,0.725,0.512,0.145,0.531,0.564,98.55,82.13,8166,,2021,34.0,111.9,111.9,0.1,102.05,19.0,17489.163333333334,8344.0,8.0,25.63157894736842,0.5401052631578948,0.19,3.1157894736842104,108.19473684210526,105.08947368421053,6344.32,3202.0,-168.0,-1.0,72.0,0.10694444444444447,111.86388888888888,111.76111111111112,102.06777777777778,0.5350000000000001,0.45,19.0,17957.756666666668,8263.0,-1142.0,25.63157894736842,0.5415263157894736,0.21105263157894735,8.06842105263158,116.42631578947368,108.35263157894735,6756.966666666667,3059.0,-711.0,-5.2,82.0,-3.5646341463414637,111.96097560975609,115.52317073170731,98.55000000000001,-7.339999999999999,0.2,19.0,5.0,5.0,9.0,0.5263157894736842,0.5024994017834009,0.4975005982165989,12460.648333333334,season-level roster proxy,-1.4643732154653801,111.25876641785224,112.72239047486694,-1.2225598830835882,111.50515192964488,112.72771181272846,37.69908831567431,41.27
2022,2021-22,LAC,1610612746,LA Clippers,82,42,40,3956.0,109.5,109.5,0.0,0.599,1.75,17.7,0.254,0.706,0.486,0.139,0.531,0.564,98.51,82.09,8121,,2021,47.0,116.7,110.6,6.1,97.63,18.0,17216.673333333332,8038.0,2053.0,28.0,0.5678333333333333,0.18194444444444444,2.0944444444444446,110.95,108.85555555555555,5428.153333333334,3091.0,1217.0,10.799999999999999,72.0,5.987500000000001,116.69305555555555,110.70277777777778,97.625,5.075,0.65,16.0,20843.521666666667,9178.0,-341.0,27.375,0.557125,0.184375,-0.9875000000000002,108.11875,109.075,6592.818333333333,2739.0,36.0,0.26666666666666666,82.0,-0.11219512195121954,109.48048780487804,109.58658536585367,98.53829268292684,2.535,0.55,16.0,9.0,5.0,2.0,0.875,0.6205677610303649,0.3794322389696349,18184.235,season-level roster proxy,4.090853450805051,114.59407817632507,110.49496543755255,5.764542341646729,116.29878451289228,110.52353108632644,56.56426432244617,57.47
2022,2021-22,LAL,1610612747,Los Angeles Lakers,82,33,49,3996.0,110.0,112.8,-2.9,0.576,1.65,17.3,0.256,0.72,0.49,0.142,0.537,0.567,100.47,83.73,8360,,2021,42.0,109.8,106.8,2.9,98.85,17.0,18540.26,8486.0,819.0,28.470588235294116,0.5374705882352941,0.18358823529411764,3.841176470588235,107.53529411764706,103.7,5812.496666666667,2468.0,219.0,1.6333333333333335,72.0,2.798611111111111,109.72777777777777,106.92500000000001,98.85472222222222,-0.15,0.5,21.0,19720.466666666667,9164.0,-1173.0,29.19047619047619,0.5393809523809524,0.16585714285714287,2.0428571428571423,107.22380952380952,105.19999999999999,6900.636666666667,4184.0,-275.0,-2.066666666666667,82.0,-2.846341463414634,110.06463414634146,112.90853658536585,100.48939024390243,-4.98,0.3,21.0,3.0,13.0,5.0,0.7619047619047619,0.22723329970686396,0.7727667002931361,17469.70333333333,season-level roster proxy,-0.15425870616768755,109.42388413960857,109.58618445342806,1.7361252742463427,110.35782747266663,108.63494488832198,45.68753824046512,48.83
2022,2021-22,MEM,1610612763,Memphis Grizzlies,82,56,26,3956.0,114.3,108.9,5.3,0.597,1.97,17.9,0.338,0.726,0.526,0.13,0.522,0.553,100.52,83.77,8295,,2021,38.0,111.7,110.5,1.2,100.77,17.0,17033.68833333333,7984.0,380.0,24.294117647058822,0.5330588235294117,0.1823529411764706,0.3411764705882354,106.80588235294118,106.46470588235294,5936.860000000001,3209.0,312.0,2.9,72.0,1.1625,111.69861111111112,110.53888888888889,100.77930555555555,0.52,0.55,22.0,19772.316666666666,9480.0,2336.0,24.181818181818183,0.5071363636363636,0.1703181818181818,-1.0090909090909088,106.62727272727274,107.64090909090909,6391.05,3184.0,1075.0,7.7,82.0,5.217073170731707,114.29756097560976,109.08536585365853,100.52597560975609,8.305,0.7,22.0,11.0,6.0,5.0,0.7727272727272727,0.8148121780347659,0.18518782196523423,16246.901666666665,season-level roster proxy,0.8285472378784839,110.51679014491073,109.69580158924661,1.3921387064967754,111.44973827068544,110.0671637867706,44.7587745075413,44.24
2022,2021-22,MIA,1610612748,Miami Heat,82,53,29,3971.0,113.0,108.4,4.5,0.644,1.75,18.8,0.278,0.735,0.51,0.149,0.547,0.584,96.53,80.44,7987,,2021,40.0,110.6,110.7,-0.1,97.09,17.0,17213.835,8010.0,-125.0,28.88235294117647,0.5965882352941176,0.1958235294117647,3.2882352941176474,112.19411764705882,108.92941176470588,6148.956666666667,3255.0,338.0,2.6999999999999997,72.0,-0.0625000000000001,110.59861111111111,110.6625,97.08222222222223,2.225,0.65,21.0,20189.968333333334,9097.0,1720.0,28.0,0.5423809523809524,0.17685714285714285,0.019047619047618917,107.9904761904762,107.97619047619048,6326.9366666666665,3074.0,596.0,4.6000000000000005,82.0,4.528048780487805,113.08170731707318,108.5548780487805,96.56536585365853,3.815,0.6,21.0,10.0,7.0,4.0,0.8095238095238095,0.6377741783415959,0.3622258216584041,16754.681666666667,season-level roster proxy,-0.4010750030165698,109.2780915960902,109.68901251381578,0.10422358345232505,109.80855428505896,109.71662964227733,41.28140367532128,40.73
2022,2021-22,MIL,1610612749,Milwaukee Bucks,82,51,31,3951.0,114.3,111.1,3.2,0.572,1.78,17.3,0.269,0.747,0.512,0.133,0.546,0.58,100.59,83.83,8284,,2021,46.0,116.5,110.7,5.8,102.85,19.0,18522.193333333333,8960.0,1936.0,27.36842105263158,0.5363157894736842,0.17800000000000002,1.4263157894736842,108.2421052631579,106.82631578947368,6188.156666666667,4148.0,1077.0,8.4,72.0,5.688888888888889,116.49166666666666,110.80833333333334,102.84055555555557,6.279999999999999,0.7,18.0,19881.733333333334,9579.0,1559.0,28.555555555555557,0.5741666666666666,0.1681111111111111,-0.4944444444444446,109.82777777777778,110.33333333333333,6552.955,4552.0,1125.0,7.3,82.0,3.15609756097561,114.27439024390245,111.1219512195122,100.60280487804879,2.6499999999999995,0.7,18.0,8.0,8.0,2.0,0.8888888888888888,0.6563625073469714,0.34363749265302845,18071.505,season-level roster proxy,5.356313931794834,113.8988572617499,108.54112787876088,6.323829694000609,115.05097621756424,108.72023923329154,58.074340173801644,56.66
2022,2021-22,MIN,1610612750,Minnesota Timberwolves,82,46,36,3956.0,113.8,111.0,2.7,0.617,1.79,18.1,0.284,0.706,0.49,0.141,0.539,0.573,101.47,84.56,8357,,2021,23.0,109.3,114.5,-5.3,101.96,15.0,17400.933333333334,8073.0,-1997.0,24.0,0.5454666666666667,0.1804,-5.8,106.64666666666668,112.44666666666667,5774.655,3213.0,-403.0,-3.3666666666666667,72.0,-5.1625,109.26527777777778,114.43194444444445,101.95277777777778,-0.6700000000000002,0.5,17.0,19889.86,9554.0,1093.0,24.88235294117647,0.5724705882352941,0.1720588235294118,0.39999999999999997,109.98823529411764,109.58823529411765,7018.0616666666665,4527.0,673.0,4.666666666666667,82.0,2.6792682926829268,113.73902439024391,111.04756097560976,101.48853658536585,7.1450000000000005,0.65,17.0,11.0,3.0,3.0,0.8235294117647058,0.8735520145055897,0.1264479854944102,15947.875,season-level roster proxy,-4.3888465077635725,108.48084690489068,112.87317279992894,-4.84245867372529,109.21570893115071,114.07103040384094,27.925361580941715,26.689999999999998
2022,2021-22,NOP,1610612740,New Orleans Pelicans,82,36,46,3951.0,111.2,112.0,-0.8,0.621,1.78,18.1,0.306,0.742,0.518,0.143,0.517,0.557,98.02,81.69,8060,,2021,31.0,113.0,113.3,-0.3,100.54,18.0,17330.42,8136.0,-199.0,25.166666666666668,0.4990555555555556,0.17816666666666667,-9.322222222222221,104.91666666666667,114.2388888888889,6229.816666666667,3966.0,66.0,0.43333333333333335,72.0,-0.36111111111111094,113.12361111111112,113.48333333333333,100.53666666666668,0.6749999999999998,0.4,18.0,19386.015,8812.0,-385.0,26.38888888888889,0.5447777777777778,0.18066666666666664,-2.283333333333333,109.71111111111111,112.01111111111112,6736.816666666667,2958.0,175.0,1.1666666666666667,82.0,-0.7499999999999998,111.26097560975609,112.00975609756097,98.02182926829268,1.775,0.5,18.0,5.0,9.0,4.0,0.7777777777777778,0.36732486373695195,0.6326751362630483,14990.613333333331,season-level roster proxy,0.8794824605797764,111.01857714738826,110.14552194217539,1.6829522329920892,111.65956721961136,109.98884409225394,45.54397102907864,40.19
2022,2021-22,NYK,1610612752,New York Knicks,82,37,45,3956.0,109.7,110.2,-0.4,0.581,1.65,16.4,0.291,0.74,0.512,0.137,0.513,0.55,96.42,80.35,7958,,2021,41.0,110.2,107.8,2.4,96.32,16.0,17326.123333333333,7763.0,809.0,25.9375,0.5224375,0.1719375,0.3250000000000002,105.06875,104.75,7126.888333333333,3685.0,397.0,2.733333333333333,72.0,2.3916666666666666,110.17361111111111,107.77777777777777,96.3375,6.3,0.8,20.0,20460.463333333333,9090.0,-165.0,26.45,0.50265,0.17270000000000002,-7.425,100.745,108.19500000000001,7319.02,3974.0,-403.0,-3.1999999999999997,82.0,-0.42195121951219494,109.72560975609755,110.14268292682928,96.39243902439024,6.35,0.6,20.0,9.0,5.0,6.0,0.7,0.7325428775309257,0.2674571224690742,17708.77,season-level roster proxy,1.9032902341608138,109.45479143008426,107.53799451721754,3.0246846157478604,110.58173193366787,107.54766368118986,49.16664846251922,47.480000000000004
2022,2021-22,OKC,1610612760,Oklahoma City Thunder,82,24,58,3961.0,103.8,111.7,-8.0,0.58,1.59,16.4,0.256,0.727,0.487,0.14,0.497,0.53,99.39,82.83,8198,,2021,22.0,102.8,113.4,-10.6,101.61,18.0,15682.948333333334,6766.0,-3273.0,24.055555555555557,0.5359444444444444,0.17944444444444443,-9.383333333333333,102.26666666666667,111.64444444444445,5035.111666666667,2141.0,-1350.0,-12.266666666666666,72.0,-10.511111111111111,102.85,113.36527777777778,101.60708333333334,-16.259999999999998,0.1,26.0,19852.795,8522.0,-3369.0,24.192307692307693,0.519,0.17680769230769233,-12.946153846153846,98.62692307692308,111.57307692307693,5566.12,2790.0,-1035.0,-8.666666666666666,82.0,-7.986585365853658,103.70121951219512,111.68658536585365,99.40426829268293,-12.25,0.2,26.0,11.0,3.0,12.0,0.5384615384615384,0.8913823628335333,0.1086176371664668,13597.346666666665,season-level roster proxy,-9.445645584285561,102.8764037052327,112.32228307287404,-10.411844876075369,102.69938268066893,113.11436657179944,12.888018834596501,12.379999999999999
2022,2021-22,ORL,1610612753,Orlando Magic,82,22,60,3956.0,103.9,112.1,-8.1,0.62,1.64,17.4,0.249,0.735,0.49,0.144,0.503,0.538,99.71,83.09,8223,,2021,21.0,104.6,113.9,-9.3,99.17,22.0,15023.273333333333,6117.0,-2796.0,24.636363636363637,0.5235,0.1715909090909091,-8.977272727272727,103.1590909090909,112.14545454545454,4574.586666666666,2111.0,-920.0,-9.733333333333334,72.0,-9.3,104.59583333333333,113.89583333333333,99.17527777777778,-14.985,0.2,21.0,19496.72,8494.0,-3138.0,24.571428571428573,0.5199523809523809,0.17833333333333334,-8.619047619047619,102.35238095238095,110.97619047619048,6340.015,3190.0,-610.0,-4.666666666666667,82.0,-8.081707317073171,103.95121951219512,112.03414634146341,99.72073170731707,-8.585,0.35,21.0,11.0,3.0,7.0,0.6666666666666666,0.8265795585760795,0.17342044142392055,10985.585,season-level roster proxy,-8.519131343483302,104.61775006368194,113.12287659995651,-8.356395228529555,104.73531944758089,113.07413358176944,18.4377328829702,15.889999999999997
2022,2021-22,PHI,1610612755,Philadelphia 76ers,82,51,31,3961.0,113.0,110.2,2.8,0.602,1.89,17.9,0.246,0.724,0.49,0.129,0.534,0.578,96.71,80.59,7975,,2021,49.0,112.5,107.0,5.5,100.12,21.0,18451.46,8509.0,1714.0,26.714285714285715,0.5175714285714286,0.17604761904761906,0.5619047619047619,105.87619047619049,105.31428571428572,5825.955,2693.0,964.0,7.433333333333334,72.0,5.519444444444444,112.64583333333333,107.11805555555556,100.11416666666668,7.93,0.7,19.0,19791.03,9268.0,876.0,26.42105263157895,0.5451052631578946,0.1655263157894737,-7.4105263157894745,104.28947368421052,111.71578947368421,7613.191666666667,4000.0,536.0,3.4333333333333336,82.0,2.714634146341463,112.96585365853659,110.24634146341464,96.7230487804878,2.42,0.6,19.0,9.0,6.0,4.0,0.7894736842105263,0.6352708293384586,0.36472917066154154,17079.175,season-level roster proxy,5.753253801779068,113.03308008144421,107.27253073796987,5.464899724445995,113.9246977056663,108.44967577182743,55.755229256004185,55.85
2022,2021-22,PHO,1610612756,Phoenix Suns,82,64,18,3946.0,114.2,106.8,7.5,0.627,2.12,19.5,0.264,0.728,0.503,0.129,0.549,0.581,100.26,83.55,8242,,2021,51.0,116.3,110.4,5.9,98.0,16.0,17587.478333333333,8323.0,2074.0,26.75,0.5666875,0.1799375,3.825,112.2375,108.4,6817.3150000000005,3831.0,978.0,7.033333333333334,72.0,5.831944444444444,116.42361111111111,110.59027777777777,98.02625,2.7749999999999995,0.7,22.0,21046.638333333332,9823.0,2731.0,27.5,0.49563636363636365,0.18568181818181817,2.0318181818181817,104.37727272727274,102.35454545454546,7337.905000000001,3942.0,1505.0,9.766666666666667,82.0,7.451219512195122,114.32317073170732,106.87317073170732,100.26195121951218,5.575,0.7,22.0,10.0,7.0,5.0,0.7727272727272727,0.6809893801764609,0.31901061982353923,21983.73,season-level roster proxy,3.0754125209871117,112.93065871897082,109.8276022085424,5.166413351665973,115.08801308392238,109.88537801675612,54.94931604949813,56.93
2022,2021-22,POR,1610612757,Portland Trail Blazers,82,27,55,3946.0,107.3,116.3,-9.1,0.595,1.58,17.0,0.268,0.721,0.487,0.146,0.515,0.55,98.74,82.28,8120,,2021,42.0,117.1,115.3,1.8,98.97,15.0,16593.985,8390.0,723.0,26.333333333333332,0.5477333333333333,0.17600000000000002,-2.533333333333333,110.14666666666668,112.69333333333334,6846.056666666666,3804.0,480.0,3.533333333333333,72.0,1.6972222222222222,117.14305555555555,115.44444444444444,98.97652777777779,6.09,0.55,24.0,19489.631666666668,8396.0,-3163.0,25.166666666666668,0.525875,0.17816666666666667,-7.904166666666666,106.11666666666667,114.02499999999999,5050.488333333333,2637.0,-270.0,-2.5,82.0,-9.101219512195122,107.39878048780488,116.49756097560974,98.74329268292682,-19.97,0.1,24.0,6.0,12.0,6.0,0.75,0.36267137277037576,0.6373286272296242,14586.258333333335,season-level roster proxy,1.0914194124492747,112.62753952778614,111.54554700171563,2.8151745164703024,114.50558080074997,111.69798021073817,48.600971194469814,45.86
2022,2021-22,SAC,1610612758,Sacramento Kings,82,30,52,3961.0,109.6,114.8,-5.2,0.585,1.68,17.3,0.259,0.714,0.484,0.14,0.525,0.561,100.1,83.41,8252,,2021,31.0,112.7,116.5,-3.8,100.71,19.0,17616.268333333333,8357.0,-1209.0,24.94736842105263,0.570578947368421,0.18573684210526314,-3.7947368421052627,107.92105263157895,111.71052631578948,6571.393333333333,3570.0,-308.0,-2.6999999999999997,72.0,-3.7138888888888886,112.84027777777777,116.55694444444445,100.70805555555555,-2.3600000000000003,0.45,19.0,21003.266666666666,9689.0,-2134.0,26.157894736842106,0.5456842105263158,0.19031578947368422,-5.842105263157895,106.5,112.33157894736843,6806.02,3803.0,-580.0,-3.9,82.0,-5.330487804878049,109.54756097560976,114.8719512195122,100.11682926829268,-5.8100000000000005,0.4,19.0,9.0,7.0,3.0,0.8421052631578947,0.4758474885397896,0.5241525114602104,18870.363333333335,season-level roster proxy,-1.5786534140218815,110.94141976421933,112.52776485137453,-0.7828879423572772,111.87364789099203,112.6590296860925,38.88620255563535,30.740000000000002
2022,2021-22,SAS,1610612759,San Antonio Spurs,82,34,48,3961.0,111.9,111.7,0.2,0.646,2.19,19.5,0.281,0.711,0.494,0.126,0.527,0.556,100.51,83.76,8290,,2021,33.0,110.5,112.0,-1.5,99.45,17.0,17793.751666666667,8008.0,-629.0,25.235294117647058,0.5571176470588235,0.17758823529411766,-4.405882352941177,106.45294117647059,110.84705882352942,6163.661666666667,3248.0,-189.0,-1.3333333333333333,72.0,-1.4680555555555557,110.46111111111111,111.93194444444445,99.48166666666667,-3.2550000000000003,0.35,18.0,18506.625,8466.0,242.0,24.38888888888889,0.5105,0.17172222222222222,2.5388888888888888,110.02222222222223,107.49444444444445,6727.306666666667,3631.0,241.0,2.466666666666667,82.0,0.1926829268292684,111.91463414634147,111.72560975609755,100.49865853658535,0.605,0.5,18.0,7.0,6.0,5.0,0.7222222222222222,0.6668283128987671,0.33317168710123285,13561.851666666667,season-level roster proxy,-1.1923043080031719,110.41684976400101,111.60948868707825,-0.7755769518709656,111.03860679653569,111.81418374840665,38.905942229948394,36.95
2022,2021-22,TOR,1610612761,Toronto Raptors,82,48,34,3971.0,112.1,109.9,2.2,0.543,1.77,16.1,0.325,0.714,0.508,0.128,0.51,0.543,96.63,80.53,8000,,2021,27.0,111.6,112.0,-0.4,99.57,18.0,18206.43833333333,7915.0,-300.0,26.27777777777778,0.5827777777777778,0.16533333333333333,-2.8333333333333335,108.18333333333334,111.02222222222223,5706.566666666667,3103.0,214.0,1.5,72.0,-0.38611111111111124,111.63611111111112,112.02083333333333,99.57055555555556,-1.97,0.35,19.0,20755.431666666667,9329.0,916.0,24.789473684210527,0.5074736842105263,0.16657894736842105,-7.042105263157896,104.10526315789474,111.15263157894738,7657.163333333334,4005.0,535.0,3.4333333333333336,82.0,2.1658536585365855,112.18536585365854,110.01463414634148,96.66182926829269,5.54,0.7,19.0,8.0,7.0,4.0,0.7894736842105263,0.6911873614594265,0.30881263854057356,17031.713333333333,season-level roster proxy,-0.8729460081722057,109.81174823084935,110.684728645425,0.740395020860086,111.9303387518151,111.18653965859392,42.999066556322234,39.92
2022,2021-22,UTA,1610612762,Utah Jazz,82,49,33,3946.0,116.2,110.0,6.2,0.552,1.6,16.7,0.3,0.738,0.525,0.143,0.555,0.589,97.5,81.25,8014,,2021,52.0,116.5,107.5,9.0,99.37,17.0,17491.495,8436.0,3356.0,27.294117647058822,0.5825882352941176,0.17882352941176471,-1.811764705882353,107.45294117647059,109.27058823529411,6642.706666666667,2736.0,1618.0,11.933333333333332,72.0,9.133333333333333,116.55833333333334,107.42777777777778,99.37444444444445,8.025,0.65,20.0,20345.488333333335,9736.0,2177.0,27.5,0.5222,0.17804999999999999,-6.8549999999999995,102.53,109.39500000000001,6812.01,3569.0,891.0,6.633333333333333,82.0,6.139024390243903,116.31341463414635,110.17317073170733,97.48341463414634,6.56,0.5,20.0,9.0,8.0,3.0,0.85,0.6578691624091013,0.3421308375908985,19164.905000000002,season-level roster proxy,5.857861239941792,113.01193808857039,107.14964847638603,9.873668640345105,115.31316907268346,105.43950043233838,67.65890532893178,65.3
2022,2021-22,WAS,1610612764,Washington Wizards,82,35,47,3966.0,110.2,113.6,-3.4,0.617,1.91,18.5,0.247,0.731,0.494,0.133,0.532,0.568,97.8,81.5,8079,,2021,34.0,110.7,112.3,-1.6,104.67,18.0,17198.156666666666,8292.0,-624.0,26.0,0.5375555555555556,0.18133333333333332,-8.933333333333334,104.58888888888889,113.53333333333333,6313.031666666667,4112.0,-202.0,-1.4666666666666668,72.0,-1.6791666666666665,110.67638888888888,112.36388888888888,104.67472222222221,7.029999999999999,0.75,22.0,18534.358333333334,8252.0,-1500.0,25.681818181818183,0.49004545454545456,0.1837272727272727,-10.081818181818182,101.9090909090909,111.97727272727273,6517.091666666667,2833.0,-573.0,-3.9333333333333336,82.0,-3.492682926829268,110.23658536585366,113.7329268292683,97.79243902439023,-5.959999999999999,0.35,22.0,9.0,7.0,6.0,0.7272727272727273,0.5300951827709185,0.46990481722908145,16801.36,season-level roster proxy,-0.5620085516886729,109.5898000023014,110.16401964880622,-0.3777568175800901,110.21119154905196,110.6072215560783,39.98005659253376,36.68
2023,2022-23,ATL,1610612737,Atlanta Hawks,82,41,41,3971.0,115.5,115.4,0.1,0.56,1.93,17.6,0.289,0.717,0.5,0.126,0.541,0.579,101.56,84.63,8407,,2022,43.0,115.4,113.7,1.6,98.67,21.0,18924.486666666668,8958.0,741.0,26.142857142857142,0.5178095238095238,0.17242857142857143,-1.3714285714285712,109.64285714285714,111.0047619047619,6881.878333333333,3867.0,454.0,3.133333333333333,82.0,1.5987804878048784,115.31951219512196,113.72439024390243,98.67707317073172,4.135,0.65,18.0,21734.09,10625.0,-216.0,24.333333333333332,0.5415,0.18322222222222223,1.6833333333333331,111.76111111111112,110.07222222222222,7363.781666666666,4360.0,17.0,-1.850371707708594e-17,82.0,0.17073170731707318,115.62682926829268,115.4560975609756,101.5360975609756,1.32,0.5,18.0,7.0,8.0,3.0,0.8333333333333334,0.5277392414659775,0.47226075853402244,20643.108333333334,season-level roster proxy,-0.5835440076248207,112.19820775537275,112.77345897924772,-0.4325591581521583,113.11340156746174,113.53562555838649,39.83209027298917,45.32
2023,2022-23,BOS,1610612738,Boston Celtics,82,57,25,3996.0,117.3,110.6,6.7,0.632,2.0,19.1,0.255,0.746,0.506,0.133,0.566,0.6,99.15,82.63,8247,,2022,51.0,113.6,106.2,7.4,97.26,21.0,19116.601666666666,8907.0,2680.0,26.857142857142858,0.5942380952380952,0.17685714285714285,-1.0999999999999999,107.9952380952381,109.0952380952381,7247.266666666666,4466.0,1562.0,10.4,82.0,7.550000000000001,113.73170731707317,106.18658536585365,97.23670731707317,12.45,0.75,18.0,20612.925,9942.0,2826.0,27.11111111111111,0.5597222222222222,0.16327777777777777,2.288888888888889,112.59444444444445,110.31666666666666,7456.443333333334,5026.0,1214.0,8.299999999999999,82.0,6.796341463414634,117.43536585365854,110.64390243902439,99.1590243902439,9.28,0.65,18.0,10.0,5.0,3.0,0.8333333333333334,0.842078789241408,0.1579212107585923,19466.36333333333,season-level roster proxy,6.825944102896124,112.53606943190383,105.70503661957747,8.053973464159498,113.26767902347227,105.20764192663208,62.745728353230646,60.980000000000004
2023,2022-23,BRK,1610612751,Brooklyn Nets,82,45,37,3946.0,114.6,113.5,1.1,0.616,1.86,18.9,0.234,0.689,0.472,0.139,0.562,0.598,98.77,82.31,8111,,2022,44.0,113.2,112.3,0.9,99.4,17.0,18840.923333333332,8740.0,397.0,28.470588235294116,0.5507647058823529,0.18194117647058825,-0.023529411764705903,110.45294117647059,110.48823529411764,6527.396666666667,3526.0,579.0,4.166666666666667,82.0,0.873170731707317,113.28170731707317,112.41341463414633,99.39341463414634,6.045,0.6,19.0,22060.94,9399.0,41.0,26.842105263157894,0.5716842105263158,0.17478947368421052,-2.6631578947368424,110.72631578947369,113.38947368421053,8097.746666666667,3711.0,106.0,0.9333333333333335,82.0,1.2097560975609756,114.74146341463414,113.52439024390245,98.76865853658536,3.3299999999999996,0.55,19.0,7.0,8.0,4.0,0.7894736842105263,0.37515512804253176,0.6248448719574683,20750.331666666665,season-level roster proxy,3.0083874884248845,112.19168891196037,109.1742573753239,3.8619101065149555,113.06434933192074,109.18885660217374,51.42715728759038,43.43
2023,2022-23,CHI,1610612741,Chicago Bulls,82,40,42,3981.0,112.8,111.5,1.3,0.575,1.83,18.1,0.236,0.736,0.493,0.133,0.55,0.587,99.18,82.65,8225,,2022,46.0,112.7,113.2,-0.5,98.76,19.0,20171.008333333335,9353.0,-157.0,25.57894736842105,0.5691052631578948,0.16773684210526318,-1.531578947368421,110.12105263157896,111.66842105263157,7488.57,5041.0,-1.0,-0.4666666666666666,82.0,-0.6378048780487805,112.64512195121951,113.28048780487805,98.76146341463414,-7.375,0.35,17.0,20556.771666666667,9307.0,394.0,26.470588235294116,0.5761764705882353,0.16811764705882354,7.423529411764706,110.51176470588236,103.09411764705882,8195.915,5176.0,65.0,0.43333333333333335,82.0,1.348780487804878,112.87926829268294,111.52317073170731,99.21621951219511,3.2349999999999994,0.6,17.0,12.0,4.0,1.0,0.9411764705882353,0.8148050042616705,0.18519499573832957,19706.67,season-level roster proxy,-0.1297388058628543,111.82659266295795,111.95089410505851,-0.265221710603955,112.12432766440294,112.37542395995087,40.28390138136932,39.65
2023,2022-23,CHO,1610612766,Charlotte Hornets,82,27,55,3966.0,108.4,114.7,-6.3,0.609,1.77,17.8,0.276,0.717,0.491,0.139,0.516,0.551,101.47,84.56,8390,,2022,43.0,113.6,113.1,0.5,100.52,16.0,20576.68833333333,9970.0,318.0,25.3125,0.5440625,0.1776875,-7.3,105.96875,113.24375,7717.023333333333,4529.0,315.0,1.6666666666666667,82.0,0.5817073170731708,113.72439024390243,113.14390243902439,100.54024390243902,3.1,0.65,17.0,16780.285,7839.0,-2103.0,24.352941176470587,0.5426470588235294,0.17770588235294116,-8.63529411764706,103.83529411764707,112.48823529411764,6177.391666666666,3206.0,-771.0,-5.566666666666666,82.0,-6.390243902439025,108.45487804878047,114.8451219512195,101.49719512195122,-7.5,0.4,17.0,10.0,4.0,3.0,0.8235294117647058,0.8502973875899194,0.14970261241008073,15374.436666666666,season-level roster proxy,-0.9769813246273956,110.93314009770762,111.90667830431077,-0.09765085216428293,111.90388892632872,111.99347313905875,40.73634269915644,42.35
2023,2022-23,CLE,1610612739,Cleveland Cavaliers,82,51,31,3976.0,115.5,109.9,5.6,0.6,1.87,18.6,0.273,0.715,0.496,0.137,0.556,0.59,96.27,80.23,7972,,2022,44.0,111.0,108.9,2.1,96.83,22.0,20366.07,9214.0,503.0,26.045454545454547,0.5386818181818182,0.18709090909090909,-0.7000000000000001,103.89090909090909,104.57727272727271,6741.891666666666,3095.0,570.0,3.7999999999999994,82.0,1.9926829268292683,110.92073170731707,108.92926829268293,96.84024390243901,-2.4750000000000005,0.4,17.0,19102.63,8867.0,2119.0,27.11764705882353,0.5939411764705882,0.17552941176470588,3.823529411764706,109.37058823529412,105.54705882352941,7594.791666666667,4689.0,1115.0,6.8,82.0,5.609756097560975,115.50975609756097,109.89390243902439,96.27268292682926,5.62,0.65,17.0,9.0,7.0,1.0,0.9411764705882353,0.6763294101340095,0.3236705898659905,21066.423333333332,season-level roster proxy,2.064299342381645,110.55306398317575,108.4694002636423,2.275685813978757,111.80335808265215,109.50245255654517,47.14435169774264,46.67
2023,2022-23,DAL,1610612742,Dallas Mavericks,82,38,44,3986.0,115.9,116.1,-0.2,0.573,1.88,17.4,0.226,0.717,0.471,0.124,0.565,0.599,97.21,81.01,8082,,2022,52.0,112.5,109.1,3.5,95.64,21.0,20192.141666666666,8829.0,1194.0,27.095238095238095,0.5025238095238096,0.1790952380952381,-3.604761904761905,106.10952380952382,109.71904761904761,7468.3533333333335,4012.0,618.0,4.1000000000000005,82.0,3.552439024390244,112.65243902439025,109.10975609756098,95.6529268292683,3.29,0.75,21.0,19010.161666666667,9369.0,174.0,28.38095238095238,0.6066190476190476,0.1870952380952381,-0.861904761904762,109.25714285714287,110.11904761904762,6995.530000000001,4322.0,263.0,1.6666666666666667,82.0,-0.20121951219512205,115.92317073170733,116.12682926829268,97.20475609756097,-2.8950000000000005,0.3,21.0,9.0,9.0,3.0,0.8571428571428571,0.5595214610668113,0.44047853893318867,20327.43,season-level roster proxy,0.08081243751259584,109.87231229755393,109.7941480961112,-0.5239716025270866,109.95033261175092,110.47036136417444,39.585276673176864,50.45
2023,2022-23,DEN,1610612743,Denver Nuggets,82,53,29,3951.0,116.8,113.5,3.3,0.663,1.99,20.5,0.289,0.727,0.514,0.147,0.573,0.601,98.74,82.28,8129,,2022,48.0,113.8,111.5,2.3,98.41,20.0,20718.34,9748.0,939.0,27.2,0.54425,0.19025,-0.9450000000000001,108.35499999999999,109.30499999999999,7127.473333333333,4173.0,863.0,5.533333333333334,82.0,2.25609756097561,113.76219512195122,111.5060975609756,98.41597560975609,1.2450000000000003,0.6,16.0,20833.41,9968.0,1539.0,27.4375,0.5908125,0.177875,-1.05,110.65625,111.68125,6983.698333333334,3435.0,1164.0,7.7,82.0,3.2560975609756095,116.85853658536585,113.60609756097561,98.74378048780487,0.5650000000000001,0.5,16.0,6.0,6.0,4.0,0.75,0.4760762661348696,0.5239237338651305,16465.761666666665,season-level roster proxy,0.3995989658136068,111.34202283587044,110.92823364684921,0.9730173525165303,112.20608089940004,111.2174480307802,43.627146851794635,47.21
2023,2022-23,DET,1610612765,Detroit Pistons,82,17,65,3961.0,109.9,117.8,-7.9,0.581,1.52,16.7,0.292,0.702,0.491,0.15,0.52,0.561,99.88,83.23,8231,,2022,23.0,105.6,113.3,-7.7,98.81,25.0,18958.428333333333,8118.0,-2987.0,24.52,0.45652000000000004,0.17056000000000002,-14.472000000000001,97.588,112.056,6607.875,3024.0,-1141.0,-8.333333333333334,82.0,-7.557317073170732,105.63292682926829,113.19390243902438,98.82378048780488,-2.06,0.4,19.0,18455.368333333332,8412.0,-3129.0,24.68421052631579,0.5702631578947369,0.1966842105263158,-0.6526315789473687,112.1157894736842,112.75263157894737,6350.7716666666665,3263.0,-1472.0,-10.700000000000001,82.0,-7.903658536585366,109.89024390243902,117.8048780487805,99.87256097560976,-9.84,0.1,19.0,9.0,4.0,6.0,0.6842105263157895,0.6500033991455622,0.3499966008544379,16768.92,season-level roster proxy,-4.743153564252599,106.87462900612167,111.62324156833,-5.032187132803658,106.51411055870545,111.55271239299223,27.413094741430122,20.209999999999997
2023,2022-23,GSW,1610612744,Golden State Warriors,82,44,38,3966.0,115.1,113.4,1.7,0.691,1.83,20.4,0.277,0.719,0.502,0.158,0.571,0.6,102.54,85.45,8472,,2022,53.0,112.1,106.6,5.5,98.74,16.0,19702.266666666666,9096.0,2253.0,28.25,0.570875,0.1776875,3.48125,109.51875,106.025,6823.91,4291.0,1100.0,7.699999999999999,82.0,5.484146341463415,112.13536585365854,106.6548780487805,98.73585365853658,1.5550000000000002,0.5,17.0,19823.115,9669.0,871.0,27.11764705882353,0.5986470588235294,0.18670588235294117,-0.30000000000000027,111.01764705882353,111.31764705882354,7034.64,3801.0,498.0,3.033333333333333,82.0,1.726829268292683,115.25,113.52073170731708,102.52853658536586,5.425,0.6,17.0,10.0,4.0,3.0,0.8235294117647058,0.8330500545541959,0.16694994544580422,17368.05,season-level roster proxy,4.734861935181746,110.17348422342559,105.42987932823009,6.044142891125826,111.40879718741088,105.35581490461827,57.319185806039734,55.85
2023,2022-23,HOU,1610612745,Houston Rockets,82,22,60,3951.0,110.5,118.6,-8.1,0.551,1.38,16.0,0.344,0.729,0.53,0.162,0.516,0.554,99.74,83.11,8220,,2022,20.0,108.1,116.4,-8.3,101.16,16.0,19237.406666666666,8989.0,-3007.0,23.8125,0.5331875,0.18425,-3.625,107.6625,111.25625,6287.795,3294.0,-1329.0,-9.766666666666667,82.0,-8.25,108.1560975609756,116.4060975609756,101.1539024390244,-5.609999999999999,0.25,15.0,17546.845,8197.0,-2857.0,23.333333333333332,0.5504,0.18673333333333333,-4.88,108.61333333333333,113.50666666666666,7344.860000000001,3732.0,-1370.0,-9.333333333333334,82.0,-8.220731707317073,110.44390243902438,118.66219512195121,99.75414634146341,-4.779999999999999,0.45,15.0,8.0,2.0,5.0,0.6666666666666666,0.9728816937202485,0.027118306279751574,11390.153333333334,season-level roster proxy,-7.972066047691488,106.96938554529262,114.90542838756049,-8.498820367036695,106.9780149630841,115.43817517634483,18.053185009000924,18.589999999999996
2023,2022-23,IND,1610612754,Indiana Pacers,82,35,47,3951.0,113.8,117.1,-3.3,0.643,1.81,18.9,0.285,0.685,0.482,0.146,0.545,0.581,101.68,84.73,8377,,2022,25.0,111.9,115.5,-3.6,98.55,19.0,17957.756666666668,8263.0,-1142.0,25.63157894736842,0.5415263157894736,0.21105263157894735,8.06842105263158,116.42631578947368,108.35263157894735,6756.966666666667,3059.0,-711.0,-5.2,82.0,-3.5646341463414637,111.96097560975609,115.52317073170731,98.55000000000001,-7.339999999999999,0.2,18.0,20588.905,9801.0,-1387.0,26.444444444444443,0.5513888888888889,0.1791111111111111,-1.0666666666666669,111.4,112.47777777777777,6777.786666666667,3355.0,-526.0,-4.033333333333334,82.0,-3.3378048780487806,113.8890243902439,117.23048780487804,101.69768292682926,-5.709999999999999,0.4,18.0,9.0,6.0,3.0,0.8333333333333334,0.6895159845119456,0.31048401548805454,16926.59333333333,season-level roster proxy,-1.9724444454072076,109.79686493324706,111.77573820721555,-2.187781102810278,110.14520098114136,112.3338235958899,35.09299102241225,31.28
2023,2022-23,LAC,1610612746,LA Clippers,82,44,38,3966.0,114.0,113.6,0.5,0.581,1.68,17.5,0.273,0.731,0.505,0.143,0.551,0.588,98.84,82.37,8168,,2022,42.0,109.5,109.5,0.0,98.51,16.0,20843.521666666667,9178.0,-341.0,27.375,0.557125,0.184375,-0.9875000000000002,108.11875,109.075,6592.818333333333,2739.0,36.0,0.26666666666666666,82.0,-0.11219512195121954,109.48048780487804,109.58658536585367,98.53829268292684,2.535,0.55,18.0,22805.378333333334,10954.0,-559.0,28.88888888888889,0.5596111111111112,0.19727777777777777,-1.4555555555555555,110.23333333333333,111.6888888888889,6348.181666666667,2834.0,-323.0,-2.2333333333333334,82.0,0.4499999999999999,114.03658536585365,113.59146341463415,98.81780487804879,1.345,0.55,18.0,10.0,4.0,4.0,0.7777777777777778,0.6548661107350386,0.34513388926496125,21585.188333333335,season-level roster proxy,-1.9085881499142194,109.0051625987666,110.89203957991872,-1.8449134953496595,109.14590340487435,110.96735056317318,36.01873356255592,41.0
2023,2022-23,LAL,1610612747,Los Angeles Lakers,82,43,39,3976.0,113.9,113.2,0.7,0.589,1.8,17.9,0.269,0.727,0.505,0.137,0.542,0.582,101.92,84.93,8436,,2022,33.0,110.0,112.8,-2.9,100.47,21.0,19720.466666666667,9164.0,-1173.0,29.19047619047619,0.5393809523809524,0.16585714285714287,2.0428571428571423,107.22380952380952,105.19999999999999,6900.636666666667,4184.0,-275.0,-2.066666666666667,82.0,-2.846341463414634,110.06463414634146,112.90853658536585,100.48939024390243,-4.98,0.3,18.0,21451.488333333335,10492.0,202.0,26.27777777777778,0.5327222222222222,0.17227777777777778,-0.6777777777777777,110.21111111111111,110.88888888888889,6383.126666666667,3118.0,123.0,0.6999999999999998,82.0,0.7158536585365853,114.06951219512196,113.36219512195123,101.9329268292683,5.45,0.7,18.0,4.0,11.0,3.0,0.8333333333333334,0.2660588845206903,0.7339411154793094,19789.07166666667,season-level roster proxy,-0.6717828939760773,109.77398311509137,110.4525270723917,-0.2533068429799559,110.25689917602143,110.5119779258638,40.31607152395412,33.17
2023,2022-23,MEM,1610612763,Memphis Grizzlies,82,51,31,3956.0,114.7,110.7,4.0,0.596,1.91,18.2,0.302,0.711,0.507,0.133,0.54,0.57,101.5,84.58,8360,,2022,56.0,114.3,108.9,5.3,100.52,22.0,19772.316666666666,9480.0,2336.0,24.181818181818183,0.5071363636363636,0.1703181818181818,-1.0090909090909088,106.62727272727274,107.64090909090909,6391.05,3184.0,1075.0,7.7,82.0,5.217073170731707,114.29756097560976,109.08536585365853,100.52597560975609,8.305,0.7,18.0,20461.56,9852.0,1712.0,23.88888888888889,0.5521666666666667,0.17638888888888887,-0.12222222222222229,109.91666666666667,110.03333333333333,6102.035,3465.0,602.0,4.733333333333333,82.0,4.010975609756097,114.75853658536586,110.74878048780488,101.51219512195122,3.9850000000000003,0.65,18.0,11.0,1.0,6.0,0.6666666666666666,0.8908204527991032,0.10917954720089691,17577.77333333333,season-level roster proxy,5.846986686975143,113.28965826540035,107.45914638031516,5.853415360639751,113.66378607993359,107.83050016792477,56.80422147372733,55.31
2023,2022-23,MIA,1610612748,Miami Heat,82,44,38,3961.0,112.3,112.8,-0.5,0.608,1.77,17.8,0.274,0.733,0.498,0.138,0.53,0.574,96.76,80.63,7991,,2022,53.0,113.0,108.4,4.5,96.53,21.0,20189.968333333334,9097.0,1720.0,28.0,0.5423809523809524,0.17685714285714285,0.019047619047618917,107.9904761904762,107.97619047619048,6326.9366666666665,3074.0,596.0,4.6000000000000005,82.0,4.528048780487805,113.08170731707318,108.5548780487805,96.56536585365853,3.815,0.6,17.0,20144.11,9127.0,92.0,28.41176470588235,0.567764705882353,0.17852941176470588,-1.1823529411764706,110.38235294117646,111.56470588235294,7205.363333333334,3799.0,142.0,0.2333333333333334,82.0,-0.5658536585365853,112.41341463414633,112.97926829268292,96.75134146341463,-0.5549999999999999,0.55,17.0,12.0,2.0,3.0,0.8235294117647058,0.8864004785348435,0.11359952146515669,17776.483333333334,season-level roster proxy,4.532338745289891,111.75990680571431,107.246921710237,4.835897490304436,112.02548676604553,107.20398455365788,54.05692322382198,53.15
2023,2022-23,MIL,1610612749,Milwaukee Bucks,82,58,24,3966.0,114.3,110.9,3.4,0.604,1.76,18.1,0.284,0.745,0.521,0.143,0.555,0.583,101.45,84.54,8389,,2022,51.0,114.3,111.1,3.2,100.59,18.0,19881.733333333334,9579.0,1559.0,28.555555555555557,0.5741666666666666,0.1681111111111111,-0.4944444444444446,109.82777777777778,110.33333333333333,6552.955,4552.0,1125.0,7.3,82.0,3.15609756097561,114.27439024390245,111.1219512195122,100.60280487804879,2.6499999999999995,0.7,18.0,19136.391666666666,9454.0,1601.0,30.166666666666668,0.5731111111111111,0.18116666666666667,-1.905555555555556,109.91666666666667,111.82222222222222,6578.631666666666,4488.0,1220.0,7.833333333333333,82.0,3.2634146341463417,114.30365853658536,111.03902439024391,101.45414634146341,1.4749999999999999,0.65,18.0,12.0,3.0,3.0,0.8333333333333334,0.8187265317857699,0.18127346821423007,19338.213333333333,season-level roster proxy,4.70741973060593,113.51714538778486,108.82544942966122,6.4313469596280255,114.75253313139464,108.34584111337925,58.364636790995675,49.64
2023,2022-23,MIN,1610612750,Minnesota Timberwolves,82,42,40,3966.0,113.3,113.1,0.2,0.61,1.71,18.6,0.258,0.703,0.485,0.15,0.56,0.592,101.55,84.62,8383,,2022,46.0,113.8,111.0,2.7,101.47,17.0,19889.86,9554.0,1093.0,24.88235294117647,0.5724705882352941,0.1720588235294118,0.39999999999999997,109.98823529411764,109.58823529411765,7018.0616666666665,4527.0,673.0,4.666666666666667,82.0,2.6792682926829268,113.73902439024391,111.04756097560976,101.48853658536585,7.1450000000000005,0.65,18.0,19982.913333333334,9261.0,58.0,25.88888888888889,0.5788333333333333,0.18055555555555555,-0.24444444444444446,111.72222222222223,111.97222222222223,7406.426666666666,3838.0,160.0,1.4333333333333333,82.0,0.19268292682926827,113.31341463414635,113.1219512195122,101.56768292682926,0.36499999999999994,0.55,18.0,8.0,8.0,2.0,0.8888888888888888,0.5229920493291345,0.47700795067086565,21567.781666666666,season-level roster proxy,2.8887823419330174,111.91694184435134,109.03770215434767,4.006259260449434,112.83023035177982,108.8373773886097,51.81690000321347,48.29
2023,2022-23,NOP,1610612740,New Orleans Pelicans,82,42,40,3971.0,113.8,112.0,1.9,0.616,1.77,18.5,0.29,0.732,0.512,0.145,0.543,0.582,99.58,82.98,8239,,2022,36.0,111.2,112.0,-0.8,98.02,18.0,19386.015,8812.0,-385.0,26.38888888888889,0.5447777777777778,0.18066666666666664,-2.283333333333333,109.71111111111111,112.01111111111112,6736.816666666667,2958.0,175.0,1.1666666666666667,82.0,-0.7499999999999998,111.26097560975609,112.00975609756097,98.02182926829268,1.775,0.5,16.0,20040.601666666666,9579.0,612.0,26.1875,0.5691875,0.187625,3.7562499999999996,111.525,107.76875,7065.416666666667,3831.0,87.0,0.30000000000000004,82.0,1.8658536585365855,113.89878048780488,112.03536585365853,99.56329268292683,5.154999999999999,0.6,16.0,12.0,1.0,3.0,0.8125,0.9077357387297749,0.0922642612702252,17338.421666666665,season-level roster proxy,-0.06343283072767202,110.33572662755829,110.40824066742715,0.023624274208198535,110.86901249085626,110.84538821664805,41.06378554036213,38.84
2023,2022-23,NYK,1610612752,New York Knicks,82,47,35,3991.0,117.0,114.2,2.8,0.546,1.77,16.6,0.318,0.727,0.521,0.131,0.541,0.577,97.75,81.46,8134,,2022,37.0,109.7,110.2,-0.4,96.42,20.0,20460.463333333333,9090.0,-165.0,26.45,0.50265,0.17270000000000002,-7.425,100.745,108.19500000000001,7319.02,3974.0,-403.0,-3.1999999999999997,82.0,-0.42195121951219494,109.72560975609755,110.14268292682928,96.39243902439024,6.35,0.6,16.0,22022.681666666667,10225.0,1195.0,25.25,0.5519375,0.18562499999999998,-5.16875,108.5375,113.7125,7666.741666666667,4110.0,423.0,2.466666666666667,82.0,2.779268292682927,116.98048780487804,114.19878048780487,97.77121951219512,3.7049999999999996,0.6,16.0,10.0,5.0,1.0,0.9375,0.6614308213914601,0.33856917860854013,21996.129999999994,season-level roster proxy,-0.020111780269226172,109.55976314924493,109.57944858936553,-0.28287524634807387,109.92660839759307,110.21291683385905,40.2362368348602,39.92
2023,2022-23,OKC,1610612760,Oklahoma City Thunder,82,40,42,3971.0,114.2,113.2,1.0,0.567,1.87,17.2,0.289,0.693,0.487,0.127,0.531,0.57,101.94,84.95,8435,,2022,24.0,103.8,111.7,-8.0,99.39,26.0,19852.795,8522.0,-3369.0,24.192307692307693,0.519,0.17680769230769233,-12.946153846153846,98.62692307692308,111.57307692307693,5566.12,2790.0,-1035.0,-8.666666666666666,82.0,-7.986585365853658,103.70121951219512,111.68658536585365,99.40426829268293,-12.25,0.2,16.0,18938.231666666667,9274.0,308.0,23.1875,0.5621875,0.1786875,1.14375,112.00625,110.8625,7058.848333333333,4451.0,-9.0,-0.16666666666666666,82.0,0.9378048780487805,114.19268292682926,113.25243902439026,101.95378048780486,1.11,0.6,16.0,10.0,2.0,4.0,0.75,0.926185231918463,0.07381476808153699,13130.728333333333,season-level roster proxy,-5.928165789737228,103.75963870752537,109.70048736824323,-6.723758133512289,102.96151278155034,109.70004075255497,22.84585303951682,19.4
2023,2022-23,ORL,1610612753,Orlando Magic,82,34,48,3956.0,111.3,113.7,-2.3,0.574,1.54,17.0,0.281,0.73,0.505,0.151,0.532,0.573,99.66,83.05,8205,,2022,22.0,103.9,112.1,-8.1,99.71,21.0,19496.72,8494.0,-3138.0,24.571428571428573,0.5199523809523809,0.17833333333333334,-8.619047619047619,102.35238095238095,110.97619047619048,6340.015,3190.0,-610.0,-4.666666666666667,82.0,-8.081707317073171,103.95121951219512,112.03414634146341,99.72073170731707,-8.585,0.35,17.0,17996.716666666667,8432.0,-975.0,24.058823529411764,0.5758235294117647,0.17676470588235293,-6.135294117647058,107.57058823529412,113.70588235294117,6816.391666666666,3759.0,-295.0,-2.2333333333333334,82.0,-2.2902439024390246,111.37439024390245,113.67073170731707,99.67353658536585,-1.975,0.4,17.0,10.0,2.0,5.0,0.7058823529411765,0.9385843253439199,0.0614156746560802,13844.918333333331,season-level roster proxy,-5.833529991930854,104.45679307606368,110.30870581757377,-5.7285933704754575,104.6338453544489,110.3801237565008,25.532797899716265,19.13
2023,2022-23,PHI,1610612755,Philadelphia 76ers,82,54,28,3976.0,117.0,112.7,4.4,0.616,1.84,18.6,0.258,0.721,0.496,0.139,0.563,0.608,97.44,81.2,8072,,2022,51.0,113.0,110.2,2.8,96.71,19.0,19791.03,9268.0,876.0,26.42105263157895,0.5451052631578946,0.1655263157894737,-7.4105263157894745,104.28947368421052,111.71578947368421,7613.191666666667,4000.0,536.0,3.4333333333333336,82.0,2.714634146341463,112.96585365853659,110.24634146341464,96.7230487804878,2.42,0.6,17.0,21114.793333333335,10078.0,1426.0,27.470588235294116,0.598529411764706,0.1901764705882353,2.9352941176470586,113.7235294117647,110.8,6869.8116666666665,4048.0,822.0,5.666666666666667,82.0,4.295121951219512,117.15365853658537,112.85853658536585,97.45512195121951,5.675,0.7,17.0,9.0,8.0,0.0,1.0,0.6425317645444516,0.3574682354555484,22640.678333333333,season-level roster proxy,3.5242086680706786,112.26840943443466,108.75276870017218,4.376584812347743,113.27583642306278,108.91483197186305,52.81677899333891,48.56
2023,2022-23,PHO,1610612756,Phoenix Suns,82,45,37,3956.0,114.5,112.3,2.2,0.647,2.01,19.3,0.307,0.714,0.508,0.136,0.535,0.57,98.83,82.36,8141,,2022,64.0,114.2,106.8,7.5,100.26,22.0,21046.638333333332,9823.0,2731.0,27.5,0.49563636363636365,0.18568181818181817,2.0318181818181817,104.37727272727274,102.35454545454546,7337.905000000001,3942.0,1505.0,9.766666666666667,82.0,7.451219512195122,114.32317073170732,106.87317073170732,100.26195121951218,5.575,0.7,16.0,19785.706666666665,9600.0,865.0,28.4375,0.563125,0.1911875,2.275,112.15625,109.88125,5871.8133333333335,2610.0,-100.0,-0.4666666666666668,82.0,2.1865853658536585,114.5,112.31219512195122,98.84414634146341,4.615,0.6,16.0,8.0,7.0,1.0,0.9375,0.5756066247899994,0.4243933752100006,19755.896666666667,season-level roster proxy,2.3847540034038777,110.47211772552635,108.07873889635313,2.287086036845319,111.30022338426133,109.01022713994762,47.175132299482364,61.25
2023,2022-23,POR,1610612757,Portland Trail Blazers,82,33,49,3946.0,114.0,118.0,-4.0,0.597,1.67,17.8,0.264,0.709,0.486,0.145,0.549,0.589,99.25,82.71,8157,,2022,27.0,107.3,116.3,-9.1,98.74,24.0,19489.631666666668,8396.0,-3163.0,25.166666666666668,0.525875,0.17816666666666667,-7.904166666666666,106.11666666666667,114.02499999999999,5050.488333333333,2637.0,-270.0,-2.5,82.0,-9.101219512195122,107.39878048780488,116.49756097560974,98.74329268292682,-19.97,0.1,21.0,19298.731666666667,9245.0,-1810.0,24.476190476190474,0.5388571428571429,0.17104761904761906,-10.304761904761905,107.41904761904763,117.70476190476191,6522.775,4462.0,-5.0,-0.2333333333333334,82.0,-3.9804878048780483,114.07560975609756,118.04512195121953,99.24914634146342,-13.794999999999998,0.2,21.0,9.0,6.0,6.0,0.7142857142857143,0.6712377883732032,0.3287622116267966,14344.765000000001,season-level roster proxy,-5.830187249494849,106.59583102267622,112.43819443306785,-3.5392698203078816,108.10672492032813,111.66058747030988,31.443971485168717,16.43
2023,2022-23,SAC,1610612758,Sacramento Kings,82,48,34,3966.0,118.6,116.0,2.6,0.626,2.02,19.3,0.265,0.731,0.499,0.133,0.572,0.608,100.99,84.16,8343,,2022,30.0,109.6,114.8,-5.2,100.1,19.0,21003.266666666666,9689.0,-2134.0,26.157894736842106,0.5456842105263158,0.19031578947368422,-5.842105263157895,106.5,112.33157894736843,6806.02,3803.0,-580.0,-3.9,82.0,-5.330487804878049,109.54756097560976,114.8719512195122,100.11682926829268,-5.8100000000000005,0.4,20.0,19909.506666666668,9913.0,1088.0,26.1,0.53585,0.17015,-2.375000000000001,110.72999999999999,113.10999999999999,7832.835,4566.0,643.0,3.9333333333333336,82.0,2.518292682926829,118.61463414634146,116.09024390243901,100.97158536585366,2.71,0.55,20.0,10.0,5.0,5.0,0.75,0.7042645971803096,0.2957354028196902,19945.690000000002,season-level roster proxy,-3.228236676695567,109.81893859441979,113.03309374940982,-3.097092190371228,110.24229178842607,113.32572639334104,32.63785108599768,26.96
2023,2022-23,SAS,1610612759,San Antonio Spurs,82,22,60,3971.0,109.7,119.6,-9.9,0.632,1.78,18.7,0.299,0.709,0.495,0.148,0.525,0.554,102.07,85.06,8451,,2022,34.0,111.9,111.7,0.2,100.51,18.0,18506.625,8466.0,242.0,24.38888888888889,0.5105,0.17172222222222222,2.5388888888888888,110.02222222222223,107.49444444444445,6727.306666666667,3631.0,241.0,2.466666666666667,82.0,0.1926829268292684,111.91463414634147,111.72560975609755,100.49865853658535,0.605,0.5,21.0,18381.855,8440.0,-3569.0,24.19047619047619,0.5446190476190476,0.17657142857142857,-7.223809523809523,107.6,114.82857142857144,5596.666666666666,2933.0,-1180.0,-10.066666666666666,82.0,-9.898780487804878,109.81585365853658,119.72073170731707,102.09475609756097,-9.34,0.35,21.0,8.0,7.0,6.0,0.7142857142857143,0.6486113220327873,0.3513886779672128,15254.916666666666,season-level roster proxy,-0.6811463735735472,110.09576433827344,110.79180628103508,0.028920045975435543,111.60091789970892,111.58118509170252,41.078084124133674,41.54
2023,2022-23,TOR,1610612761,Toronto Raptors,82,41,41,3961.0,114.6,113.1,1.5,0.571,2.05,17.2,0.316,0.721,0.502,0.118,0.517,0.555,97.85,81.54,8076,,2022,48.0,112.1,109.9,2.2,96.63,19.0,20755.431666666667,9329.0,916.0,24.789473684210527,0.5074736842105263,0.16657894736842105,-7.042105263157896,104.10526315789474,111.15263157894738,7657.163333333334,4005.0,535.0,3.4333333333333336,82.0,2.1658536585365855,112.18536585365854,110.01463414634148,96.66182926829269,5.54,0.7,18.0,21613.571666666667,10068.0,198.0,26.38888888888889,0.5394444444444445,0.1668888888888889,0.3611111111111111,111.14444444444445,110.77777777777777,7864.573333333334,4234.0,493.0,2.966666666666667,82.0,1.4365853658536585,114.67560975609756,113.23780487804878,97.86024390243902,4.515,0.55,18.0,10.0,6.0,2.0,0.8888888888888888,0.7302756888709365,0.2697243111290634,23725.416666666664,season-level roster proxy,3.0627860627667234,111.60941326636343,108.53702954286017,3.1194629490305026,112.40057841399668,109.2731214650671,49.422549962382355,46.94
2023,2022-23,UTA,1610612762,Utah Jazz,82,37,45,3961.0,115.3,116.0,-0.7,0.611,1.69,18.2,0.308,0.711,0.512,0.151,0.547,0.584,101.02,84.18,8329,,2022,49.0,116.2,110.0,6.2,97.5,20.0,20345.488333333335,9736.0,2177.0,27.5,0.5222,0.17804999999999999,-6.8549999999999995,102.53,109.39500000000001,6812.01,3569.0,891.0,6.633333333333333,82.0,6.139024390243903,116.31341463414635,110.17317073170733,97.48341463414634,6.56,0.5,20.0,15844.531666666666,7885.0,-385.0,25.9,0.53945,0.17909999999999998,-4.165,106.80999999999999,110.98499999999999,6202.383333333333,3809.0,212.0,1.6666666666666667,82.0,-0.7914634146341464,115.32682926829267,116.11829268292684,101.02243902439025,-5.42,0.3,20.0,3.0,11.0,6.0,0.7,0.2891186420392947,0.7108813579607053,11669.851666666666,season-level roster proxy,0.5732338071706424,109.89294836795271,109.30569003233549,1.5199763979847385,110.80399622507353,109.26614854230826,45.10393627455879,57.74
2023,2022-23,WAS,1610612764,Washington Wizards,82,35,47,3951.0,113.7,114.9,-1.2,0.603,1.8,18.5,0.273,0.724,0.505,0.142,0.55,0.585,99.16,82.63,8161,,2022,35.0,110.2,113.6,-3.4,97.8,22.0,18534.358333333334,8252.0,-1500.0,25.681818181818183,0.49004545454545456,0.1837272727272727,-10.081818181818182,101.9090909090909,111.97727272727273,6517.091666666667,2833.0,-573.0,-3.9333333333333336,82.0,-3.492682926829268,110.23658536585366,113.7329268292683,97.79243902439023,-5.959999999999999,0.35,20.0,18809.483333333334,8853.0,-324.0,26.1,0.55525,0.16895,0.41500000000000015,111.47,111.05499999999999,6451.653333333334,3682.0,-34.0,-0.5000000000000001,82.0,-1.1902439024390246,113.78780487804879,114.97317073170731,99.18109756097562,-4.91,0.25,20.0,10.0,5.0,5.0,0.75,0.6973314508144794,0.3026685491855206,15669.313333333334,season-level roster proxy,-0.4712357954847629,110.43802943715465,110.90759341932448,-0.8656099640035019,110.70739974696953,111.56457893780602,38.66285309719054,31.82
2024,2023-24,ATL,1610612737,Atlanta Hawks,82,36,46,3971.0,116.4,118.4,-2.0,0.618,1.96,18.4,0.308,0.717,0.504,0.133,0.539,0.576,100.84,84.03,8339,,2023,41.0,115.5,115.4,0.1,101.56,18.0,21734.09,10625.0,-216.0,24.333333333333332,0.5415,0.18322222222222223,1.6833333333333331,111.76111111111112,110.07222222222222,7363.781666666666,4360.0,17.0,-1.850371707708594e-17,82.0,0.17073170731707318,115.62682926829268,115.4560975609756,101.5360975609756,1.32,0.5,18.0,19688.21,9667.0,-849.0,25.555555555555557,0.5508333333333333,0.1703888888888889,-5.483333333333333,110.24444444444445,115.72777777777777,7246.41,3949.0,-46.0,-0.4333333333333334,82.0,-2.0,116.31463414634146,118.30731707317074,100.87024390243903,-2.7199999999999998,0.4,18.0,13.0,2.0,3.0,0.8333333333333334,0.9571379977881337,0.04286200221186624,19383.329999999998,season-level roster proxy,-0.5486572052720906,113.68809595668029,114.22952305752762,-0.1375286776890109,114.89955231875538,115.02830949632731,40.62867257023967,41.27
2024,2023-24,BOS,1610612738,Boston Celtics,82,64,18,3966.0,122.2,110.6,11.7,0.613,2.25,19.3,0.287,0.726,0.515,0.121,0.578,0.609,97.98,81.65,8090,,2023,57.0,117.3,110.6,6.7,99.15,18.0,20612.925,9942.0,2826.0,27.11111111111111,0.5597222222222222,0.16327777777777777,2.288888888888889,112.59444444444445,110.31666666666666,7456.443333333334,5026.0,1214.0,8.299999999999999,82.0,6.796341463414634,117.43536585365854,110.64390243902439,99.1590243902439,9.28,0.65,17.0,20614.63333333333,10110.0,4452.0,26.470588235294116,0.6088235294117647,0.16764705882352943,13.31764705882353,120.24705882352941,106.9235294117647,7368.719999999999,4704.0,1640.0,10.799999999999999,82.0,11.645121951219512,122.33170731707318,110.69024390243902,97.99365853658536,13.505,0.8,17.0,8.0,7.0,2.0,0.8823529411764706,0.6300752054722478,0.36992479452775223,19331.483333333334,season-level roster proxy,5.889439963651695,115.8414407326908,109.96875083736461,6.843058120361291,116.92864939319453,110.10871608307431,59.47625692497549,59.09
2024,2023-24,BRK,1610612751,Brooklyn Nets,82,32,50,3961.0,112.4,115.4,-2.9,0.63,1.95,18.6,0.289,0.715,0.497,0.134,0.531,0.561,97.56,81.3,8050,,2023,45.0,114.6,113.5,1.1,98.77,19.0,22060.94,9399.0,41.0,26.842105263157894,0.5716842105263158,0.17478947368421052,-2.6631578947368424,110.72631578947369,113.38947368421053,8097.746666666667,3711.0,106.0,0.9333333333333335,82.0,1.2097560975609756,114.74146341463414,113.52439024390245,98.76865853658536,3.3299999999999996,0.55,18.0,19856.93833333333,9073.0,-1356.0,24.88888888888889,0.5452777777777778,0.17477777777777778,-5.472222222222222,111.29444444444444,116.7611111111111,7455.848333333333,3569.0,-589.0,-3.9,82.0,-2.9012195121951225,112.46341463414635,115.35975609756098,97.55621951219511,-5.225,0.35,18.0,7.0,7.0,4.0,0.7777777777777778,0.5872692492622276,0.41273075073777243,18811.695,season-level roster proxy,-1.1471464160991343,112.10751845239534,113.23178688399246,-0.12220116118421188,112.37136255865069,112.47797699323122,40.670056864802625,43.97
2024,2023-24,CHI,1610612741,Chicago Bulls,82,39,43,3996.0,114.0,115.7,-1.7,0.594,2.04,18.2,0.291,0.717,0.501,0.124,0.534,0.568,96.94,80.78,8078,,2023,40.0,112.8,111.5,1.3,99.18,17.0,20556.771666666667,9307.0,394.0,26.470588235294116,0.5761764705882353,0.16811764705882354,7.423529411764706,110.51176470588236,103.09411764705882,8195.915,5176.0,65.0,0.43333333333333335,82.0,1.348780487804878,112.87926829268294,111.52317073170731,99.21621951219511,3.2349999999999994,0.6,18.0,19980.0,9206.0,-590.0,26.5,0.5261666666666667,0.1695,1.5666666666666667,112.53888888888889,110.98333333333333,8479.426666666666,4776.0,-277.0,-1.5999999999999999,82.0,-1.848780487804878,113.99756097560974,115.84024390243901,96.94,-2.43,0.45,18.0,11.0,2.0,5.0,0.7222222222222222,0.8250403765327395,0.1749596234672604,21488.348333333335,season-level roster proxy,0.692313950917121,111.39184814033712,110.69817426637954,-0.09200562753981906,111.43781279464478,111.5314392854674,40.75158480564249,44.51
2024,2023-24,CHO,1610612766,Charlotte Hornets,82,21,61,3946.0,108.6,119.2,-10.6,0.62,1.8,18.4,0.253,0.709,0.475,0.14,0.529,0.56,97.81,81.51,8047,,2023,27.0,108.4,114.7,-6.3,101.47,17.0,16780.285,7839.0,-2103.0,24.352941176470587,0.5426470588235294,0.17770588235294116,-8.63529411764706,103.83529411764707,112.48823529411764,6177.391666666666,3206.0,-771.0,-5.566666666666666,82.0,-6.390243902439025,108.45487804878047,114.8451219512195,101.49719512195122,-7.5,0.4,22.0,18715.021666666667,7768.0,-3357.0,25.045454545454547,0.5409090909090909,0.1675,-7.445454545454546,107.63636363636364,115.0909090909091,7093.639999999999,3512.0,-1387.0,-9.333333333333334,82.0,-10.696341463414635,108.65243902439025,119.35731707317072,97.81268292682927,-10.645,0.3,22.0,7.0,7.0,8.0,0.6363636363636364,0.46280416174155076,0.5371958382584494,12355.884999999998,season-level roster proxy,-2.9804969588715555,108.818214653719,111.79219359843508,-2.2317076159216103,109.29128660388355,111.52388153887277,34.97438943701165,23.99
2024,2023-24,CLE,1610612739,Cleveland Cavaliers,82,48,34,3961.0,114.7,112.1,2.5,0.671,2.07,20.2,0.274,0.721,0.501,0.138,0.557,0.586,97.62,81.35,8053,,2023,51.0,115.5,109.9,5.6,96.27,17.0,19102.63,8867.0,2119.0,27.11764705882353,0.5939411764705882,0.17552941176470588,3.823529411764706,109.37058823529412,105.54705882352941,7594.791666666667,4689.0,1115.0,6.8,82.0,5.609756097560975,115.50975609756097,109.89390243902439,96.27268292682926,5.62,0.65,18.0,20441.821666666667,9483.0,981.0,26.666666666666668,0.5466666666666666,0.1776111111111111,-6.661111111111111,106.69444444444444,113.37222222222222,6639.32,3076.0,575.0,4.3999999999999995,82.0,2.497560975609756,114.74268292682926,112.24634146341464,97.63609756097561,-4.1850000000000005,0.4,18.0,9.0,5.0,4.0,0.7777777777777778,0.6810730907571909,0.31892690924280903,21641.04,season-level roster proxy,3.64376152131937,113.73990734733634,110.0617820508318,4.408694220963847,114.54362123859241,110.10164501152079,52.90347439660239,56.12
2024,2023-24,DAL,1610612742,Dallas Mavericks,82,50,32,3941.0,117.0,114.9,2.1,0.596,2.05,18.5,0.257,0.711,0.485,0.124,0.562,0.592,100.6,83.83,8263,,2023,38.0,115.9,116.1,-0.2,97.21,21.0,19010.161666666667,9369.0,174.0,28.38095238095238,0.6066190476190476,0.1870952380952381,-0.861904761904762,109.25714285714287,110.11904761904762,6995.530000000001,4322.0,263.0,1.6666666666666667,82.0,-0.20121951219512205,115.92317073170733,116.12682926829268,97.20475609756097,-2.8950000000000005,0.3,19.0,20261.614999999998,10144.0,474.0,25.894736842105264,0.5699473684210526,0.18442105263157896,-4.947368421052631,108.56315789473683,113.48947368421054,6965.046666666667,4448.0,199.0,0.9666666666666667,82.0,2.0,116.93780487804878,114.94268292682926,100.59621951219512,7.8199999999999985,0.8,19.0,9.0,4.0,6.0,0.6842105263157895,0.7050666113887645,0.2949333886112357,16852.22333333333,season-level roster proxy,0.8198655291181162,114.42888885877969,113.6273614144286,0.8109310186462789,114.99235263566284,114.208533259108,43.18951375034495,40.46
2024,2023-24,DEN,1610612743,Denver Nuggets,82,57,25,3941.0,117.8,112.3,5.5,0.669,2.33,20.9,0.3,0.718,0.515,0.13,0.562,0.589,97.43,81.19,7996,,2023,53.0,116.8,113.5,3.3,98.74,16.0,20833.41,9968.0,1539.0,27.4375,0.5908125,0.177875,-1.05,110.65625,111.68125,6983.698333333334,3435.0,1164.0,7.7,82.0,3.2560975609756095,116.85853658536585,113.60609756097561,98.74378048780487,0.5650000000000001,0.5,17.0,19705.0,9418.0,2155.0,27.058823529411764,0.5761764705882353,0.17541176470588238,0.4352941176470587,109.63529411764705,109.18235294117646,7702.895,4207.0,1726.0,10.4,82.0,5.469512195121951,117.86707317073171,112.3890243902439,97.43585365853659,9.379999999999999,0.75,17.0,10.0,3.0,4.0,0.7647058823529411,0.9488495440751874,0.051150455924812765,15838.503333333332,season-level roster proxy,5.2308247033442345,117.04356924717844,111.78126897932907,6.774082674505959,118.2721703975083,111.46509049626168,59.29002322116609,49.91
2024,2023-24,DET,1610612765,Detroit Pistons,82,14,68,3951.0,109.0,118.0,-9.0,0.623,1.67,18.2,0.277,0.73,0.499,0.151,0.526,0.562,100.45,83.71,8269,,2023,17.0,109.9,117.8,-7.9,99.88,19.0,18455.368333333332,8412.0,-3129.0,24.68421052631579,0.5702631578947369,0.1966842105263158,-0.6526315789473687,112.1157894736842,112.75263157894737,6350.7716666666665,3263.0,-1472.0,-10.700000000000001,82.0,-7.903658536585366,109.89024390243902,117.8048780487805,99.87256097560976,-9.84,0.1,23.0,20956.059999999998,8877.0,-3430.0,25.043478260869566,0.546695652173913,0.16230434782608696,-7.969565217391305,106.71739130434783,114.69565217391305,6069.1833333333325,3431.0,-1011.0,-7.733333333333333,82.0,-9.007317073170732,108.97317073170731,117.98414634146343,100.45975609756098,-11.075,0.2,23.0,10.0,10.0,3.0,0.8695652173913043,0.4882030245956389,0.511796975404361,21094.39,season-level roster proxy,-5.6180348661421355,109.78574954446815,115.41113578855169,-5.0154950614759,110.55821187611475,115.58145935120652,27.45816333401507,19.669999999999998
2024,2023-24,GSW,1610612744,Golden State Warriors,82,46,36,3966.0,116.9,114.5,2.4,0.671,2.05,20.1,0.315,0.725,0.521,0.142,0.557,0.586,99.91,83.26,8261,,2023,44.0,115.1,113.4,1.7,102.54,17.0,19823.115,9669.0,871.0,27.11764705882353,0.5986470588235294,0.18670588235294117,-0.30000000000000027,111.01764705882353,111.31764705882354,7034.64,3801.0,498.0,3.033333333333333,82.0,1.726829268292683,115.25,113.52073170731708,102.52853658536586,5.425,0.6,18.0,19830.0,9657.0,1070.0,27.88888888888889,0.5501666666666667,0.16994444444444445,-0.7555555555555556,111.32777777777778,112.10555555555555,6673.96,4013.0,460.0,2.766666666666667,82.0,2.508536585365854,116.96951219512195,114.46463414634147,99.88658536585366,5.3,0.65,18.0,9.0,4.0,5.0,0.7222222222222222,0.7148247053518975,0.28517529464810254,17155.068333333333,season-level roster proxy,2.175779325079926,114.36280673515243,112.18555101451557,3.25287912491006,115.1805439567158,111.92587818200629,49.782773637257165,45.59
2024,2023-24,HOU,1610612745,Houston Rockets,82,41,41,3971.0,113.7,112.8,0.9,0.594,1.95,17.7,0.294,0.722,0.504,0.127,0.529,0.565,99.59,82.99,8248,,2023,22.0,110.5,118.6,-8.1,99.74,15.0,17546.845,8197.0,-2857.0,23.333333333333332,0.5504,0.18673333333333333,-4.88,108.61333333333333,113.50666666666666,7344.860000000001,3732.0,-1370.0,-9.333333333333334,82.0,-8.220731707317073,110.44390243902438,118.66219512195121,99.75414634146341,-4.779999999999999,0.45,17.0,19855.0,9375.0,460.0,26.352941176470587,0.572529411764706,0.1781764705882353,0.8882352941176471,110.71176470588235,109.82941176470588,7709.653333333334,3924.0,130.0,0.3666666666666667,82.0,0.8304878048780487,113.69634146341464,112.86585365853658,99.59731707317073,4.205,0.7,17.0,6.0,7.0,4.0,0.7647058823529411,0.4920967488906423,0.5079032511093576,19994.303333333333,season-level roster proxy,-3.2106997559804955,111.87439820775617,115.09688279544959,-4.042548737271085,112.02439734472085,116.07573352338383,30.08511840936807,19.13
2024,2023-24,IND,1610612754,Indiana Pacers,82,47,35,3941.0,120.5,117.6,2.9,0.654,2.38,21.0,0.284,0.7,0.492,0.126,0.578,0.606,102.16,85.13,8389,,2023,35.0,113.8,117.1,-3.3,101.68,18.0,20588.905,9801.0,-1387.0,26.444444444444443,0.5513888888888889,0.1791111111111111,-1.0666666666666669,111.4,112.47777777777777,6777.786666666667,3355.0,-526.0,-4.033333333333334,82.0,-3.3378048780487806,113.8890243902439,117.23048780487804,101.69768292682926,-5.709999999999999,0.4,18.0,19252.3,10134.0,948.0,25.555555555555557,0.5686666666666667,0.18711111111111112,-1.1555555555555557,110.98333333333333,112.14444444444445,6957.863333333333,4439.0,627.0,4.5,82.0,2.902439024390244,120.46829268292683,117.5670731707317,102.1589024390244,8.385,0.65,18.0,10.0,4.0,4.0,0.7777777777777778,0.7291894182282591,0.2708105817717409,19021.893333333333,season-level roster proxy,-2.80579710081436,112.80800176218001,115.63994323733635,-2.902530198138449,113.34430444747602,116.26415346930035,33.16316846502619,32.09
2024,2023-24,LAC,1610612746,LA Clippers,82,51,31,3941.0,117.9,114.6,3.4,0.604,1.95,18.7,0.283,0.705,0.502,0.134,0.561,0.599,97.93,81.61,8040,,2023,44.0,114.0,113.6,0.5,98.84,18.0,22805.378333333334,10954.0,-559.0,28.88888888888889,0.5596111111111112,0.19727777777777777,-1.4555555555555555,110.23333333333333,111.6888888888889,6348.181666666667,2834.0,-323.0,-2.2333333333333334,82.0,0.4499999999999999,114.03658536585365,113.59146341463415,98.81780487804879,1.345,0.55,18.0,19625.013333333332,9462.0,1332.0,28.77777777777778,0.5545,0.1816111111111111,-2.8111111111111113,111.09444444444445,113.89999999999999,7301.475,4476.0,1144.0,7.633333333333333,82.0,3.274390243902439,117.92926829268293,114.66219512195121,97.9289024390244,-0.89,0.5,18.0,12.0,4.0,2.0,0.8888888888888888,0.7861244360067161,0.21387556399328386,19905.305,season-level roster proxy,0.2757285222875679,114.14591231667471,113.87958921001211,1.6189568134501129,115.3762336407583,113.7690059359435,45.3711833963153,42.35
2024,2023-24,LAL,1610612747,Los Angeles Lakers,82,47,35,3971.0,115.4,114.8,0.6,0.654,2.04,20.1,0.244,0.725,0.496,0.137,0.566,0.601,101.38,84.48,8387,,2023,43.0,113.9,113.2,0.7,101.92,18.0,21451.488333333335,10492.0,202.0,26.27777777777778,0.5327222222222222,0.17227777777777778,-0.6777777777777777,110.21111111111111,110.88888888888889,6383.126666666667,3118.0,123.0,0.6999999999999998,82.0,0.7158536585365853,114.06951219512196,113.36219512195123,101.9329268292683,5.45,0.7,19.0,21724.18,10454.0,137.0,26.526315789473685,0.5300526315789473,0.17463157894736842,-7.863157894736842,106.08421052631579,113.95789473684209,7832.876666666667,4998.0,328.0,1.8,82.0,0.4878048780487803,115.41341463414633,114.92682926829268,101.3689024390244,4.1899999999999995,0.7,19.0,7.0,7.0,5.0,0.7368421052631579,0.5631457128185355,0.4368542871814646,21067.318333333333,season-level roster proxy,0.2104121383586947,112.9042837994489,112.6900703229829,1.4921041568565123,114.25469265518097,112.76258849832446,45.028681223512585,42.89
2024,2023-24,MEM,1610612763,Memphis Grizzlies,82,27,55,3956.0,106.8,113.7,-6.9,0.644,1.64,17.9,0.287,0.706,0.488,0.152,0.509,0.543,98.68,82.23,8128,,2023,51.0,114.7,110.7,4.0,101.5,18.0,20461.56,9852.0,1712.0,23.88888888888889,0.5521666666666667,0.17638888888888887,-0.12222222222222229,109.91666666666667,110.03333333333333,6102.035,3465.0,602.0,4.733333333333333,82.0,4.010975609756097,114.75853658536586,110.74878048780488,101.51219512195122,3.9850000000000003,0.65,26.0,17328.911666666667,7996.0,-2358.0,25.576923076923077,0.5012307692307693,0.1821923076923077,-9.265384615384615,100.90384615384616,110.16538461538462,5185.085,3137.0,-816.0,-7.6000000000000005,82.0,-6.906097560975609,106.83414634146341,113.73414634146343,98.67414634146341,-8.34,0.3,26.0,10.0,9.0,7.0,0.7307692307692307,0.6465660545629345,0.35343394543706547,18927.256666666668,season-level roster proxy,3.7840178458684885,113.32602867082163,109.5382515110043,6.57389129640146,115.53821199812302,108.94938424268337,58.74950650028394,51.8
2024,2023-24,MIA,1610612748,Miami Heat,82,46,36,3951.0,113.3,111.5,1.8,0.648,2.04,19.1,0.261,0.734,0.498,0.13,0.538,0.578,96.88,80.73,7975,,2023,44.0,112.3,112.8,-0.5,96.76,17.0,20144.11,9127.0,92.0,28.41176470588235,0.567764705882353,0.17852941176470588,-1.1823529411764706,110.38235294117646,111.56470588235294,7205.363333333334,3799.0,142.0,0.2333333333333334,82.0,-0.5658536585365853,112.41341463414633,112.97926829268292,96.75134146341463,-0.5549999999999999,0.55,20.0,20440.718333333334,9610.0,327.0,27.4,0.54355,0.1833,-2.435,107.98499999999999,110.425,6571.726666666667,3502.0,373.0,3.033333333333333,82.0,1.6451219512195123,113.24634146341464,111.60000000000001,96.89926829268292,4.545,0.55,20.0,10.0,8.0,2.0,0.9,0.6305474371024847,0.36945256289751516,20487.163333333334,season-level roster proxy,-1.066868627818818,111.2568238583217,112.3480075572525,0.03682243964154381,112.24107099571515,112.23391147534936,41.09942058703217,39.65
2024,2023-24,MIL,1610612749,Milwaukee Bucks,82,49,33,3961.0,117.6,115.0,2.6,0.615,2.05,19.0,0.255,0.731,0.499,0.128,0.568,0.601,100.51,83.76,8295,,2023,58.0,114.3,110.9,3.4,101.45,18.0,19136.391666666666,9454.0,1601.0,30.166666666666668,0.5731111111111111,0.18116666666666667,-1.905555555555556,109.91666666666667,111.82222222222222,6578.631666666666,4488.0,1220.0,7.833333333333333,82.0,3.2634146341463417,114.30365853658536,111.03902439024391,101.45414634146341,1.4749999999999999,0.65,19.0,20559.806666666667,10033.0,1072.0,28.68421052631579,0.5635263157894738,0.18189473684210525,-4.368421052631579,108.37894736842104,112.7421052631579,7556.823333333334,4987.0,1006.0,6.233333333333333,82.0,2.548780487804878,117.63292682926829,115.07195121951219,100.5090243902439,-3.095,0.4,19.0,10.0,6.0,3.0,0.8421052631578947,0.598175503624317,0.401824496375683,16946.411666666667,season-level roster proxy,0.9599847440662707,112.79706134445176,111.84245144522728,2.6334415524598884,114.25789344052765,111.63701512112327,48.1102921916417,50.18
2024,2023-24,MIN,1610612750,Minnesota Timberwolves,82,56,26,3961.0,114.6,108.4,6.3,0.646,1.88,19.3,0.275,0.725,0.508,0.144,0.559,0.594,97.79,81.49,8081,,2023,42.0,113.3,113.1,0.2,101.55,18.0,19982.913333333334,9261.0,58.0,25.88888888888889,0.5788333333333333,0.18055555555555555,-0.24444444444444446,111.72222222222223,111.97222222222223,7406.426666666666,3838.0,160.0,1.4333333333333333,82.0,0.19268292682926827,113.31341463414635,113.1219512195122,101.56768292682926,0.36499999999999994,0.55,16.0,18972.021666666667,8959.0,2670.0,26.0625,0.578375,0.182875,7.01875,111.7125,104.70625,7556.955,3979.0,1117.0,7.0,82.0,6.235365853658537,114.75,108.51341463414634,97.81121951219512,5.0200000000000005,0.65,16.0,12.0,3.0,1.0,0.9375,0.8260143928321316,0.1739856071678686,18950.86833333333,season-level roster proxy,0.6323683233160556,113.03615033119415,112.40687018651128,0.9719588844357562,113.68417897452997,112.71604639176381,43.62428898797654,41.54
2024,2023-24,NOP,1610612740,New Orleans Pelicans,82,49,33,3941.0,116.5,111.9,4.6,0.634,2.07,19.4,0.278,0.725,0.505,0.132,0.558,0.591,98.7,82.25,8101,,2023,42.0,113.8,112.0,1.9,99.58,16.0,20040.601666666666,9579.0,612.0,26.1875,0.5691875,0.187625,3.7562499999999996,111.525,107.76875,7065.416666666667,3831.0,87.0,0.30000000000000004,82.0,1.8658536585365855,113.89878048780488,112.03536585365853,99.56329268292683,5.154999999999999,0.6,19.0,19561.44,9392.0,1829.0,25.842105263157894,0.48957894736842106,0.18552631578947368,7.2,113.96315789473685,106.76315789473684,6686.888333333333,3760.0,569.0,4.033333333333333,82.0,4.6,116.4719512195122,111.8780487804878,98.69987804878049,2.04,0.6,19.0,11.0,3.0,5.0,0.7368421052631579,0.9270959062448898,0.07290409375510998,18387.193333333336,season-level roster proxy,1.899209948300973,113.35203583726208,111.46519353687836,1.922001367527658,113.71394126724746,111.80850368776922,46.189403692324674,46.13
2024,2023-24,NYK,1610612752,New York Knicks,82,50,32,3946.0,117.3,112.4,4.9,0.59,1.84,17.8,0.333,0.729,0.527,0.138,0.54,0.574,95.96,79.97,7883,,2023,47.0,117.0,114.2,2.8,97.75,16.0,22022.681666666667,10225.0,1195.0,25.25,0.5519375,0.18562499999999998,-5.16875,108.5375,113.7125,7666.741666666667,4110.0,423.0,2.466666666666667,82.0,2.779268292682927,116.98048780487804,114.19878048780487,97.77121951219512,3.7049999999999996,0.6,19.0,20790.175,9859.0,1299.0,27.157894736842106,0.505,0.17521052631578946,0.7736842105263158,106.45263157894736,105.67894736842106,7793.468333333333,4232.0,1020.0,6.3,82.0,5.024390243902439,117.37682926829268,112.35243902439024,95.96451219512196,9.205,0.7,19.0,7.0,8.0,4.0,0.7894736842105263,0.5442118072418952,0.45578819275810484,22711.09,season-level roster proxy,1.811118202604983,115.26038886728908,113.4520888913742,2.521023650406572,116.48179104917632,113.96076739876976,47.806763856097746,48.56
2024,2023-24,OKC,1610612760,Oklahoma City Thunder,82,57,25,3961.0,118.3,111.0,7.3,0.609,2.14,19.4,0.25,0.698,0.484,0.125,0.573,0.608,100.85,84.04,8324,,2023,40.0,114.2,113.2,1.0,101.94,16.0,18938.231666666667,9274.0,308.0,23.1875,0.5621875,0.1786875,1.14375,112.00625,110.8625,7058.848333333333,4451.0,-9.0,-0.16666666666666666,82.0,0.9378048780487805,114.19268292682926,113.25243902439026,101.95378048780486,1.11,0.6,18.0,21197.763333333332,10301.0,2662.0,25.22222222222222,0.5586111111111111,0.16983333333333334,2.788888888888889,112.85,110.07222222222222,7211.455,4471.0,1383.0,9.366666666666667,82.0,7.134146341463414,118.27195121951219,111.14024390243902,100.87548780487806,5.975,0.7,18.0,11.0,3.0,4.0,0.7777777777777778,0.8189085719562222,0.1810914280437777,18753.381666666668,season-level roster proxy,1.3173557675686758,113.2844473205677,111.96230610497003,0.6677888295783387,113.31921118156514,112.63510570486248,42.803029839861516,43.7
2024,2023-24,ORL,1610612753,Orlando Magic,82,47,35,3956.0,112.9,110.8,2.2,0.61,1.68,18.1,0.297,0.737,0.515,0.15,0.541,0.577,97.37,81.14,8022,,2023,34.0,111.3,113.7,-2.3,99.66,17.0,17996.716666666667,8432.0,-975.0,24.058823529411764,0.5758235294117647,0.17676470588235293,-6.135294117647058,107.57058823529412,113.70588235294117,6816.391666666666,3759.0,-295.0,-2.2333333333333334,82.0,-2.2902439024390246,111.37439024390245,113.67073170731707,99.67353658536585,-1.975,0.4,18.0,19780.0,9058.0,830.0,25.0,0.5652222222222222,0.17994444444444443,1.788888888888889,110.61666666666666,108.8111111111111,7160.708333333333,4168.0,250.0,1.7666666666666666,82.0,2.153658536585366,112.90853658536585,110.75731707317074,97.38804878048781,2.71,0.55,18.0,14.0,2.0,2.0,0.8888888888888888,0.936481127137003,0.06351887286299697,17530.196666666667,season-level roster proxy,-1.7455304456557723,110.60873061131278,112.36691448032812,-1.5676393911815085,111.00607891841871,112.59430321416205,36.767373643809925,34.79
2024,2023-24,PHI,1610612755,Philadelphia 76ers,82,47,35,3956.0,116.2,113.0,3.1,0.6,2.07,18.0,0.292,0.701,0.493,0.122,0.532,0.574,98.17,81.81,8090,,2023,54.0,117.0,112.7,4.4,97.44,17.0,21114.793333333335,10078.0,1426.0,27.470588235294116,0.598529411764706,0.1901764705882353,2.9352941176470586,113.7235294117647,110.8,6869.8116666666665,4048.0,822.0,5.666666666666667,82.0,4.295121951219512,117.15365853658537,112.85853658536585,97.45512195121951,5.675,0.7,20.0,20987.743333333332,9964.0,1458.0,28.5,0.5629500000000001,0.17105,2.925,114.83,111.9,7153.475,4033.0,591.0,3.6333333333333333,82.0,2.9658536585365853,116.1219512195122,113.15365853658537,98.16048780487804,2.5149999999999997,0.6,20.0,7.0,10.0,3.0,0.85,0.4603548253942163,0.5396451746057837,23462.90166666667,season-level roster proxy,1.2215832639625916,114.02920302341118,112.82624117036958,2.1488316397366956,115.27635720365276,113.14094026753034,46.80184542728908,52.88
2024,2023-24,PHO,1610612756,Phoenix Suns,82,49,33,3956.0,116.8,113.7,3.1,0.637,1.82,19.4,0.292,0.714,0.514,0.15,0.565,0.603,99.0,82.5,8158,,2023,45.0,114.5,112.3,2.2,98.83,16.0,19785.706666666665,9600.0,865.0,28.4375,0.563125,0.1911875,2.275,112.15625,109.88125,5871.8133333333335,2610.0,-100.0,-0.4666666666666668,82.0,2.1865853658536585,114.5,112.31219512195122,98.84414634146341,4.615,0.6,18.0,20707.218333333334,9826.0,1072.0,28.38888888888889,0.5616111111111111,0.17438888888888887,-3.933333333333333,109.01666666666667,112.94999999999999,7750.593333333334,4887.0,869.0,5.233333333333333,82.0,3.1500000000000004,117.03048780487805,113.88780487804877,99.01780487804878,3.835,0.65,18.0,5.0,12.0,1.0,0.9444444444444444,0.2685320500357887,0.7314679499642112,22888.95,season-level roster proxy,-0.09300620313877796,112.86237802520428,112.96400033640688,0.9663714742452004,114.10065405141165,113.14777550339254,43.609202980462044,46.94
2024,2023-24,POR,1610612757,Portland Trail Blazers,82,21,61,3976.0,107.6,116.6,-9.0,0.587,1.52,16.7,0.32,0.697,0.498,0.154,0.503,0.539,97.88,81.56,8103,,2023,33.0,114.0,118.0,-4.0,99.25,21.0,19298.731666666667,9245.0,-1810.0,24.476190476190474,0.5388571428571429,0.17104761904761906,-10.304761904761905,107.41904761904763,117.70476190476191,6522.775,4462.0,-5.0,-0.2333333333333334,82.0,-3.9804878048780483,114.07560975609756,118.04512195121953,99.24914634146342,-13.794999999999998,0.2,19.0,19591.826666666668,8615.0,-3564.0,24.473684210526315,0.5303157894736842,0.1783157894736842,-10.06842105263158,105.05263157894737,115.12105263157896,5379.078333333333,2920.0,-1164.0,-10.433333333333332,82.0,-8.991463414634145,107.68414634146342,116.6719512195122,97.89170731707317,-11.709999999999999,0.2,19.0,6.0,5.0,8.0,0.5789473684210527,0.6102466896057803,0.38975331039422,13278.629999999997,season-level roster proxy,-0.7096408414623094,112.92020119294436,113.62921890285371,-0.6004421779715478,113.17464811951513,113.77210317221811,39.37880611947682,30.2
2024,2023-24,SAC,1610612758,Sacramento Kings,82,46,36,3971.0,116.2,114.4,1.8,0.654,2.16,19.9,0.285,0.744,0.507,0.131,0.556,0.582,99.46,82.88,8226,,2023,48.0,118.6,116.0,2.6,100.99,20.0,19909.506666666668,9913.0,1088.0,26.1,0.53585,0.17015,-2.375000000000001,110.72999999999999,113.10999999999999,7832.835,4566.0,643.0,3.9333333333333336,82.0,2.518292682926829,118.61463414634146,116.09024390243901,100.97158536585366,2.71,0.55,20.0,19857.683333333334,9558.0,718.0,26.7,0.5601499999999999,0.16604999999999998,3.3299999999999996,111.03,107.69500000000001,8175.3516666666665,4731.0,440.0,2.6,82.0,1.6817073170731704,116.13780487804877,114.4560975609756,99.46670731707317,6.085,0.5,20.0,11.0,3.0,6.0,0.7,0.8993929185920205,0.10060708140797937,19400.473333333335,season-level roster proxy,2.1334638312948373,117.28707028969393,115.16319234994609,3.301818265359181,118.67140709717343,115.38105931086001,49.91490931646979,48.02
2024,2023-24,SAS,1610612759,San Antonio Spurs,82,22,60,3966.0,109.3,115.6,-6.4,0.712,1.97,20.5,0.269,0.721,0.492,0.148,0.532,0.563,101.8,84.84,8413,,2023,22.0,109.7,119.6,-9.9,102.07,21.0,18381.855,8440.0,-3569.0,24.19047619047619,0.5446190476190476,0.17657142857142857,-7.223809523809523,107.6,114.82857142857144,5596.666666666666,2933.0,-1180.0,-10.066666666666666,82.0,-9.898780487804878,109.81585365853658,119.72073170731707,102.09475609756097,-9.34,0.35,18.0,19171.12,8914.0,-2531.0,23.5,0.5691111111111111,0.1773888888888889,-3.3444444444444446,108.42222222222222,111.75555555555555,6579.018333333333,2955.0,-657.0,-4.633333333333334,82.0,-6.2926829268292686,109.41097560975611,115.70487804878047,101.81560975609756,-1.5449999999999997,0.45,18.0,12.0,4.0,2.0,0.8888888888888888,0.8782512735002509,0.12174872649974904,15457.725,season-level roster proxy,-7.442876997315797,109.27844114620143,116.74013926154507,-6.964062352372916,110.01305061917122,117.00027668965004,22.197031648593125,14.269999999999996
2024,2023-24,TOR,1610612761,Toronto Raptors,82,25,57,3961.0,111.8,118.1,-6.3,0.674,2.04,19.9,0.281,0.694,0.484,0.139,0.535,0.566,99.91,83.26,8241,,2023,41.0,114.6,113.1,1.5,97.85,18.0,21613.571666666667,10068.0,198.0,26.38888888888889,0.5394444444444445,0.1668888888888889,0.3611111111111111,111.14444444444445,110.77777777777777,7864.573333333334,4234.0,493.0,2.966666666666667,82.0,1.4365853658536585,114.67560975609756,113.23780487804878,97.86024390243902,4.515,0.55,22.0,19397.706666666665,8874.0,-2506.0,26.045454545454547,0.5268636363636363,0.17427272727272727,-7.804545454545456,105.81818181818181,113.62272727272726,6073.183333333333,3321.0,-372.0,-2.9333333333333336,82.0,-6.336585365853659,111.82682926829267,118.16341463414633,99.94695121951219,-14.329999999999998,0.1,22.0,5.0,9.0,8.0,0.6363636363636364,0.3820523139628821,0.6179476860371179,21911.868333333332,season-level roster proxy,-0.5033171444911777,113.02948049234504,113.51623504491972,0.3325260249547301,113.7656737941351,113.42115132092566,41.897820267377774,45.05
2024,2023-24,UTA,1610612762,Utah Jazz,82,31,51,3961.0,114.5,119.6,-5.1,0.648,1.74,18.9,0.325,0.717,0.521,0.155,0.539,0.579,100.26,83.55,8281,,2023,37.0,115.3,116.0,-0.7,101.02,20.0,15844.531666666666,7885.0,-385.0,25.9,0.53945,0.17909999999999998,-4.165,106.80999999999999,110.98499999999999,6202.383333333333,3809.0,212.0,1.6666666666666667,82.0,-0.7914634146341464,115.32682926829267,116.11829268292684,101.02243902439025,-5.42,0.3,18.0,16885.103333333333,8444.0,-1867.0,24.22222222222222,0.5537222222222222,0.1821111111111111,-5.277777777777778,111.54444444444444,116.82777777777778,5998.4,3459.0,-824.0,-6.733333333333334,82.0,-5.124390243902439,114.49268292682926,119.61829268292684,100.28500000000001,-11.855,0.15,18.0,9.0,6.0,3.0,0.8333333333333334,0.7372022638327174,0.2627977361672825,12798.943333333335,season-level roster proxy,0.4771926875213396,114.45160329641794,113.99129971146056,0.8944498339754616,115.11064795228356,114.23263833236122,43.41501455173375,39.11
2024,2023-24,WAS,1610612764,Washington Wizards,82,15,67,3946.0,110.2,118.9,-8.7,0.65,2.0,19.5,0.24,0.683,0.459,0.136,0.538,0.567,103.07,85.89,8461,,2023,35.0,113.7,114.9,-1.2,99.16,20.0,18809.483333333334,8853.0,-324.0,26.1,0.55525,0.16895,0.41500000000000015,111.47,111.05499999999999,6451.653333333334,3682.0,-34.0,-0.5000000000000001,82.0,-1.1902439024390246,113.78780487804879,114.97317073170731,99.18109756097562,-4.91,0.25,18.0,18007.368333333332,8729.0,-3531.0,24.833333333333332,0.5525,0.18805555555555556,-4.3277777777777775,106.90555555555555,111.24444444444445,6883.34,4011.0,-1443.0,-9.533333333333333,82.0,-8.649999999999999,110.21463414634147,118.86219512195123,103.08012195121951,-6.609999999999999,0.3,18.0,5.0,10.0,3.0,0.8333333333333334,0.464804891543599,0.535195108456401,15919.991666666667,season-level roster proxy,-1.6039428936049487,111.04254859848649,112.65183344421767,-1.111396756642076,111.75537142006958,112.86676817671164,37.9992287570664,37.76
2025,2024-25,ATL,1610612737,Atlanta Hawks,82,40,42,3956.0,113.7,114.8,-1.1,0.682,1.91,19.9,0.3,0.715,0.503,0.149,0.546,0.579,103.41,86.17,8521,,2024,36.0,116.4,118.4,-2.0,100.84,18.0,19688.21,9667.0,-849.0,25.555555555555557,0.5508333333333333,0.1703888888888889,-5.483333333333333,110.24444444444445,115.72777777777777,7246.41,3949.0,-46.0,-0.4333333333333334,82.0,-2.0,116.31463414634146,118.30731707317074,100.87024390243903,-2.7199999999999998,0.4,18.0,20510.37,9689.0,47.0,25.72222222222222,0.5860555555555556,0.17472222222222222,-0.30555555555555547,109.57777777777778,109.9,7374.156666666667,3902.0,9.0,0.26666666666666666,82.0,-0.9865853658536584,113.82195121951219,114.81585365853658,103.40719512195122,3.95,0.6,18.0,8.0,7.0,3.0,0.8333333333333334,0.5064204373103308,0.4935795626896692,17615.103333333333,season-level roster proxy,-0.08042599239175634,114.57783594230028,114.67955648287429,0.33433933519948383,115.36234768372225,115.05480798598018,41.90271620503861,35.6
2025,2024-25,BOS,1610612738,Boston Celtics,82,61,21,3966.0,119.5,110.1,9.4,0.628,2.2,19.0,0.291,0.717,0.506,0.122,0.561,0.591,96.59,80.49,7979,,2024,64.0,122.2,110.6,11.7,97.98,17.0,20614.63333333333,10110.0,4452.0,26.470588235294116,0.6088235294117647,0.16764705882352943,13.31764705882353,120.24705882352941,106.9235294117647,7368.719999999999,4704.0,1640.0,10.799999999999999,82.0,11.645121951219512,122.33170731707318,110.69024390243902,97.99365853658536,13.505,0.8,17.0,19801.843333333334,9551.0,3693.0,27.823529411764707,0.5495294117647059,0.16994117647058826,4.452941176470588,112.81764705882354,108.35882352941177,7468.306666666666,4324.0,1504.0,9.833333333333334,82.0,9.454878048780488,119.68048780487804,110.22682926829269,96.5970731707317,11.120000000000001,0.85,17.0,14.0,1.0,2.0,0.8823529411764706,0.947864253368918,0.05213574663108201,20112.911666666667,season-level roster proxy,10.056126060647442,120.23428602704385,110.1795538719862,11.428260710283228,121.34292787383416,109.92875492503283,71.85630391776472,72.59
2025,2024-25,BRK,1610612751,Brooklyn Nets,82,26,56,3956.0,108.1,115.4,-7.3,0.669,1.66,18.4,0.294,0.699,0.487,0.156,0.516,0.552,96.73,80.61,7970,,2024,32.0,112.4,115.4,-2.9,97.56,18.0,19856.93833333333,9073.0,-1356.0,24.88888888888889,0.5452777777777778,0.17477777777777778,-5.472222222222222,111.29444444444444,116.7611111111111,7455.848333333333,3569.0,-589.0,-3.9,82.0,-2.9012195121951225,112.46341463414635,115.35975609756098,97.55621951219511,-5.225,0.35,20.0,18025.398333333334,8008.0,-2770.0,24.0,0.5182,0.1989,-6.8950000000000005,103.995,110.875,5838.32,2312.0,-1182.0,-9.866666666666667,82.0,-7.160975609756098,108.25243902439026,115.41829268292682,96.73695121951219,-9.004999999999999,0.25,20.0,9.0,6.0,5.0,0.75,0.5905666718563636,0.4094333281436362,14708.630000000003,season-level roster proxy,-3.167222508146577,110.96183776689828,114.14456063095835,-2.317628690051695,111.77941035283041,114.11429155845886,34.742402536860425,33.17
2025,2024-25,CHI,1610612741,Chicago Bulls,82,39,43,3951.0,113.2,114.8,-1.6,0.673,1.98,19.9,0.26,0.722,0.496,0.141,0.553,0.585,103.61,86.34,8532,,2024,39.0,114.0,115.7,-1.7,96.94,18.0,19980.0,9206.0,-590.0,26.5,0.5261666666666667,0.1695,1.5666666666666667,112.53888888888889,110.98333333333333,8479.426666666666,4776.0,-277.0,-1.5999999999999999,82.0,-1.848780487804878,113.99756097560974,115.84024390243901,96.94,-2.43,0.45,20.0,19984.666666666668,9219.0,-752.0,24.95,0.59295,0.1672,-3.175,111.39500000000001,114.55999999999999,6845.1483333333335,3880.0,-307.0,-2.1,82.0,-1.6280487804878048,113.3451219512195,114.97317073170731,103.61573170731707,6.76,0.75,20.0,8.0,8.0,4.0,0.8,0.5217867095234586,0.47821329047654143,20985.653333333332,season-level roster proxy,-0.9614209930085571,113.35086934788467,114.34575755404963,-1.100444107148749,113.4031694281028,114.54070102759698,38.02880091069838,36.41
2025,2024-25,CHO,1610612766,Charlotte Hornets,82,19,63,3951.0,106.7,115.7,-9.1,0.635,1.57,17.5,0.308,0.705,0.5,0.157,0.503,0.537,98.22,81.85,8079,,2024,21.0,108.6,119.2,-10.6,97.81,22.0,18715.021666666667,7768.0,-3357.0,25.045454545454547,0.5409090909090909,0.1675,-7.445454545454546,107.63636363636364,115.0909090909091,7093.639999999999,3512.0,-1387.0,-9.333333333333334,82.0,-10.696341463414635,108.65243902439025,119.35731707317072,97.81268292682927,-10.645,0.3,22.0,18609.108333333334,8274.0,-3505.0,25.5,0.535909090909091,0.18963636363636363,-9.481818181818182,104.67727272727274,114.15,5420.713333333333,2990.0,-753.0,-6.1000000000000005,82.0,-9.042682926829269,106.72804878048781,115.7670731707317,98.22256097560975,-13.194999999999999,0.25,22.0,8.0,9.0,5.0,0.7727272727272727,0.6467688303124008,0.35323116968759904,16458.126666666667,season-level roster proxy,-4.974472732619629,111.03136937618254,116.01596882836807,-4.886924113570264,111.56920566690839,116.46459237799931,27.805304893360287,12.379999999999999
2025,2024-25,CLE,1610612739,Cleveland Cavaliers,82,64,18,3951.0,121.0,111.8,9.2,0.631,2.13,19.6,0.296,0.7,0.505,0.131,0.578,0.607,100.31,83.59,8267,,2024,48.0,114.7,112.1,2.5,97.62,18.0,20441.821666666667,9483.0,981.0,26.666666666666668,0.5466666666666666,0.1776111111111111,-6.661111111111111,106.69444444444444,113.37222222222222,6639.32,3076.0,575.0,4.3999999999999995,82.0,2.497560975609756,114.74268292682926,112.24634146341464,97.63609756097561,-4.1850000000000005,0.4,18.0,20082.44,10176.0,3150.0,26.333333333333332,0.5625555555555555,0.173,2.5722222222222224,113.02222222222223,110.47222222222223,6828.856666666667,4348.0,1535.0,10.299999999999999,82.0,9.152439024390244,121.03170731707317,111.8719512195122,100.30121951219513,3.025,0.6,18.0,12.0,3.0,3.0,0.8333333333333334,0.8684310953653565,0.1315689046346433,17809.85666666667,season-level roster proxy,2.6699872654786474,113.5506754873752,110.87727736719572,3.7883187441082846,114.37588573559208,110.57903626836212,51.228460609092366,47.75
2025,2024-25,DAL,1610612742,Dallas Mavericks,82,39,43,3946.0,113.7,115.0,-1.3,0.601,1.8,18.2,0.271,0.694,0.488,0.14,0.549,0.583,100.15,83.46,8238,,2024,50.0,117.0,114.9,2.1,100.6,19.0,20261.614999999998,10144.0,474.0,25.894736842105264,0.5699473684210526,0.18442105263157896,-4.947368421052631,108.56315789473683,113.48947368421054,6965.046666666667,4448.0,199.0,0.9666666666666667,82.0,2.0,116.93780487804878,114.94268292682926,100.59621951219512,7.8199999999999985,0.8,19.0,20921.701666666668,9968.0,-725.0,26.789473684210527,0.6047894736842105,0.18394736842105264,-1.9421052631578946,109.80526315789474,111.75263157894737,6227.795,2626.0,-384.0,-3.033333333333333,82.0,-1.2768292682926827,113.70975609756098,114.98414634146343,100.15378048780488,-8.01,0.35,19.0,9.0,8.0,2.0,0.8947368421052632,0.48096981047458787,0.5190301895254124,22290.67833333333,season-level roster proxy,1.2026017676895882,114.80340164614404,113.60175010376162,1.4387451086400302,115.98089649483387,114.53511410387333,44.884611793328084,46.67
2025,2024-25,DEN,1610612743,Denver Nuggets,82,50,32,3971.0,118.9,115.1,3.8,0.683,2.17,21.1,0.311,0.709,0.52,0.14,0.573,0.604,100.67,83.89,8328,,2024,57.0,117.8,112.3,5.5,97.43,17.0,19705.0,9418.0,2155.0,27.058823529411764,0.5761764705882353,0.17541176470588238,0.4352941176470587,109.63529411764705,109.18235294117646,7702.895,4207.0,1726.0,10.4,82.0,5.469512195121951,117.86707317073171,112.3890243902439,97.43585365853659,9.379999999999999,0.75,17.0,19855.0,9902.0,1595.0,26.88235294117647,0.5514117647058824,0.16794117647058823,-1.3529411764705883,108.68235294117646,110.01176470588236,7839.411666666667,4687.0,1339.0,7.7,82.0,3.747560975609756,118.92439024390244,115.16707317073171,100.6798780487805,-0.43500000000000005,0.5,17.0,11.0,2.0,4.0,0.7647058823529411,0.8447315573150679,0.15526844268493234,16916.304999999997,season-level roster proxy,4.476727354663643,116.222662592885,111.73536816501401,6.062496266787692,117.55311289989149,111.47839432855967,57.36873992032677,55.85
2025,2024-25,DET,1610612765,Detroit Pistons,82,44,38,3961.0,114.6,112.5,2.1,0.618,1.78,18.6,0.305,0.714,0.511,0.147,0.547,0.58,100.27,83.56,8268,,2024,14.0,109.0,118.0,-9.0,100.45,23.0,20956.059999999998,8877.0,-3430.0,25.043478260869566,0.546695652173913,0.16230434782608696,-7.969565217391305,106.71739130434783,114.69565217391305,6069.1833333333325,3431.0,-1011.0,-7.733333333333333,82.0,-9.007317073170732,108.97317073170731,117.98414634146343,100.45975609756098,-11.075,0.2,19.0,21628.958333333336,10295.0,601.0,25.36842105263158,0.59,0.1936315789473684,6.38421052631579,115.98421052631578,109.61052631578947,7040.306666666667,4168.0,537.0,3.266666666666667,82.0,2.069512195121951,114.5439024390244,112.47560975609755,100.2839024390244,2.735,0.45,19.0,7.0,7.0,5.0,0.7368421052631579,0.518762531856372,0.48123746814362806,23266.538333333334,season-level roster proxy,-2.3459068363056153,112.49075978427675,114.86385430635973,-1.8890293705121666,113.39406386931933,115.32028863106221,35.89962069961715,16.7
2025,2024-25,GSW,1610612744,Golden State Warriors,82,48,34,3946.0,114.2,111.0,3.2,0.714,2.07,20.1,0.314,0.716,0.509,0.141,0.536,0.568,99.37,82.81,8173,,2024,46.0,116.9,114.5,2.4,99.91,18.0,19830.0,9657.0,1070.0,27.88888888888889,0.5501666666666667,0.16994444444444445,-0.7555555555555556,111.32777777777778,112.10555555555555,6673.96,4013.0,460.0,2.766666666666667,82.0,2.508536585365854,116.96951219512195,114.46463414634147,99.88658536585366,5.3,0.65,17.0,17249.981666666667,8286.0,1661.0,27.823529411764707,0.5347647058823529,0.18035294117647058,0.6294117647058826,110.49411764705883,109.87058823529412,6098.745,3243.0,715.0,4.833333333333333,82.0,3.1085365853658535,114.1560975609756,111.05243902439024,99.38439024390244,6.6450000000000005,0.7,17.0,10.0,4.0,3.0,0.8235294117647058,0.7168439643085939,0.283156035691406,17030.056666666667,season-level roster proxy,2.969118863765769,115.58279627959742,112.61634176398317,3.4744716132681597,116.1290592393206,112.65640694588707,50.38107335582403,47.480000000000004
2025,2024-25,HOU,1610612745,Houston Rockets,82,52,30,3956.0,114.9,110.3,4.6,0.549,1.68,16.4,0.363,0.715,0.533,0.14,0.523,0.553,99.03,82.53,8159,,2024,41.0,113.7,112.8,0.9,99.59,17.0,19855.0,9375.0,460.0,26.352941176470587,0.572529411764706,0.1781764705882353,0.8882352941176471,110.71176470588235,109.82941176470588,7709.653333333334,3924.0,130.0,0.3666666666666667,82.0,0.8304878048780487,113.69634146341464,112.86585365853658,99.59731707317073,4.205,0.7,18.0,20154.903333333335,9512.0,1786.0,26.166666666666668,0.5607222222222222,0.1768888888888889,1.2833333333333334,110.96666666666667,109.6888888888889,7480.348333333333,4227.0,783.0,5.033333333333333,82.0,4.4036585365853655,114.74756097560974,110.34024390243901,99.04902439024391,7.87,0.75,18.0,13.0,1.0,4.0,0.7777777777777778,0.9423300226069506,0.057669977393049396,20408.914999999997,season-level roster proxy,0.6888756131001249,112.15952905058077,111.48472997380475,0.49476280883699914,112.82303871444046,112.34930138176875,42.3358595838599,43.43
2025,2024-25,IND,1610612754,Indiana Pacers,82,50,32,3971.0,115.4,113.3,2.1,0.671,2.22,20.5,0.254,0.705,0.483,0.13,0.562,0.594,100.76,83.97,8341,,2024,47.0,120.5,117.6,2.9,102.16,18.0,19252.3,10134.0,948.0,25.555555555555557,0.5686666666666667,0.18711111111111112,-1.1555555555555557,110.98333333333333,112.14444444444445,6957.863333333333,4439.0,627.0,4.5,82.0,2.902439024390244,120.46829268292683,117.5670731707317,102.1589024390244,8.385,0.65,19.0,19912.923333333332,9633.0,944.0,26.05263157894737,0.5680526315789474,0.19126315789473683,1.2263157894736845,111.89999999999999,110.66842105263157,7171.881666666667,4057.0,736.0,4.566666666666666,82.0,2.1890243902439024,115.5439024390244,113.36707317073171,100.74926829268293,5.475,0.75,19.0,13.0,2.0,4.0,0.7894736842105263,0.918161987186756,0.08183801281324382,18724.896666666667,season-level roster proxy,2.2639444828266964,117.68320046803997,115.42124867088718,3.2268878438810438,118.90165552518036,115.67693593438082,49.712597178478816,48.83
2025,2024-25,LAC,1610612746,LA Clippers,82,50,32,3961.0,114.3,109.4,4.9,0.605,1.69,18.4,0.282,0.734,0.512,0.151,0.554,0.589,98.24,81.87,8099,,2024,51.0,117.9,114.6,3.4,97.93,18.0,19625.013333333332,9462.0,1332.0,28.77777777777778,0.5545,0.1816111111111111,-2.8111111111111113,111.09444444444445,113.89999999999999,7301.475,4476.0,1144.0,7.633333333333333,82.0,3.274390243902439,117.92926829268293,114.66219512195121,97.9289024390244,-0.89,0.5,17.0,19740.836666666666,9049.0,1909.0,28.647058823529413,0.5655882352941176,0.17629411764705882,1.282352941176471,109.61176470588236,108.34117647058824,7371.201666666667,4448.0,1210.0,8.133333333333333,82.0,4.941463414634146,114.38170731707316,109.43780487804878,98.26012195121952,13.48,0.85,17.0,7.0,8.0,2.0,0.8823529411764706,0.5268752039101762,0.47312479608982394,19866.795,season-level roster proxy,2.580593606903714,116.15275593437862,113.55879388195225,3.979602924892575,117.47867211188542,113.48632168530331,51.744927897209955,50.18
2025,2024-25,LAL,1610612747,Los Angeles Lakers,82,50,32,3946.0,115.0,113.8,1.2,0.635,1.86,18.9,0.273,0.702,0.495,0.142,0.557,0.593,98.34,81.95,8084,,2024,47.0,115.4,114.8,0.6,101.38,19.0,21724.18,10454.0,137.0,26.526315789473685,0.5300526315789473,0.17463157894736842,-7.863157894736842,106.08421052631579,113.95789473684209,7832.876666666667,4998.0,328.0,1.8,82.0,0.4878048780487803,115.41341463414633,114.92682926829268,101.3689024390244,4.1899999999999995,0.7,20.0,19286.356666666667,8691.0,468.0,27.55,0.5309999999999999,0.16260000000000002,-7.75,106.775,114.51500000000001,6863.363333333334,3960.0,299.0,2.1333333333333333,82.0,1.2060975609756097,115.02926829268293,113.82073170731707,98.33280487804878,-0.47999999999999987,0.5,20.0,7.0,8.0,5.0,0.75,0.5367359284039095,0.46326407159609034,17919.786666666667,season-level roster proxy,0.9726093651412517,113.72478347956523,112.74440278864927,0.776345006804088,114.40564396924566,113.62272851718228,43.09613151837104,42.62
2025,2024-25,MEM,1610612763,Memphis Grizzlies,82,48,34,3941.0,117.2,112.6,4.7,0.635,1.81,19.1,0.33,0.702,0.518,0.151,0.554,0.588,103.69,86.4,8513,,2024,27.0,106.8,113.7,-6.9,98.68,26.0,17328.911666666667,7996.0,-2358.0,25.576923076923077,0.5012307692307693,0.1821923076923077,-9.265384615384615,100.90384615384616,110.16538461538462,5185.085,3137.0,-816.0,-7.6000000000000005,82.0,-6.906097560975609,106.83414634146341,113.73414634146343,98.67414634146341,-8.34,0.3,19.0,19751.23,9527.0,1544.0,25.36842105263158,0.5446315789473685,0.1822105263157895,5.342105263157895,113.0578947368421,107.71052631578948,6529.47,3137.0,528.0,3.866666666666667,82.0,4.708536585365854,117.29268292682927,112.58414634146341,103.68243902439023,2.0999999999999996,0.5,19.0,10.0,4.0,5.0,0.7368421052631579,0.6554251821239417,0.34457481787605826,15444.381666666668,season-level roster proxy,-2.355159206222673,109.73924309476509,112.09036120902216,-1.8183943236045732,110.53971227861416,112.35201152855794,36.09033532626765,22.369999999999997
2025,2024-25,MIA,1610612748,Miami Heat,82,37,45,3986.0,112.4,112.0,0.4,0.653,1.94,19.2,0.263,0.724,0.496,0.138,0.544,0.576,97.08,80.9,8066,,2024,46.0,113.3,111.5,1.8,96.88,20.0,20440.718333333334,9610.0,327.0,27.4,0.54355,0.1833,-2.435,107.98499999999999,110.425,6571.726666666667,3502.0,373.0,3.033333333333333,82.0,1.6451219512195123,113.24634146341464,111.60000000000001,96.89926829268292,4.545,0.55,19.0,21966.763333333332,9825.0,-40.0,27.263157894736842,0.5312105263157895,0.17794736842105263,1.0473684210526315,106.74736842105263,105.70526315789475,7426.086666666666,3838.0,123.0,0.5666666666666668,82.0,0.4280487804878047,112.52560975609757,112.08902439024389,97.09646341463414,3.3949999999999996,0.4,19.0,10.0,4.0,5.0,0.7368421052631579,0.7039530430989231,0.29604695690107685,20317.638333333332,season-level roster proxy,-0.30933194089240845,111.27879011200694,111.61297820621049,0.26893028128654706,111.52090442174598,111.29087197413821,41.726111759473675,45.86
2025,2024-25,MIL,1610612749,Milwaukee Bucks,82,48,34,3951.0,115.1,112.7,2.4,0.607,1.91,18.7,0.235,0.725,0.491,0.133,0.568,0.598,99.92,83.26,8228,,2024,49.0,117.6,115.0,2.6,100.51,19.0,20559.806666666667,10033.0,1072.0,28.68421052631579,0.5635263157894738,0.18189473684210525,-4.368421052631579,108.37894736842104,112.7421052631579,7556.823333333334,4987.0,1006.0,6.233333333333333,82.0,2.548780487804878,117.63292682926829,115.07195121951219,100.5090243902439,-3.095,0.4,19.0,20911.763333333332,10029.0,508.0,27.0,0.5526842105263158,0.17468421052631578,-0.6157894736842104,108.15263157894738,108.78421052631579,7000.56,3733.0,446.0,3.0,82.0,2.3853658536585365,115.1829268292683,112.79512195121953,99.92780487804878,2.9,0.6,19.0,9.0,7.0,3.0,0.8421052631578947,0.6300406113273559,0.3699593886726443,19992.78,season-level roster proxy,0.008357333664119384,115.02031061546552,115.00024212907527,0.3397814147084139,115.7777135227236,115.42493316975248,41.91740981971272,48.02
2025,2024-25,MIN,1610612750,Minnesota Timberwolves,82,49,33,3966.0,115.7,110.8,5.0,0.637,1.81,18.7,0.3,0.709,0.507,0.146,0.554,0.588,97.95,81.62,8097,,2024,56.0,114.6,108.4,6.3,97.79,16.0,18972.021666666667,8959.0,2670.0,26.0625,0.578375,0.182875,7.01875,111.7125,104.70625,7556.955,3979.0,1117.0,7.0,82.0,6.235365853658537,114.75,108.51341463414634,97.81121951219512,5.0200000000000005,0.65,19.0,20055.34833333333,9519.0,2023.0,26.210526315789473,0.5312631578947368,0.1843157894736842,1.0789473684210527,107.52631578947368,106.45263157894736,7873.891666666666,4043.0,790.0,5.166666666666667,82.0,5.0634146341463415,115.86951219512194,110.80609756097562,97.95914634146341,11.209999999999999,0.8,19.0,10.0,4.0,5.0,0.7368421052631579,0.7086375673253756,0.29136243267462425,19562.33666666667,season-level roster proxy,5.67247467540091,114.69054053017864,109.036437501246,6.031538235943143,114.99094032588567,108.97989471409404,57.28515323704649,58.010000000000005
2025,2024-25,NOP,1610612740,New Orleans Pelicans,82,21,61,3951.0,109.7,119.1,-9.4,0.636,1.76,18.3,0.303,0.682,0.487,0.146,0.519,0.552,99.77,83.14,8212,,2024,49.0,116.5,111.9,4.6,98.7,19.0,19561.44,9392.0,1829.0,25.842105263157894,0.48957894736842106,0.18552631578947368,7.2,113.96315789473685,106.76315789473684,6686.888333333333,3760.0,569.0,4.033333333333333,82.0,4.6,116.4719512195122,111.8780487804878,98.69987804878049,2.04,0.6,22.0,19196.516666666666,8769.0,-3694.0,26.40909090909091,0.5445,0.18504545454545454,-9.931818181818182,106.95454545454545,116.89545454545454,5641.698333333334,2972.0,-1177.0,-9.833333333333334,82.0,-9.52560975609756,109.64634146341463,119.18048780487804,99.75439024390244,-14.025,0.2,22.0,7.0,9.0,6.0,0.7272727272727273,0.5376143887073072,0.4623856112926929,20275.53,season-level roster proxy,0.5446709736646428,114.30812822977583,113.77680643448862,0.4245152660617052,115.1816082484313,114.78268165580724,42.1461912183666,53.42
2025,2024-25,NYK,1610612752,New York Knicks,82,51,31,3976.0,117.3,113.3,4.0,0.634,2.07,19.6,0.305,0.71,0.508,0.134,0.556,0.589,97.64,81.37,8093,,2024,50.0,117.3,112.4,4.9,95.96,19.0,20790.175,9859.0,1299.0,27.157894736842106,0.505,0.17521052631578946,0.7736842105263158,106.45263157894736,105.67894736842106,7793.468333333333,4232.0,1020.0,6.3,82.0,5.024390243902439,117.37682926829268,112.35243902439024,95.96451219512196,9.205,0.7,19.0,19953.376666666667,9553.0,1697.0,27.105263157894736,0.5435263157894736,0.16668421052631577,-1.9684210526315788,107.96842105263158,109.96315789473685,8638.683333333334,3827.0,838.0,4.866666666666666,82.0,3.9390243902439024,117.22560975609755,113.29024390243902,97.65963414634146,3.2,0.55,19.0,6.0,8.0,5.0,0.7368421052631579,0.5429787854178375,0.45702121458216255,19991.045,season-level roster proxy,2.8043535743128993,114.68020938875384,111.875464230776,3.8327772343602544,115.25308691371728,111.41982855253956,51.34849853277269,54.230000000000004
2025,2024-25,OKC,1610612760,Oklahoma City Thunder,82,68,14,3941.0,119.2,106.6,12.7,0.602,2.29,18.9,0.281,0.704,0.496,0.116,0.56,0.593,100.9,84.09,8286,,2024,57.0,118.3,111.0,7.3,100.85,18.0,21197.763333333332,10301.0,2662.0,25.22222222222222,0.5586111111111111,0.16983333333333334,2.788888888888889,112.85,110.07222222222222,7211.455,4471.0,1383.0,9.366666666666667,82.0,7.134146341463414,118.27195121951219,111.14024390243902,100.87548780487806,5.975,0.7,18.0,19703.11666666667,9879.0,5272.0,25.0,0.5484444444444444,0.1721111111111111,7.727777777777778,111.82777777777778,104.08888888888889,6907.6033333333335,4693.0,1921.0,13.333333333333334,82.0,12.576829268292682,119.20365853658538,106.62926829268294,100.89817073170731,12.89,0.85,18.0,11.0,2.0,5.0,0.7222222222222222,0.8035719735743609,0.19642802642563884,20041.395000000004,season-level roster proxy,7.440237152486973,117.04541041180016,109.6061658632046,7.691121833960619,117.55516080572473,109.86403897176409,61.76602895169367,60.71
2025,2024-25,ORL,1610612753,Orlando Magic,82,41,41,3946.0,108.9,109.1,-0.2,0.603,1.62,17.1,0.302,0.72,0.501,0.147,0.51,0.55,96.51,80.43,7935,,2024,47.0,112.9,110.8,2.2,97.37,18.0,19780.0,9058.0,830.0,25.0,0.5652222222222222,0.17994444444444443,1.788888888888889,110.61666666666666,108.8111111111111,7160.708333333333,4168.0,250.0,1.7666666666666666,82.0,2.153658536585366,112.90853658536585,110.75731707317074,97.38804878048781,2.71,0.55,16.0,18422.075,8669.0,98.0,25.4375,0.5173125000000001,0.1846875,-0.78125,108.36875,109.15,6115.525,3512.0,350.0,2.6333333333333333,82.0,-0.10487804878048777,108.99634146341464,109.0951219512195,96.52170731707317,4.9350000000000005,0.6,16.0,12.0,2.0,2.0,0.875,0.8983211134527391,0.10167888654726084,17100.32166666667,season-level roster proxy,1.188620759862899,111.48261369937192,110.27896098055852,0.7731892873620388,111.52617884818595,110.73447821882999,43.087611075877504,46.94
2025,2024-25,PHI,1610612755,Philadelphia 76ers,82,24,58,3961.0,111.0,117.3,-6.3,0.584,1.7,17.1,0.279,0.678,0.471,0.138,0.527,0.563,98.13,81.77,8098,,2024,47.0,116.2,113.0,3.1,98.17,20.0,20987.743333333332,9964.0,1458.0,28.5,0.5629500000000001,0.17105,2.925,114.83,111.9,7153.475,4033.0,591.0,3.6333333333333333,82.0,2.9658536585365853,116.1219512195122,113.15365853658537,98.16048780487804,2.5149999999999997,0.6,23.0,19446.931666666667,9139.0,-2447.0,27.17391304347826,0.5372173913043479,0.1886521739130435,-6.747826086956521,108.24347826086957,114.98695652173912,6051.475,3367.0,-643.0,-5.133333333333334,82.0,-6.347560975609756,111.0280487804878,117.3780487804878,98.13621951219513,-10.309999999999999,0.15,23.0,6.0,10.0,7.0,0.6956521739130435,0.42496273702886656,0.5750372629711334,19086.195,season-level roster proxy,3.184569781107933,114.88082933764431,111.7104082994716,3.9267337769691353,116.11509809045621,112.2069218119235,51.60218119781666,49.370000000000005
2025,2024-25,PHO,1610612756,Phoenix Suns,82,36,46,3966.0,114.7,117.7,-3.0,0.673,1.97,20.0,0.264,0.709,0.493,0.142,0.561,0.595,98.31,81.93,8121,,2024,49.0,116.8,113.7,3.1,99.0,18.0,20707.218333333334,9826.0,1072.0,28.38888888888889,0.5616111111111111,0.17438888888888887,-3.933333333333333,109.01666666666667,112.94999999999999,7750.593333333334,4887.0,869.0,5.233333333333333,82.0,3.1500000000000004,117.03048780487805,113.88780487804877,99.01780487804878,3.835,0.65,18.0,21059.495,9714.0,-1397.0,28.444444444444443,0.5632222222222222,0.18588888888888888,-1.7277777777777779,110.63888888888889,112.35555555555555,7233.168333333333,4399.0,-307.0,-2.2333333333333334,82.0,-2.932926829268293,114.76219512195122,117.69634146341464,98.29817073170732,-5.615,0.35,18.0,6.0,8.0,4.0,0.7777777777777778,0.6287178964241656,0.37128210357583424,18991.978333333336,season-level roster proxy,0.050864299111546024,114.41665430325978,114.36579000414824,0.2683692635308336,115.05657044761105,114.78820118408022,41.72459701153325,49.370000000000005
2025,2024-25,POR,1610612757,Portland Trail Blazers,82,36,46,3956.0,111.0,113.7,-2.7,0.587,1.49,16.9,0.332,0.682,0.501,0.16,0.521,0.555,99.51,82.92,8192,,2024,21.0,107.6,116.6,-9.0,97.88,19.0,19591.826666666668,8615.0,-3564.0,24.473684210526315,0.5303157894736842,0.1783157894736842,-10.06842105263158,105.05263157894737,115.12105263157896,5379.078333333333,2920.0,-1164.0,-10.433333333333332,82.0,-8.991463414634145,107.68414634146342,116.6719512195122,97.89170731707317,-11.709999999999999,0.2,19.0,19834.43,9115.0,-1216.0,24.63157894736842,0.5234736842105263,0.1808421052631579,-3.9631578947368418,103.38947368421053,107.33684210526316,7092.280000000001,3565.0,-472.0,-3.133333333333333,82.0,-2.573170731707317,111.18170731707316,113.76219512195122,99.51048780487804,-1.055,0.4,19.0,15.0,3.0,1.0,0.9473684210526315,0.8439150771672729,0.1560849228327275,21008.79833333333,season-level roster proxy,-8.72484824810304,107.03322161294487,115.76280864548896,-8.66993261924779,107.8190562924149,116.50238616352719,17.591181928030966,16.7
2025,2024-25,SAC,1610612758,Sacramento Kings,82,40,42,3976.0,115.9,115.3,0.6,0.615,1.99,18.8,0.294,0.728,0.51,0.133,0.548,0.582,98.91,82.42,8189,,2024,46.0,116.2,114.4,1.8,99.46,20.0,19857.683333333334,9558.0,718.0,26.7,0.5601499999999999,0.16604999999999998,3.3299999999999996,111.03,107.69500000000001,8175.3516666666665,4731.0,440.0,2.6,82.0,1.6817073170731704,116.13780487804877,114.4560975609756,99.46670731707317,6.085,0.5,19.0,20079.525,9792.0,184.0,27.736842105263158,0.5137368421052632,0.16421052631578947,2.405263157894737,112.08421052631579,109.69473684210526,7980.268333333333,4376.0,86.0,0.5333333333333333,82.0,0.6195121951219513,115.97560975609755,115.35731707317072,98.91499999999999,-4.685,0.35,19.0,6.0,8.0,5.0,0.7368421052631579,0.49494154399628415,0.5050584560037157,19301.838333333337,season-level roster proxy,0.39485783003570546,114.14187293731865,113.75415684499133,1.6244103176956097,115.38502704658782,113.76945618692166,45.38590785777815,45.86
2025,2024-25,SAS,1610612759,San Antonio Spurs,82,34,48,3946.0,113.5,116.3,-2.8,0.685,2.06,20.1,0.278,0.69,0.485,0.138,0.544,0.575,100.08,83.4,8231,,2024,22.0,109.3,115.6,-6.4,101.8,18.0,19171.12,8914.0,-2531.0,23.5,0.5691111111111111,0.1773888888888889,-3.3444444444444446,108.42222222222222,111.75555555555555,6579.018333333333,2955.0,-657.0,-4.633333333333334,82.0,-6.2926829268292686,109.41097560975611,115.70487804878047,101.81560975609756,-1.5449999999999997,0.45,18.0,20653.281666666666,10207.0,-1045.0,25.666666666666668,0.5403888888888889,0.1802777777777778,1.8833333333333333,112.37777777777778,110.49444444444445,6763.363333333334,3193.0,-90.0,-1.0666666666666667,82.0,-2.7804878048780486,113.56219512195122,116.34268292682927,100.07658536585366,-3.7949999999999995,0.4,18.0,10.0,5.0,3.0,0.8333333333333334,0.6235444231063775,0.3764555768936225,21219.25,season-level roster proxy,-3.1651919915485545,110.16049898873274,113.31907495159662,-3.4207652287707346,110.6816497251639,114.0980719930039,31.763933882319016,23.72
2025,2024-25,TOR,1610612761,Toronto Raptors,82,30,52,3961.0,109.6,113.6,-4.1,0.685,1.86,19.6,0.311,0.696,0.5,0.152,0.522,0.553,100.62,83.85,8297,,2024,25.0,111.8,118.1,-6.3,99.91,22.0,19397.706666666665,8874.0,-2506.0,26.045454545454547,0.5268636363636363,0.17427272727272727,-7.804545454545456,105.81818181818181,113.62272727272726,6073.183333333333,3321.0,-372.0,-2.9333333333333336,82.0,-6.336585365853659,111.82682926829267,118.16341463414633,99.94695121951219,-14.329999999999998,0.1,21.0,18809.978333333333,8957.0,-1711.0,25.19047619047619,0.5217619047619048,0.18376190476190477,-3.7428571428571424,107.92857142857143,111.68095238095239,5741.6033333333335,3142.0,-483.0,-3.9333333333333336,82.0,-4.126829268292683,109.58902439024389,113.70731707317073,100.64048780487805,0.3099999999999996,0.5,21.0,9.0,7.0,5.0,0.7619047619047619,0.7467237124958808,0.2532762875041191,14965.744999999999,season-level roster proxy,-3.2236955015158504,111.73336773411549,114.96181910756866,-2.6801538868907415,112.71921141524626,115.4091514734177,33.763584505394995,23.99
2025,2024-25,UTA,1610612762,Utah Jazz,82,17,65,3961.0,110.2,119.4,-9.2,0.633,1.48,17.9,0.311,0.705,0.508,0.17,0.533,0.568,100.85,84.04,8322,,2024,31.0,114.5,119.6,-5.1,100.26,18.0,16885.103333333333,8444.0,-1867.0,24.22222222222222,0.5537222222222222,0.1821111111111111,-5.277777777777778,111.54444444444444,116.82777777777778,5998.4,3459.0,-824.0,-6.733333333333334,82.0,-5.124390243902439,114.49268292682926,119.61829268292684,100.28500000000001,-11.855,0.15,18.0,19597.204999999998,9085.0,-3669.0,24.22222222222222,0.5477777777777777,0.1761111111111111,-7.672222222222222,108.51111111111112,116.16666666666667,5705.341666666666,2899.0,-1201.0,-9.933333333333334,82.0,-9.298780487804878,110.28170731707317,119.57439024390244,100.86170731707317,-15.470000000000002,0.1,18.0,10.0,4.0,4.0,0.7777777777777778,0.883777257827056,0.11622274217294407,14700.823333333334,season-level roster proxy,-4.394311395710943,113.51271695213441,117.9114050641608,-4.9320270291547414,113.56242423007515,118.49841481371908,27.683527021282195,27.23
2025,2024-25,WAS,1610612764,Washington Wizards,82,18,64,3946.0,105.8,118.0,-12.2,0.637,1.61,17.8,0.272,0.685,0.476,0.152,0.512,0.546,101.82,84.85,8371,,2024,15.0,110.2,118.9,-8.7,103.07,18.0,18007.368333333332,8729.0,-3531.0,24.833333333333332,0.5525,0.18805555555555556,-4.3277777777777775,106.90555555555555,111.24444444444445,6883.34,4011.0,-1443.0,-9.533333333333333,82.0,-8.649999999999999,110.21463414634147,118.86219512195123,103.08012195121951,-6.609999999999999,0.3,18.0,18379.106666666667,7978.0,-4203.0,24.77777777777778,0.548,0.17883333333333332,-10.316666666666666,104.62777777777778,114.9388888888889,6406.183333333333,2925.0,-1943.0,-14.033333333333333,82.0,-12.208536585365854,105.80975609756098,118.02317073170731,101.82280487804877,-13.73,0.25,18.0,8.0,5.0,5.0,0.7222222222222222,0.6607215839226601,0.3392784160773397,12335.871666666668,season-level roster proxy,-6.47270548237167,109.53926223021936,116.01615040580161,-7.0250618249767465,109.6082957637956,116.6381639072547,22.032333072562782,17.51
2026,2025-26,ATL,1610612737,Atlanta Hawks,82,46,36,3951.0,115.0,112.9,2.2,0.691,2.13,20.4,0.291,0.702,0.495,0.138,0.554,0.584,102.5,85.42,8444,,2025,40.0,113.7,114.8,-1.1,103.41,18.0,20510.37,9689.0,47.0,25.72222222222222,0.5860555555555556,0.17472222222222222,-0.30555555555555547,109.57777777777778,109.9,7374.156666666667,3902.0,9.0,0.26666666666666666,82.0,-0.9865853658536584,113.82195121951219,114.81585365853658,103.40719512195122,3.95,0.6,21.0,22242.295,10777.0,389.0,25.80952380952381,0.5610952380952381,0.17080952380952383,-0.7761904761904762,109.33333333333333,110.0952380952381,7654.3150000000005,4146.0,737.0,4.466666666666667,92.0,0.6510869565217392,114.0141304347826,113.36304347826086,102.30630434782609,-0.5849999999999994,0.55,21.0,7.0,12.0,2.0,0.9047619047619048,0.42702556004656733,0.5729744399534326,20775.653333333335,season-level roster proxy,-0.3648275160540478,111.82620146241688,112.16698939752557,-0.7920438147369591,112.76913357623783,113.537337127795,38.86148170021021,38.03
2026,2025-26,BOS,1610612738,Boston Celtics,82,56,26,3946.0,120.0,111.7,8.3,0.585,1.99,18.0,0.336,0.71,0.525,0.129,0.553,0.583,95.58,79.65,7850,,2025,61.0,119.5,110.1,9.4,96.59,17.0,19801.843333333334,9551.0,3693.0,27.823529411764707,0.5495294117647059,0.16994117647058826,4.452941176470588,112.81764705882354,108.35882352941177,7468.306666666666,4324.0,1504.0,9.833333333333334,82.0,9.454878048780488,119.68048780487804,110.22682926829269,96.5970731707317,11.120000000000001,0.85,17.0,19363.978333333333,9303.0,2875.0,26.88235294117647,0.5510588235294118,0.17088235294117646,3.6882352941176473,113.34117647058824,109.66470588235293,7623.318333333333,4650.0,1345.0,8.6,93.0,8.005376344086022,119.18709677419355,111.18064516129031,95.90354838709678,6.909999999999999,0.65,17.0,8.0,5.0,4.0,0.7647058823529411,0.740281578858454,0.25971842114154575,17314.155000000002,season-level roster proxy,6.540461354693119,117.29743830024239,110.7759087001358,7.139679689046095,117.97844886440727,110.86001453788579,60.27713516042446,66.38
2026,2025-26,BRK,1610612751,Brooklyn Nets,82,20,62,3951.0,108.2,118.2,-10.0,0.668,1.59,18.3,0.287,0.687,0.478,0.161,0.52,0.559,97.6,81.34,8028,,2025,26.0,108.1,115.4,-7.3,96.73,20.0,18025.398333333334,8008.0,-2770.0,24.0,0.5182,0.1989,-6.8950000000000005,103.995,110.875,5838.32,2312.0,-1182.0,-9.866666666666667,82.0,-7.160975609756098,108.25243902439026,115.41829268292682,96.73695121951219,-9.004999999999999,0.25,20.0,19652.836666666666,8414.0,-3739.0,24.15,0.5660999999999999,0.1815,-9.309999999999999,107.06500000000001,116.35499999999999,5389.033333333333,2878.0,-1049.0,-9.4,86.0,-9.26046511627907,108.67093023255815,117.92790697674418,97.73953488372094,-13.235,0.25,20.0,6.0,5.0,9.0,0.55,0.5542905835592741,0.4457094164407259,13630.663333333334,season-level roster proxy,-5.08556228249102,109.16120225501376,114.26638877198201,-4.938159594031636,109.35354511315836,114.3124474954596,27.66696909611458,21.29
2026,2025-26,CHI,1610612741,Chicago Bulls,82,31,51,3951.0,112.1,117.4,-5.3,0.672,1.86,19.5,0.279,0.708,0.496,0.148,0.547,0.58,103.22,86.01,8506,,2025,39.0,113.2,114.8,-1.6,103.61,20.0,19984.666666666668,9219.0,-752.0,24.95,0.59295,0.1672,-3.175,111.39500000000001,114.55999999999999,6845.1483333333335,3880.0,-307.0,-2.1,82.0,-1.6280487804878048,113.3451219512195,114.97317073170731,103.61573170731707,6.76,0.75,20.0,17976.988333333335,8620.0,-1713.0,24.65,0.54375,0.1864,-10.41,106.97,117.38,5731.9783333333335,3085.0,-630.0,-5.033333333333333,87.0,-5.068965517241379,112.10344827586206,117.17241379310344,103.45275862068965,-7.859999999999999,0.3,20.0,6.0,11.0,3.0,0.85,0.45021228244673406,0.5497877175532659,17877.518333333333,season-level roster proxy,-2.6042125720096685,111.53587930875193,114.13263912189156,-3.0206421517870723,111.88246402317515,114.88586998075877,32.844266190174906,36.68
2026,2025-26,CHO,1610612766,Charlotte Hornets,82,44,38,3951.0,118.4,113.5,4.9,0.643,1.71,18.6,0.358,0.722,0.539,0.157,0.552,0.589,97.59,81.33,8033,,2025,19.0,106.7,115.7,-9.1,98.22,22.0,18609.108333333334,8274.0,-3505.0,25.5,0.535909090909091,0.18963636363636363,-9.481818181818182,104.67727272727274,114.15,5420.713333333333,2990.0,-753.0,-6.1000000000000005,82.0,-9.042682926829269,106.72804878048781,115.7670731707317,98.22256097560975,-13.194999999999999,0.25,19.0,19459.068333333333,9391.0,1998.0,24.68421052631579,0.5402631578947369,0.1645263157894737,0.6263157894736842,110.10000000000001,109.48947368421054,6955.424999999999,4257.0,885.0,6.266666666666667,89.0,4.21123595505618,118.01573033707865,113.8056179775281,97.96707865168538,6.33,0.65,19.0,8.0,7.0,4.0,0.7894736842105263,0.6644976511822774,0.33550234881772273,14488.139999999998,season-level roster proxy,-5.296356594658343,107.97343981583099,113.22802850009273,-5.741642081797811,107.56596450430051,113.25482680870935,25.49756637914591,16.43
2026,2025-26,CLE,1610612739,Cleveland Cavaliers,82,52,30,3951.0,118.3,114.1,4.1,0.653,2.02,19.7,0.307,0.692,0.502,0.138,0.561,0.595,100.7,83.91,8286,,2025,64.0,121.0,111.8,9.2,100.31,18.0,20082.44,10176.0,3150.0,26.333333333333332,0.5625555555555555,0.173,2.5722222222222224,113.02222222222223,110.47222222222223,6828.856666666667,4348.0,1535.0,10.299999999999999,82.0,9.152439024390244,121.03170731707317,111.8719512195122,100.30121951219513,3.025,0.6,22.0,21219.906666666666,10610.0,1310.0,27.227272727272727,0.5567272727272727,0.1755909090909091,1.8454545454545455,115.53636363636365,113.67272727272729,6854.846666666666,4784.0,693.0,4.8999999999999995,104.0,2.465384615384615,116.51346153846154,114.04519230769232,100.10086538461539,-3.9,0.45,22.0,10.0,8.0,4.0,0.8181818181818182,0.5617508736542255,0.43824912634577445,20896.425,season-level roster proxy,5.993556625116497,116.45372901505083,110.46431278715536,7.344363629970536,117.75292303117918,110.40562850997281,60.82978180092044,65.84
2026,2025-26,DAL,1610612742,Dallas Mavericks,82,26,56,3971.0,110.3,115.5,-5.2,0.604,1.74,17.7,0.279,0.702,0.492,0.141,0.527,0.564,102.62,85.52,8484,,2025,39.0,113.7,115.0,-1.3,100.15,19.0,20921.701666666668,9968.0,-725.0,26.789473684210527,0.6047894736842105,0.18394736842105264,-1.9421052631578946,109.80526315789474,111.75263157894737,6227.795,2626.0,-384.0,-3.033333333333333,82.0,-1.2768292682926827,113.70975609756098,114.98414634146343,100.15378048780488,-8.01,0.35,19.0,20244.748333333333,9308.0,-2527.0,25.894736842105264,0.5642631578947368,0.1678421052631579,-4.910526315789474,108.39473684210526,113.3157894736842,6772.078333333333,3546.0,-823.0,-5.566666666666666,86.0,-4.354651162790698,110.31976744186046,114.66627906976743,102.71058139534884,-9.1,0.25,19.0,9.0,5.0,5.0,0.7368421052631579,0.7964816926300576,0.2035183073699424,15267.758333333335,season-level roster proxy,-2.104613611144618,111.35596196996829,113.4725934444644,-2.5576166960815736,111.88729503697039,114.45974265223444,34.09443492057975,37.49
2026,2025-26,DEN,1610612743,Denver Nuggets,82,54,28,3986.0,121.2,116.0,5.2,0.665,2.25,20.3,0.286,0.717,0.511,0.128,0.577,0.616,99.49,82.91,8259,,2025,50.0,118.9,115.1,3.8,100.67,17.0,19855.0,9902.0,1595.0,26.88235294117647,0.5514117647058824,0.16794117647058823,-1.3529411764705883,108.68235294117646,110.01176470588236,7839.411666666667,4687.0,1339.0,7.7,82.0,3.747560975609756,118.92439024390244,115.16707317073171,100.6798780487805,-0.43500000000000005,0.5,19.0,21040.050000000003,10269.0,1966.0,27.157894736842106,0.5765789473684211,0.1784736842105263,2.831578947368421,115.98947368421054,113.16315789473684,7044.046666666667,4783.0,1188.0,7.366666666666667,93.0,4.256989247311828,119.71935483870968,115.46129032258064,99.47763440860216,5.925,0.75,19.0,10.0,7.0,2.0,0.8947368421052632,0.5867799112960382,0.4132200887039618,23772.331666666665,season-level roster proxy,0.4501437981227335,115.29000065131738,114.8346774496037,1.9489313189492437,117.42276973654683,115.46115257683707,46.26211456116296,51.26
2026,2025-26,DET,1610612765,Detroit Pistons,82,60,22,3961.0,117.3,108.9,8.4,0.641,1.84,19.1,0.354,0.689,0.524,0.151,0.546,0.583,99.88,83.23,8231,,2025,44.0,114.6,112.5,2.1,100.27,19.0,21628.958333333336,10295.0,601.0,25.36842105263158,0.59,0.1936315789473684,6.38421052631579,115.98421052631578,109.61052631578947,7040.306666666667,4168.0,537.0,3.266666666666667,82.0,2.069512195121951,114.5439024390244,112.47560975609755,100.2839024390244,2.735,0.45,19.0,20304.096666666665,9869.0,3257.0,25.789473684210527,0.5482631578947368,0.1754736842105263,9.426315789473684,113.51052631578946,104.08421052631579,6260.683333333333,3835.0,1534.0,11.5,100.0,7.434,116.30799999999999,108.875,99.1995,5.639999999999999,0.6,19.0,11.0,7.0,1.0,0.9473684210526315,0.614161537676393,0.38583846232360697,19790.553333333333,season-level roster proxy,1.051709148775695,112.6208385532761,111.59665958472442,2.838873915076586,114.21525982276256,111.39639403962181,48.664959570706785,46.67
2026,2025-26,GSW,1610612744,Golden State Warriors,82,37,45,3961.0,113.8,114.4,-0.5,0.706,1.85,20.0,0.302,0.684,0.49,0.156,0.549,0.584,100.05,83.37,8255,,2025,48.0,114.2,111.0,3.2,99.37,17.0,17249.981666666667,8286.0,1661.0,27.823529411764707,0.5347647058823529,0.18035294117647058,0.6294117647058826,110.49411764705883,109.87058823529412,6098.745,3243.0,715.0,4.833333333333333,82.0,3.1085365853658535,114.1560975609756,111.05243902439024,99.38439024390244,6.6450000000000005,0.7,19.0,18615.218333333334,8966.0,-35.0,29.210526315789473,0.584578947368421,0.18973684210526315,-2.0842105263157897,112.00526315789473,114.07894736842105,5741.46,2431.0,-39.0,-0.7333333333333331,89.0,-0.5516853932584269,113.52247191011236,114.07640449438202,100.36258426966293,-6.545,0.3,19.0,9.0,7.0,3.0,0.8421052631578947,0.7226507205203577,0.27734927947964216,16566.036666666667,season-level roster proxy,4.747483837916573,114.34740571623347,109.60116509460822,5.493677644403664,115.0719462941508,109.57408446125325,55.83292963988989,49.64
2026,2025-26,HOU,1610612745,Houston Rockets,82,52,30,3981.0,117.5,112.1,5.4,0.591,1.65,17.8,0.388,0.701,0.545,0.157,0.542,0.576,96.98,80.82,8042,,2025,52.0,114.9,110.3,4.6,99.03,18.0,20154.903333333335,9512.0,1786.0,26.166666666666668,0.5607222222222222,0.1768888888888889,1.2833333333333334,110.96666666666667,109.6888888888889,7480.348333333333,4227.0,783.0,5.033333333333333,82.0,4.4036585365853655,114.74756097560974,110.34024390243901,99.04902439024391,7.87,0.75,16.0,19905.0,9449.0,2140.0,27.9375,0.5455,0.1780625,3.75625,113.5125,109.7625,8498.338333333333,4684.0,973.0,5.7,92.0,5.058695652173912,117.0163043478261,111.95326086956523,97.11467391304348,8.05,0.65,16.0,9.0,7.0,0.0,1.0,0.6451711485457279,0.354828851454272,17020.88666666667,season-level roster proxy,4.435328271186812,113.85455952549279,109.42315888948988,5.121371911422811,114.90090569460642,109.78899593001027,54.82770416084159,53.42
2026,2025-26,IND,1610612754,Indiana Pacers,82,19,63,3951.0,110.1,117.9,-7.8,0.678,1.91,19.4,0.263,0.695,0.475,0.142,0.533,0.568,101.78,84.81,8377,,2025,50.0,115.4,113.3,2.1,100.76,19.0,19912.923333333332,9633.0,944.0,26.05263157894737,0.5680526315789474,0.19126315789473683,1.2263157894736845,111.89999999999999,110.66842105263157,7171.881666666667,4057.0,736.0,4.566666666666666,82.0,2.1890243902439024,115.5439024390244,113.36707317073171,100.74926829268293,5.475,0.75,21.0,18931.093333333334,8885.0,-2812.0,27.0,0.5522380952380952,0.1728095238095238,-7.733333333333333,105.51428571428572,113.25714285714287,5795.628333333333,3335.0,-1082.0,-8.9,86.0,-7.801162790697674,110.08023255813953,117.8813953488372,101.84372093023255,-6.685,0.2,21.0,10.0,7.0,4.0,0.8095238095238095,0.6280877175876669,0.371912282412333,18614.815000000002,season-level roster proxy,1.6084264961358283,112.65545564111164,111.02079748487067,2.0891582081505624,113.06351861200282,110.95299606685124,46.64072716200652,46.67
2026,2025-26,LAC,1610612746,LA Clippers,82,42,40,3956.0,116.3,115.2,1.1,0.586,1.66,17.7,0.284,0.681,0.49,0.147,0.559,0.602,97.29,81.07,8019,,2025,50.0,114.3,109.4,4.9,98.24,17.0,19740.836666666666,9049.0,1909.0,28.647058823529413,0.5655882352941176,0.17629411764705882,1.282352941176471,109.61176470588236,108.34117647058824,7371.201666666667,4448.0,1210.0,8.133333333333333,82.0,4.941463414634146,114.38170731707316,109.43780487804878,98.26012195121952,13.48,0.85,20.0,18893.15166666667,8683.0,182.0,28.45,0.5528,0.17545,-6.590000000000001,109.12,115.705,6186.206666666667,3344.0,317.0,2.2666666666666666,87.0,1.6666666666666667,116.43103448275862,114.76206896551723,97.31919540229886,2.995,0.55,20.0,7.0,8.0,5.0,0.75,0.392802532379506,0.6071974676204941,20443.486666666664,season-level roster proxy,3.22578422695672,114.63095143913809,111.42668738339809,3.1779677423652104,114.94370969460842,111.79284806311401,49.58051290438607,54.230000000000004
2026,2025-26,LAL,1610612747,Los Angeles Lakers,82,53,29,3941.0,117.0,115.5,1.5,0.615,1.79,18.7,0.285,0.7,0.499,0.146,0.573,0.609,99.22,82.68,8156,,2025,50.0,115.0,113.8,1.2,98.34,20.0,19286.356666666667,8691.0,468.0,27.55,0.5309999999999999,0.16260000000000002,-7.75,106.775,114.51500000000001,6863.363333333334,3960.0,299.0,2.1333333333333333,82.0,1.2060975609756097,115.02926829268293,113.82073170731707,98.33280487804878,-0.47999999999999987,0.5,18.0,20083.361666666668,9766.0,735.0,26.944444444444443,0.5833888888888888,0.17222222222222222,-2.4833333333333334,112.01666666666667,114.5,6339.126666666666,4073.0,301.0,2.1333333333333333,98.0,0.1622448979591837,115.25714285714287,115.1,98.72204081632653,-0.7950000000000004,0.55,18.0,9.0,7.0,2.0,0.8888888888888888,0.6616149305862955,0.33838506941370455,19070.56166666667,season-level roster proxy,0.3205676689997854,113.23499645221075,112.8985593240262,1.1057019373971386,114.26523115622587,113.14909435695013,43.98539523097227,44.24
2026,2025-26,MEM,1610612763,Memphis Grizzlies,82,25,57,3946.0,112.4,118.4,-6.0,0.673,1.85,19.2,0.301,0.663,0.478,0.148,0.533,0.57,101.69,84.74,8365,,2025,48.0,117.2,112.6,4.7,103.69,19.0,19751.23,9527.0,1544.0,25.36842105263158,0.5446315789473685,0.1822105263157895,5.342105263157895,113.0578947368421,107.71052631578948,6529.47,3137.0,528.0,3.866666666666667,82.0,4.708536585365854,117.29268292682927,112.58414634146341,103.68243902439023,2.0999999999999996,0.5,25.0,17656.56,8183.0,-2714.0,25.16,0.5446,0.1894,-10.552,107.67200000000001,118.22,5133.04,2506.0,-245.0,-2.566666666666667,87.0,-6.19080459770115,112.4919540229885,118.68505747126437,101.90344827586208,-17.605,0.1,25.0,9.0,6.0,10.0,0.6,0.7981612689414369,0.2018387310585632,15683.098333333332,season-level roster proxy,2.624459271918952,113.14997989874239,110.50322642454049,4.565049365427911,114.92324064241346,110.33356594031703,53.32563328665536,53.69
2026,2025-26,MIA,1610612748,Miami Heat,82,43,39,3941.0,115.8,113.6,2.1,0.663,2.12,19.5,0.296,0.703,0.499,0.131,0.542,0.58,104.22,86.85,8561,,2025,37.0,112.4,112.0,0.4,97.08,19.0,21966.763333333332,9825.0,-40.0,27.263157894736842,0.5312105263157895,0.17794736842105263,1.0473684210526315,106.74736842105263,105.70526315789475,7426.086666666666,3838.0,123.0,0.5666666666666668,82.0,0.4280487804878047,112.52560975609757,112.08902439024389,97.09646341463414,3.3949999999999996,0.4,17.0,19704.858333333334,9911.0,955.0,25.88235294117647,0.5716470588235294,0.18541176470588236,4.4941176470588236,112.34705882352942,107.86470588235295,6548.493333333334,3665.0,484.0,2.966666666666667,89.0,1.1528089887640451,114.92022471910111,113.77078651685393,104.21865168539325,-1.2249999999999994,0.45,17.0,10.0,3.0,4.0,0.7647058823529411,0.8166691068432501,0.18333089315674983,17587.525,season-level roster proxy,0.8838062016495591,111.55239605913852,110.66803193361962,0.877655885492928,111.84022713091065,110.96257124541772,43.3696708908309,42.08
2026,2025-26,MIL,1610612749,Milwaukee Bucks,82,32,50,3951.0,112.2,118.3,-6.1,0.633,1.7,18.9,0.263,0.695,0.482,0.154,0.565,0.589,98.33,81.94,8087,,2025,48.0,115.1,112.7,2.4,99.92,19.0,20911.763333333332,10029.0,508.0,27.0,0.5526842105263158,0.17468421052631578,-0.6157894736842104,108.15263157894738,108.78421052631579,7000.56,3733.0,446.0,3.0,82.0,2.3853658536585365,115.1829268292683,112.79512195121953,99.92780487804878,2.9,0.6,20.0,20367.005,9475.0,-2592.0,27.25,0.5912,0.20675,-3.6449999999999996,110.15,113.78,6557.219999999999,2936.0,-550.0,-4.333333333333333,86.0,-5.7,112.07674418604651,117.7720930232558,98.6203488372093,-12.73,0.25,20.0,11.0,5.0,4.0,0.8,0.7417828796169136,0.2582171203830863,20542.628333333334,season-level roster proxy,1.4948863813840114,112.88211923060479,111.42041891426258,1.7488303346621878,113.75477916477229,112.04356427205286,45.72184190358791,47.480000000000004
2026,2025-26,MIN,1610612750,Minnesota Timberwolves,82,49,33,3956.0,115.6,112.5,3.1,0.612,1.76,18.3,0.302,0.691,0.499,0.145,0.559,0.592,101.5,84.59,8372,,2025,49.0,115.7,110.8,5.0,97.95,19.0,20055.34833333333,9519.0,2023.0,26.210526315789473,0.5312631578947368,0.1843157894736842,1.0789473684210527,107.52631578947368,106.45263157894736,7873.891666666666,4043.0,790.0,5.166666666666667,82.0,5.0634146341463415,115.86951219512194,110.80609756097562,97.95914634146341,11.209999999999999,0.8,19.0,21370.421666666665,10466.0,1264.0,26.94736842105263,0.6153157894736843,0.16810526315789473,2.221052631578947,114.53157894736842,112.32105263157894,7484.38,3496.0,802.0,5.066666666666666,100.0,2.1790000000000003,114.473,112.304,101.4812,-2.5100000000000002,0.5,19.0,11.0,6.0,2.0,0.8947368421052632,0.7723968216079033,0.22760317839209682,21847.315,season-level roster proxy,2.6091036968768626,113.39711276496296,110.78802097649071,4.277816859394424,114.66584422301922,110.3880273636248,52.550105520364944,54.5
2026,2025-26,NOP,1610612740,New Orleans Pelicans,82,26,56,3961.0,113.3,117.6,-4.4,0.596,1.77,17.6,0.311,0.674,0.491,0.139,0.527,0.568,101.37,84.47,8363,,2025,21.0,109.7,119.1,-9.4,99.77,22.0,19196.516666666666,8769.0,-3694.0,26.40909090909091,0.5445,0.18504545454545454,-9.931818181818182,106.95454545454545,116.89545454545454,5641.698333333334,2972.0,-1177.0,-9.833333333333334,82.0,-9.52560975609756,109.64634146341463,119.18048780487804,99.75439024390244,-14.025,0.2,18.0,18908.406666666666,9149.0,-1761.0,25.5,0.5595555555555555,0.17166666666666666,-5.844444444444445,111.73333333333333,117.57222222222224,6698.116666666667,3860.0,-643.0,-4.533333333333334,86.0,-3.8767441860465115,113.4186046511628,117.28720930232559,101.47755813953488,-2.0449999999999995,0.35,18.0,7.0,5.0,6.0,0.6666666666666666,0.6793514706722917,0.32064852932770843,12421.643333333332,season-level roster proxy,-7.761006326860134,108.4971143780493,116.26875134342131,-8.429378018131617,108.48992924392044,116.93138474268014,18.240679351044633,15.619999999999997
2026,2025-26,NYK,1610612752,New York Knicks,82,53,29,3951.0,118.7,112.3,6.4,0.643,2.01,19.4,0.328,0.715,0.522,0.139,0.557,0.59,97.71,81.43,8046,,2025,51.0,117.3,113.3,4.0,97.64,19.0,19953.376666666667,9553.0,1697.0,27.105263157894736,0.5435263157894736,0.16668421052631577,-1.9684210526315788,107.96842105263158,109.96315789473685,8638.683333333334,3827.0,838.0,4.866666666666666,82.0,3.9390243902439024,117.22560975609755,113.29024390243902,97.65963414634146,3.2,0.55,18.0,20635.816666666666,9875.0,2419.0,26.61111111111111,0.5682777777777778,0.16672222222222222,2.683333333333333,112.21111111111111,109.52777777777777,7603.5233333333335,4612.0,1029.0,6.366666666666667,107.0,7.764485981308411,118.33364485981309,110.5766355140187,97.46401869158878,13.690000000000001,0.8,18.0,12.0,5.0,1.0,0.9444444444444444,0.7832801853489206,0.21671981465107923,21391.006666666668,season-level roster proxy,2.5873994008697108,115.38525399770808,112.81980922823954,3.424452745545626,116.93031709575325,113.52942431335231,50.24602241297319,51.8
2026,2025-26,OKC,1610612760,Oklahoma City Thunder,82,64,18,3971.0,117.6,106.5,11.1,0.598,2.05,18.5,0.264,0.697,0.49,0.124,0.561,0.599,100.37,83.64,8301,,2025,68.0,119.2,106.6,12.7,100.9,18.0,19703.11666666667,9879.0,5272.0,25.0,0.5484444444444444,0.1721111111111111,7.727777777777778,111.82777777777778,104.08888888888889,6907.6033333333335,4693.0,1921.0,13.333333333333334,82.0,12.576829268292682,119.20365853658538,106.62926829268294,100.89817073170731,12.89,0.85,18.0,20005.695,9840.0,4597.0,25.5,0.5717222222222222,0.1845,6.566666666666666,112.82222222222222,106.24444444444445,6302.285,3958.0,1998.0,14.933333333333335,103.0,9.76504854368932,116.9242718446602,107.15242718446602,100.07184466019417,7.1899999999999995,0.7,18.0,13.0,1.0,4.0,0.7777777777777778,0.9688355196522953,0.03116448034770458,18989.300000000003,season-level roster proxy,13.170790901542798,118.81404327700335,105.64050216876521,13.430611881928492,119.41533541328349,105.98884636825619,77.26265208120694,75.28999999999999
2026,2025-26,ORL,1610612753,Orlando Magic,82,45,37,3966.0,114.2,113.6,0.6,0.647,1.87,18.6,0.306,0.71,0.505,0.14,0.531,0.576,100.56,83.8,8310,,2025,41.0,108.9,109.1,-0.2,96.51,16.0,18422.075,8669.0,98.0,25.4375,0.5173125000000001,0.1846875,-0.78125,108.36875,109.15,6115.525,3512.0,350.0,2.6333333333333333,82.0,-0.10487804878048777,108.99634146341464,109.0951219512195,96.52170731707317,4.9350000000000005,0.6,18.0,19330.193333333333,9471.0,284.0,25.333333333333332,0.5709444444444444,0.17833333333333334,0.13888888888888903,113.4388888888889,113.3111111111111,7546.081666666667,4168.0,222.0,1.4000000000000001,95.0,0.8189473684210524,113.67894736842105,112.8578947368421,100.30526315789474,-1.5,0.55,18.0,11.0,4.0,3.0,0.8333333333333334,0.8868884972071334,0.11311150279286686,17895.291666666664,season-level roster proxy,-0.08915776263309479,108.67837205782715,108.75999220465349,0.8765172511258511,109.55555132186815,108.6674080901519,43.3665965780398,40.46
2026,2025-26,PHI,1610612755,Philadelphia 76ers,82,45,37,3976.0,114.3,114.4,-0.1,0.589,1.81,17.4,0.306,0.678,0.491,0.134,0.53,0.572,100.39,83.66,8314,,2025,24.0,111.0,117.3,-6.3,98.13,23.0,19446.931666666667,9139.0,-2447.0,27.17391304347826,0.5372173913043479,0.1886521739130435,-6.747826086956521,108.24347826086957,114.98695652173912,6051.475,3367.0,-643.0,-5.133333333333334,82.0,-6.347560975609756,111.0280487804878,117.3780487804878,98.13621951219513,-10.309999999999999,0.15,20.0,20326.268333333333,9643.0,-351.0,27.3,0.54505,0.1796,-5.135,108.19000000000001,113.32000000000001,7490.145,4185.0,178.0,0.7666666666666666,98.0,-1.5918367346938775,113.05306122448981,114.64489795918368,99.8665306122449,-4.540000000000001,0.45,20.0,10.0,7.0,3.0,0.85,0.6859007168027791,0.314099283197221,17782.901666666665,season-level roster proxy,-5.239673718415471,109.00842501237848,114.26236745577985,-5.0828547894936955,110.38847519568095,115.49893403849899,27.27629206836702,23.99
2026,2025-26,PHO,1610612756,Phoenix Suns,82,45,37,3951.0,114.2,112.9,1.4,0.601,1.7,17.6,0.331,0.677,0.498,0.147,0.537,0.568,98.14,81.79,8083,,2025,36.0,114.7,117.7,-3.0,98.31,18.0,21059.495,9714.0,-1397.0,28.444444444444443,0.5632222222222222,0.18588888888888888,-1.7277777777777779,110.63888888888889,112.35555555555555,7233.168333333333,4399.0,-307.0,-2.2333333333333334,82.0,-2.932926829268293,114.76219512195122,117.69634146341464,98.29817073170732,-5.615,0.35,19.0,19766.53,9215.0,602.0,26.31578947368421,0.5622105263157895,0.17257894736842105,0.9526315789473687,111.13157894736842,110.17894736842106,6641.285,3445.0,288.0,1.3333333333333333,92.0,0.8391304347826088,113.90326086956522,113.06847826086955,98.13652173913043,-1.4149999999999998,0.35,19.0,6.0,7.0,6.0,0.6842105263157895,0.46583293273233206,0.5341670672676677,19519.283333333336,season-level roster proxy,-1.378697484624179,112.33597933496532,113.74054241233242,-0.5854523563175914,112.88217631939825,113.50631467658626,39.419278637942504,32.9
2026,2025-26,POR,1610612757,Portland Trail Blazers,82,42,40,3951.0,113.1,113.5,-0.4,0.616,1.46,17.3,0.354,0.688,0.517,0.169,0.534,0.57,101.63,84.69,8370,,2025,36.0,111.0,113.7,-2.7,99.51,19.0,19834.43,9115.0,-1216.0,24.63157894736842,0.5234736842105263,0.1808421052631579,-3.9631578947368418,103.38947368421053,107.33684210526316,7092.280000000001,3565.0,-472.0,-3.133333333333333,82.0,-2.573170731707317,111.18170731707316,113.76219512195122,99.51048780487804,-1.055,0.4,19.0,20379.835,9811.0,-33.0,25.68421052631579,0.5560526315789474,0.1836842105263158,-2.3631578947368426,106.60526315789474,108.97368421052632,7024.258333333333,3632.0,62.0,0.5666666666666667,92.0,-1.183695652173913,112.53695652173913,113.7195652173913,101.68130434782609,3.84,0.6,19.0,11.0,3.0,5.0,0.7368421052631579,0.7878151523295486,0.2121848476704513,17587.52666666667,season-level roster proxy,-0.8472878884997662,110.98617563811324,111.81414800982056,-0.6786460627515488,111.86280337366857,112.51899090516116,39.16765563057082,33.71
2026,2025-26,SAC,1610612758,Sacramento Kings,82,22,60,3951.0,110.6,120.3,-9.7,0.615,1.78,18.2,0.298,0.685,0.487,0.143,0.525,0.56,100.12,83.43,8233,,2025,40.0,115.9,115.3,0.6,98.91,19.0,20079.525,9792.0,184.0,27.736842105263158,0.5137368421052632,0.16421052631578947,2.405263157894737,112.08421052631579,109.69473684210526,7980.268333333333,4376.0,86.0,0.5333333333333333,82.0,0.6195121951219513,115.97560975609755,115.35731707317072,98.91499999999999,-4.685,0.35,20.0,19063.329999999998,8960.0,-3630.0,27.9,0.5553,0.17745,-8.41,109.49000000000001,117.91,6251.32,2986.0,-1268.0,-9.033333333333333,86.0,-9.56046511627907,110.66976744186047,120.23023255813952,100.17976744186045,-6.975,0.4,20.0,7.0,10.0,3.0,0.85,0.6415388619136827,0.3584611380863172,20576.851666666666,season-level roster proxy,-0.005834314951485427,114.40951615452025,114.41827726966008,0.9558841427774605,115.61085405671572,114.65793513854477,43.580887185499144,42.62
2026,2025-26,SAS,1610612759,San Antonio Spurs,82,62,20,3946.0,118.7,110.4,8.4,0.646,2.09,19.5,0.306,0.724,0.521,0.133,0.559,0.595,100.72,83.93,8275,,2025,34.0,113.5,116.3,-2.8,100.08,18.0,20653.281666666666,10207.0,-1045.0,25.666666666666668,0.5403888888888889,0.1802777777777778,1.8833333333333333,112.37777777777778,110.49444444444445,6763.363333333334,3193.0,-90.0,-1.0666666666666667,82.0,-2.7804878048780486,113.56219512195122,116.34268292682927,100.07658536585366,-3.7949999999999995,0.4,19.0,19521.551666666666,9744.0,3473.0,27.0,0.6093157894736843,0.16489473684210526,-4.8315789473684205,108.89999999999999,113.7421052631579,6541.26,3179.0,1536.0,11.233333333333334,111.0,8.383783783783784,117.73963963963965,109.35675675675677,100.19459459459459,7.76,0.55,19.0,10.0,6.0,3.0,0.8421052631578947,0.7690734204175426,0.23092657958245716,19231.32166666667,season-level roster proxy,-1.0952152187841482,113.07121516955888,114.18451087561756,-1.1973860509441068,113.25220199179324,114.47179016655596,37.76705766245091,33.44
2026,2025-26,TOR,1610612761,Toronto Raptors,82,46,36,3956.0,115.0,112.1,2.9,0.692,2.16,20.5,0.3,0.693,0.496,0.137,0.546,0.581,99.22,82.68,8177,,2025,30.0,109.6,113.6,-4.1,100.62,21.0,18809.978333333333,8957.0,-1711.0,25.19047619047619,0.5217619047619048,0.18376190476190477,-3.7428571428571424,107.92857142857143,111.68095238095239,5741.6033333333335,3142.0,-483.0,-3.9333333333333336,82.0,-4.126829268292683,109.58902439024389,113.70731707317073,100.64048780487805,0.3099999999999996,0.5,18.0,19534.94,9369.0,1112.0,25.77777777777778,0.5212777777777777,0.17566666666666667,-4.194444444444445,106.5,110.69999999999999,7515.948333333334,4253.0,426.0,2.8333333333333335,95.0,2.2726315789473683,114.24,111.97263157894737,99.4981052631579,3.6350000000000002,0.5,18.0,12.0,3.0,3.0,0.8333333333333334,0.887129514598138,0.11287048540186195,16231.465,season-level roster proxy,-4.2569078124905335,108.20708548694363,112.46073405368317,-4.590674554142355,108.00253743495577,112.58692315201293,28.60517870381564,29.93
2026,2025-26,UTA,1610612762,Utah Jazz,82,22,60,3966.0,112.7,120.8,-8.2,0.696,1.91,19.9,0.298,0.693,0.492,0.149,0.536,0.575,103.54,86.28,8558,,2025,17.0,110.2,119.4,-9.2,100.85,18.0,19597.204999999998,9085.0,-3669.0,24.22222222222222,0.5477777777777777,0.1761111111111111,-7.672222222222222,108.51111111111112,116.16666666666667,5705.341666666666,2899.0,-1201.0,-9.933333333333334,82.0,-9.298780487804878,110.28170731707317,119.57439024390244,100.86170731707317,-15.470000000000002,0.1,22.0,20684.178333333333,10262.0,-3195.0,25.363636363636363,0.5752727272727273,0.17472727272727273,-7.245454545454546,110.75,117.9909090909091,5574.695,3147.0,-1039.0,-8.633333333333333,86.0,-7.9581395348837205,112.96162790697676,120.9186046511628,103.50383720930232,-9.855,0.2,22.0,10.0,6.0,6.0,0.7272727272727273,0.7118376272037398,0.28816237279626017,17321.785,season-level roster proxy,-6.800767703790343,109.88613755260594,116.66603084882225,-7.129156975973305,110.10806625489857,117.21211939556719,21.751276164872074,16.16
2026,2025-26,WAS,1610612764,Washington Wizards,82,17,65,3951.0,109.7,121.5,-11.8,0.599,1.6,17.6,0.285,0.664,0.471,0.152,0.535,0.566,102.49,85.41,8442,,2025,18.0,105.8,118.0,-12.2,101.82,18.0,18379.106666666667,7978.0,-4203.0,24.77777777777778,0.548,0.17883333333333332,-10.316666666666666,104.62777777777778,114.9388888888889,6406.183333333333,2925.0,-1943.0,-14.033333333333333,82.0,-12.208536585365854,105.80975609756098,118.02317073170731,101.82280487804877,-13.73,0.25,22.0,18312.15,8711.0,-4456.0,24.636363636363637,0.5842727272727273,0.19236363636363638,-8.240909090909092,109.23636363636363,117.4590909090909,5370.7266666666665,2299.0,-1644.0,-14.066666666666668,85.0,-11.467058823529412,109.62470588235294,121.09294117647059,102.5149411764706,-14.940000000000001,0.05,22.0,7.0,8.0,7.0,0.6818181818181818,0.559082354714826,0.440917645285174,18373.548333333332,season-level roster proxy,-7.21298991512164,107.77219368532425,114.99940473301791,-7.850916785002712,107.7883753901001,115.65044848498064,19.802524680492674,8.060000000000002
